headword,pos,definition,clarifier,example_runyankore,example_english,section
a,n,first letter of the Roman alphabet,,,,A
aa,int,"a word used to express wonder, surprise or astonishment",,,,A
aba,adj,used to refer to more than one person,these,Aba n'aboojo.,These are boys.,A
aba,prep,belonging to a person or place,"of, for",Aba Kampala.,The ones of Kampala.,A
abaana,n,,,,,A
abaana,,school children,,,,A
abaanyu,n,someone's relatives,,,,A
abaawe,n,a word used to refer to one's family members,,,,A
abacwezi,n,a group of people who are believed to have lived in the ancient Nkole kingdom and were associated with spiritual powers,,,,A
abahitsi,n,undertakers for burrying a king,,,,A
abahuruzi,n,soldiers with experience and skill in fighting especially in the past,warriors,Abahuruzi baaraba aha beekoreire ebintu ebi baanyaga.,Worriors have passed here carrying loot.,A
abaitu,n,a word used to refer to my relatives,our relatives,,,A
abambari,n,favoured male people who used to work in the palace,,,,A
abaregye,n,"people who are not on one's side, opposers, competitors",enemies,,,A
abaregyera,n,a type of cows that are known for moving very fast and can move long distances,,,,A
abarongo,n,,,,,A
abaroreezi,n,uninvited people who watch what is going on at a ceremony,onlookers,,,A
abarungi,adj,beautiful or good looking people,,,,A
abarungi,adj,good hearted people,,,,A
abaryakamwe,n,people who share common interests,intimate friends,,,A
abashendekyereza,n,,,,,A
abashendekyeza,n,people who accompany a bride when she is getting married,,,,A
abashomi,n,believers or religious people those who have faith,,,,A
abashomi,n,,,,,A
abatangaaza,n,a name that was given to the cows for Ntare one of the former kings of Ankole,,,,A
abatangaazi,n,people who brought cows to Buganda when there was drought in Ankole in the first half of the 20th century,,,,A
abateruzi,n,men who carry luggage,potters,,,A
abateruzi,n,people who used to lift makeshift brides,,,,A
abatuukurani,n,people who were killed by swords or spears,,,,A
Abayonga,n,dark people especially of the Bahinda clan,,,,A
abaziiki,n,people who attend a burial,mourners,,,A
abaziiki,n,undertakers,,,,A
abeeteeraine,n,people who come together for a common cause,,,,A
agandi,int,how are you?,greeting,Agandi sebo?,"How are you, sir?",A
ahaasi,prep,,,,,A
ahabiso,adv,an unclosed place and abit distant,,,,A
ahabiso,adv,in future,,,,A
ahabw'okuba,conj,because,,,,A
ahagati,adv,bordered by two things,between,,,A
ahagati,adv,being at the centre,,,,A
ahaifo,adv,a place at a lower level compared to the other,,,,A
ahaiguru,adv,the space above something,above,,,A
ahakuba,conj,,,,,A
ahamaisho,n,"front part of the head that comprises of the eyes, nose and the mouth",face,,,A
ahamusikye,adv,,,,,A
ahamweija,adv,a word used to refer to a place already talked about and known to two or more people,,,,A
ahandi,pron,undisclosed place,somewhere,,,A
ahandi,pron,another place,elsewhere,,,A
ahansi,adv,"the place beneath, or under",,,,A
ahantu,pron,"an area, or part of region or place",,,,A
ahanyima,adv,indicating sequence of events,,Ahanyima ho tukaba twateisize ngu tuze kumutaayaayira.,Earlier on we had agreed to go and visit her.,A
ahanyima,adv,afterwards,,,,A
aharubaju,adv,on the side out of other people's hearing,,,,A
aharuguru,adv,an area that is above the other in terms of position,raised area,,,A
aheekiikire,adv,a place which cannot be easily seen or accessed,,,,A
aheeru,adv,out of a designated place,outside,,,A
aheeru,adv,,,,,A
aho,adv,at a particular position of a place,there,,,A
ahonaaho,adv,acting swifly,quickly,,,A
ahonaaho,adv,increasing on the pace of doing something,,,,A
ahonaaho,adv,doing something in time,,,,A
ai,int,often used when a person is annoyed or shocked,,,,A
ai,int,"a response to something bad, e.g. pain",,,,A
ai nuunu,phr,"expression to mean oh, how good!",,,,A
aima,int,shame up on you!,expression of disgust,,,A
-aitu,adj,belonging to or connected with a group that one is part of,us/our,Ente yaitu ebuzire.,Our cow got lost.,A
akaabunga,n,up in the sky,,,,A
akaakiiro,n,too much urgue for something to drink,thirst,,,A
akaaku,n,trunk of an elephant that it uses for feeding and protection,,,,A
akaamunaana,n,explaining beyond the truth of the matter,exaggeration,,,A
akaanirampanga,n,a bird of prey with hooked bill and sharp eye sight,hawk,,,A
akaano,n,low lying part between hills,valley,Enjura egwire akaano kaijura amaizi.,It rained and filled the valley.,A
akaanya,n,shortest period of time,,Nimbaasa kugambaho naiwe akaanya kakye?,Can I talk to you for a moment?,A
akaanya,n,space between people or things,distance,Kuruga aha irwariro kuhika owaabo hariho akaanya.,It is a bit far from the hospital to their home.,A
akaanya-bwanya,n,shortest time possible,a short time,,,A
akaara-kahera,n,small finger,toe or inger,empeta akagijwara omu kaara-kahera.,He put the ring in the smallest finger.,A
akaari,n,a loud cry of happiness or excitement,ululation,,,A
akaaro,n,a group of households in a rural setting,small village,,,A
akaatika,n,a line on the surface of something along which it has split,small crack,Enyungu egi eine akaatika.,This pot has got a crack.,A
akaaya,n,a type of swamp,,,,A
akabaaho,n,a sawed piece of wood,small piece of timber,,,A
akabaaho,n,a designed piece of wood that is inserted in the nose of a calfto stop it from suckling,,,,A
akabaaho,n,a place where convicts are hanged,gallows,,,A
akabaare,n,a small stone used for sucking venon from the body,blackstone,,,A
akababa-bahiigi,n,a small caterpillar,,,,A
akababagazi,n,initial stage of flowering,,Obushaza bwahika aha kababagazi.,Peas have reached the flowering stage.,A
akabanda,n,"a thin flat round cake of sweetened dough, yellow bananas and cassava flour",pancake,,,A
akabi,n,likehood of being injured or killed,danger or trouble,,,A
akabibiro,n,small seed basket that is used in sowing,small basket,,,A
akabibiro,n,covered area outside a house which is often enclosed,verandah,,,A
akabindi,n,nose of a buffalo or hyena,,,,A
akabindirano,adv,to be taken in an impromptu manner,,Bamutwarire omu kabindirano k'okukwata embura-mukoro.,He was taken in an impromptu operation to arrest idlers.,A
akabindirano,adv,love galore,unditional excessive love,,,A
akabogye,n,sitting sideways with legs tucked inward,,Omushaija yaashitama kabogye.,The man is seated with his legs tucked inward.,A
akabonero,n,a sign of a cross,a sign,Yaakora akabonero k'omusharaba arikutaaha omu iramizo.,He made a sign of the cross when he was entering the church.,A
akabonero,n,a mark used to show evidence or meaning of something,,,,A
akabubi,n,vagina membrane,hymen,,,A
akabumbuzo,n,a place where everything is peaceful,calm place,,,A
akaburyo,n,small hill,hillock,,,A
akabuuza,n,a punctuation mark used to pause a question,question mark,,,A
akaca,n,sparrow-hawk,,Akaca kaatwara akaana k'enkoko.,A sparrow-hawk has taken a chick.,A
akacabari,n,the act of stroking the clitoris during sexual intercourse,,,,A
akacancabari,n,an old torn cloth,rags,,,A
akacebe,n,,,,,A
akaceceko,n,a quiet moment,"lull, silence",,,A
akacencuzo,n,a sieve.,,,,A
akaceremete,n,a person who is thin and short.,,,,A
akacookore,n,blemish.,,,,A
akacookorekane,n,many small facts about something or someone.,detail,,,A
akacuju,n,a very old cloth.,,,,A
akacumu,n,instrument for writing in ink.,pen,Omushomesa yaahandiikisa akacumu karikutukura omu kitabo kyangye.,The teacher has written in my book with a red pen.,A
akacurama,n,a flying mammal.,bat,,,A
akacwa mabunu,n,penis.,,,,A
akacwabazaire,n,very small insect with a long narrow body and many pairs of legs.,millipede,,,A
akacwa-mboro,n,,,,,A
akacwa-mburara,n,a type of snake.,,,,A
akacwankoni,n,a noctunal bird that whistles.,,,,A
akacwano,adj,something done excessively.,,Rukondo yaabo n'ey'akacwano.,They love each other so much.,A
akadeeya,n,a sack made of sythentic fibres.,,Eibiikiro riijwire obudeeya bw'ebicoori.,The store is full of sucks of maize.,A
akadobo,n,pail or bucket.,,Titwayeshera nte ahabw'okuba akadobo kaatikire.,We have not given water to the cows because the bucket got broken.,A
akaduukuru,n,a small room in a prison.,cell,,,A
akafuba,n,,,,,A
akafubire,n,written or pictorial matter intended to arouse sexual feelings.,pornography,,,A
akafubire,n,a task beset with unusual problems.,,,,A
akafunzi,n,a tiny reddish bird.,fire-finch,,,A
akagarani,n,"an air tight sealed container for preserving food, made of a tin plate or aluminium.",,,,A
akagayano,n,,,,,A
akagiigya,n,a certain type of grass normally planted in the compound.,,,,A
akagiiko,n,small spoon used for stirring tea.,tea spoon,,,A
akagirita,n,a sharp small razor that is used to shave or cut.,razor blade,,,A
akagombambure,n,a protruding bone where the leg is joined to the foot.,ankle,,,A
akagombamburi,n,,,,,A
akagoroda,n,a bracelet.,bungle,,,A
akagwe,n,unexpected bad situation.,calamity,,,A
akagyega,n,"basket with handles, used for shopping.",,,,A
akagyegyena,n,"instrument used for seperating solids from liquids, coarser from finer particles.",sieve,,,A
akagyenda-kahiire,n,a brownish grasshopper.,,Naakwata eseeneene nyingi kwonka akagyenda kahiire ni kamwe.,I have gathered many grasshoppers but there is only one brownish grasshopper.,A
akagyogo,n,a small bottle of 250ml used for measuring spirits.,,,,A
akahararo,n,the act of befriending or being in love with someone or something that is still new for a short period of time.,infatuation,,,A
akahatano,n,competetion for something.,,Nyomwabazyo haabaireho akahatano k'okuvuga emotoka.,Yesterday there was a motor rally.,A
akaheehe,n,a condition where someone gets excited on hearing or getting something good.,excitement,Ti kirungi kugira akaheehe ebintu ebi bitakarabiremu.,It is not good to get excited over things you have not yet recieved.,A
akaheehe,n,the act of doing something due to influence from people of the same age.,peer influence,,,A
akahimba,n,clitoris.,,,,A
akaho,n,an eye disease that causes temporaryloss of sight temporarily.,,,,A
akahoiho,n,a small moth.,,Akahoiho kagwa omu mate.,A small moth has fallen in the milk.,A
akahoiho,n,,,,,A
akahugye,n,"a state of uncertainity about what is happening, what should be done, what something means, etc.",confusion,Naashusha nk'oine akahugye.,,A
akahugye,n,mental disorder.,,Omwana akazaarwa aine akahugye.,A child was born with a mental disorder.,A
akahumbi,n,"a number of things equivalent to one thousand millions; 1,000,000,000.",one billion,,,A
akahuna,n,a state of confusion.,,Omukazi akagwa omu kahuna ku baamazire kwiba enshaho ye.,The woman was in a state of confusion after stealing her bag.,A
akahuna,n,a game played by children where one taps another and the tapped child runs after the other to tap him or her also.,,,,A
akahundu,n,,,,,A
akahungabeebe,n,a small flying termite.,,,,A
akahungambeba,n,,,,,A
akahuumuro,n,a short break from daily routine.,,,,A
akahuuna,n,,,,,A
akahwihwi,n,,,,,A
akaiba,n,a small dove which stays in the bush.,,,,A
akaibo,n,a small basket in which mingled millet is served.,,,,A
akaicokombe,n,,,,,A
akaimukiriro,n,a state of confusion where people move up and down to show their disagreement.,upraising,,,A
akainiko,n,the act of helping someone to complete the task.,,,,A
akaishebakami,n,space between the leg and the udder in a cow.,,,,A
akaisikonda,n,,,,,A
akaitanda,n,a tiny snake-like lizard with a very smooth skin and normally found in dry grass.,,,,A
akaitanyenje,n,a tablet used to deter crawling insects from destroying clothes.,insect repellant,,,A
akajagararo,n,,,,,A
akajagiro,n,a place where people meet to buy and sell their goods.,market,,,A
akajengyeijo,n,,,,,A
akajoina,n,,,,,A
akajoogano,n,,,,,A
akajoogo,n,contempt.,,,,A
akajugo,n,a pen cover.,,,,A
akajuma,n,a small solid piece of medicine that is swallowed.,tablet,,,A
akajuma,n,a small seed.,,,,A
akajunde,n,an unpleasant smell.,stench,Omu nju omu nihanuukamu akajunde.,There is an unpleasant smell in this house.,A
akakaikuru,n,one million.,,Nguzire eitaka naashashura akakaikuru kamwe.,I bought land at one million shillings.,A
akakangaasi,n,,,,,A
akakangaatsi,n,,,,,A
akakiiko,n,a group of people elected to do a certain task.,"council, committee or subcommittee",,,A
akakiiko,n,short meeting.,,Twagiraho akakiiko k'eshaaha emwe.,We had a short meeting for one hour.,A
akakiro,n,a small hillock.,,Okutemba akakiro nikurusya.,It is tiresome to climb a hillock.,A
akakoki,n,a small water course or a gulley: a small valley.,,,,A
akakoma,n,a rubber or plastic bracelet.,,Omwishiki ajwaire akakoma aha mukono.,The girl is putting on a rubber or plastic bracelet on her arm.,A
akakondo,n,a small cooking pot for beans that is made of clay.,,,,A
akakondo,n,a sliding bar or metal for fastening a door or window.,bolt,,,A
akakondo,n,a high-heeled shoe.,,,,A
akakooko,n,a creature with six legs and body divided into three parts.,insect,,,A
akakooko,n,"a living thing often too small to be seen without a microscope that causes infectious diseases in human beings, animals and plants.","germ, bacterium, virus",Bamukyebeire baashanga aine akakooko ka siriimu.,They tested him and found that he has a virus that causes AIDS.,A
akakwate,n,the connection between two people or two things.,relationship,Omushaija ogu mwineho akakwate kahango.,I have a strong relationship with this man.,A
akakyencuzo,n,a tool used for seperating larger solids from smaller ones.,sieve,Oburo baabuta aha kakyencuzo kwihamu amabaare.,They have put millet on the sieve to remove stones.,A
akakyenkye,n,a traditional musical instrument in Kigezi and Ankole which produces sound after shaking.,seed-tray musical instrumental,,,A
akame,n,"a small animal with soft fur, long ears, and a short tail which is kept by people as a pet or for food.","rabbit, hare",,,A
akameshu,n,a device used for trapping animals especially rats.,rat trap,,,A
akamoori,n,"an opening in the wall, especially on top of the window, which allows air in and out of the house.",ventilator,Ahaiguru y'edirisa hariho akamoori.,There is a ventilator above the window.,A
akamwenyo,n,an expression of happiness expressed on one's face.,smile,"Ku baamugambira amakuru marungi, yaagira akamwenyo ahamaisho.","When they told him the good news, there was a smile on his face.",A
akanaara,n,a device that helps to transmit sound in telecommunication equipment.,booster,Omu kyaro kyaitu harimu akanaara ka reediyo.,There is a radio booster in our village.,A
akanga-kaizi,n,"neither there nor here, just in between.",,Akagwa omu kanga kaizi.,He had no specific place.,A
akangara-teete,n,"to lead a hard life; staying outside with no shelte, living under harsh conditions.",to suffer,,,A
akangari,adj,a large number of things.,plenty,Eriizooba yaateeka akangari k'ebitakuri.,Today she has cooked a lot sweet potatoes.,A
akanono,n,the topmost part of the house.,tip of the roof,Bakatandikira aha kanono ku baabaire nibasheenya enju.,"When they were demolishing the house, they started from the top most part.",A
akanuriirizi,n,sweet taste.,,Akanuriirizi k'omu switi kagikundisa abaana bato.,The sweet taste in a sweet makes children like it.,A
akanwa,n,the opening in the face used for speaking eating etc.,mouth,,,A
akanwa kabi,adj,saying things that are rude or offesive.,foul mouth,,,A
akanwa kabi,adj,saying bad things which happen.,,,,A
akanyaiganja,n,"an animal with paws such, as a cat, lion, dog, leopard, e.t.c.",,,,A
akanyamakaakya,n,one of the plants from whose stems a walking stick is made.,,,,A
akanyampagara,n,poor quality bunch of banana.,,Endeeberera mbi y'orutookye neetuma rwateera obunyampagara.,Poor farming methods lead to poor quality bananas.,A
akanyampatiira,n,state of being over crowded.,,Akanyampatiira k'abantu tikaanyikiriza kureeba purezidenti.,I failed to see the president due to the presence of very many people.,A
akanyampira,n,a small insect that stings the eye when it falls there.,,,,A
akanyampiringita,n,something shorter ог smaller than others of the same type.,,Omukazi akazaara obwana bugufu bw'obunyampiringita.,A woman gave birth to short dwarf children.,A
akanyamuhebe,n,a small black and white bird with a long tail.,,,,A
akanyamukara,n,nut grass.,,,,A
akanyamukira,n,dung maggot.,,,,A
akanyamukira,n,a small amphibious creature that lives in water and developes into a frog.,tad pole,,,A
akanyamuniini,n,a fresh fried grasshopper.,,,,A
akanyamuntinda,n,small snail.,,,,A
akanyamurera,n,a musical instrument.,flute,,,A
akanyamwenyi,n,squirrel.,,,,A
akanyancooni,n,an undeveloped banana.,,,,A
akanyangarara,n,"a crack on a breakable item such as a door, glass, pot, calabash that lifespan is rendered uncertain.",crack,Enkyeka ey'akanyangarara otatamu amaizi.,Do not put water into the cracked calabash.,A
akanyankogote,n,an animal that walks slowly and can pull its head and legs into the shell on its back.,tortoise,Nkashutamira akanyankogote nkeetsire eibare.,I sat on the tortoise thinking it was a stone.,A
akanyantebo,adv,hitting someone with a kick.,,,,A
akanyarugondo,n,type of snake which is not poisonous.,,,,A
akanyarugondo,n,"spotted lizard found in sandy areas such as beaches, coasts or sand mines.",,,,A
akanyarukira,n,a black and white bird with a long tail.,,,,A
akanyarutookye,n,a type of bird commonly found in banana plantations.,lourie,,,A
akanyarutwe,n,,,,,A
akanyegyero,n,,,,,A
akanyiriri,n,a group of words that form one section in the Bible.,verse or line,,,A
akanyiriri,n,small line.,,,,A
akanyitsi,n,the minimum worth of something.,value,Ogwo mwenda otagunaga gukiinemu akanyitsi.,"Do not throw away that cloth, it still has value.",A
akanyoga,n,a banana in its early stages of development.,,,,A
akanyomo,n,a feeling of uncertainty. displeasure.,,,,A
akanyongotoko,adv,being over cooked or over ripe.,,"Ebihimba byasya akanyongotoko, tibyanura.","Beans were overcooked, they are not tasty.",A
akanyoomo,n,contempt.,,,,A
akanyoomoozano,n,continuous disturbance or provocation.,,,,A
akanyororo,n,"a tall, thin and slender person.",,,,A
akanyuunya,n,a type of grasshoppers which are not edible.,,Akanyuunya nikatamba kunyaara aha kitanda.,The non edible grass hoppers cure bed wetting.,A
akanyuunyambuzi,n,a type of weed eaten by goats. Ageratum Conyzoides.,,,,A
akanyuunyarume,n,shrub eaten by goats.,,,,A
akanywanisa,n,hyphen (-).,,,,A
akanywero,adj,a very tight cloth.,,Ajwaire empare y'akanywero.,He is putting on tight trousers.,A
akapampari,n,small piece resulting from much chipping.; (especially of machines) overused piece of metal.,,Egaari ye akagitomeza yaahinduka akapampari.,He crashed his bicycle and rendered it almost useless.,A
akapiira,n,"a thin rubber sheath that a man uses to cover his penis during sex, in order to prevent a woman from getting pregnant or for protection against sexually transmitted diseases.",condom,,,A
akapiira,n,"any ball game, e.g. football, netball, volleyball, basketball when refered to endearingly.",,,,A
akapimpiri,n,(of people) a short and small person.,dwarf,,,A
akaraba mw'ishengyero,phr,unintended interruption in a group.,,,,A
akaradaari,n,mustard seed.,,,,A
akaragarika,n,"a small fragment of bread or cake fallen under a table; that which has fallen e.g. leaves, grains, etc.",crumb,Oburagarika bw'omugaati.,Bread crumbs.,A
akaragariso,n,a broom used to clean a baking pot.,,,,A
akaragariso,n,a wiper.,,Naakoresa akatambaara k'omungaro nk'akaragariso k'ebigyere.,She uses a handkerchief to wipe her feet.,A
akaragwa,n,inherited trait.,,,,A
akaramata,n,a plant yielding red dye that can be made into ink.,goose grass,,,A
akaranda-rugo,n,a climbing plant that grows on fences.,,Akaranda-rugo aka kakuzire n'akokutema.,This climbing plant has over grown it needs trimming.,A
akarande,n,inherited character or trait.,,,,A
akarangizo,n,a raised place from where one can view a surounding area.,,Makanga n'akarangizo karungi k'orurembo Kabale.,Makanga is a good view of Kabale town.,A
akarebure,n,a slunderous utterance.,,,,A
akareega,n,a lingerie used to support a woman's breasts.,bra,,,A
akareega,n,a tool used to straighten spokes of a bicycle.,,,,A
akareesu,n,a piece of cloth especially used by women to wrap their shoulders or tied around the waist to cover the rest of the body.,,,,A
akaregyeya,n,a hanging flap of a skin on an animal's neck.,,,,A
akaregyeya,n,a small sixth finger on some people's hands.,dewlap,Ogwo mwojo aine akaregyeya aha ngaro.,That boy has a dewlap on his hand.,A
akareka,n,a vein under the tongue that causes impairment in speech.,tongue-tie,Omwana waaba otamushazire akareka tarikugamba gye.,"Unless you cut the vein under a child's tongue, he will get impaired speech.",A
akarenga-bazaana,n,time of day when the sun is almost setting.,dusk,Yaija omu karenga- bazaana.,He arrived at dusk.,A
akarengo,n,a small measurement especially of grain or fruits.,,,,A
akarengutuko,n,a steep slope.,,,,A
akarenzyo,n,sarcasm.,,Ka noogambisa akarenzyo.,You have a sarcastic tongue.,A
akarera-baana,n,,,,,A
akari,n,lust for sex.,,,,A
akaribareeta,n,something good that you get in addition to what you have paid for.,bonus,"Nkagura ekitabo, bampa akaribareeta.",I bought a book and was given bonus.,A
akarigime,n,having bad company.,,,,A
akarigime,n,immorality caused by peer pressure.,,,,A
akarigito,n,,,,,A
akariibe,n,peer pressure.,,Abaana bakabingwa ahabw'akariibe.,Students were suspended from school because of peer group.,A
akariigobe,adv,a way of posturing which reflects carelessness; way of sitting.,,Ku yaaherize kurya yaashutama yaateera akariigobe yaayebwa ngu ashemereire kukora emirimo endiijo.,"After eating he sat carelessly, forgetting that he had to do other chores.",A
akariigobe,adv,"kind of whistling where lips are pressed between hands, and the breath forced through fingers to emit sound.",,,,A
akariinyiriro,n,pathway for riding or sliding especially using wooden or banana trees.,,,,A
akariinyiro,n,,,,,A
akarimi,n,a minute or hour hand.,,Akarimi k'eshaaha kafiire.,The minute hand of the clock does not work.,A
akarimi,n,a small tongoue.,,Enjoka eine akarimi kakye.,A snake has a small tongoue.,A
akarimi,adj,"way of talking, e.g. sweet-talking or lying.",,,,A
akarimi,,toung will lead you into trouble.,,,,A
akarimi,,pleading on behalf of someone.,,Nterayo akarimi.,Please plead for me.,A
akarimi,n,a nib.,,,,A
akarindi,n,,,,,A
akarindi,n,a small handle of a machete or knife.,,,,A
akarogoijo,n,anxiety: to be extremely worried or excited.,anxiety,,,A
akarondo,n,lineage.,,Omushaija akarondoora akarondo k'obuzaare bwabo.,A man traced the lineage of their relationship.,A
akarongyero,n,a hole on the side of a pit where they smoke bananas to ripen.,,Ebitookye byangye byangire kusya ahabw'okuba tindateire karongyero aha rwina.,My bananas have not ripened because I did not put a hole hole next to the pit.,A
akarooro,n,a wingless insect found on hens.,,,,A
akarugu,n,one of the corners of the house.,,,,A
akarundirundi,n,a rod of a bicycle that holds a pedal.,,Omwojo akatsindika egaari ahabwokuba ekaba etaine karundirundi.,The boy pushed the bicycle because it did not have a pedal rod.,A
akarungi,adj,"something good, or beautiful.",,Kaaro karungi.,A beatiful village.,A
akaruuru,n,elections.,,,,A
akaruuru,n,a vote.,,,,A
akarwariro,n,a clinic.,,Omu kyaro kyaitu harimu akarwariro akakye kamwe.,There is only one clinic in our villge.,A
akasheeshe,n,the period from the day break up to around 11am.,,,,A
akashorya,n,part of the structures that make the roof of a house.,,Omuyaga gw'amaani munonga guhuuhire gwatwara akashorya k'enju.,A strong wind blew off the apex of the roof.,A
akashutamo,n,a customs post: a border crossing associated with tax collection for countries.,a customs post,,,A
akashuumo,n,a steep slope.,,,,A
akasikina,n,hiccup: a sharp repeated sound in the throat caused by a sudden movement of the diaphram.,hiccup,,,A
akasirimuko,n,,,,,A
akasooroora,n,strong wind which moves in circular motion when there is an imbalace in the atmospheric pressure.,,,,A
akataahira,n,a young jigger that has just entered a person's body.,,Akataahira akamutaahire omu kigyere nikamusaasa.,The young jigger which entered his foot is paining him.,A
akatabarwa,n,"trillion: one of the cardinal numerals represented by 1, followed by 15 zeros ""1,000,000,000,000,000.",trillion,,,A
akatare,n,market: a place where goods and services are sold and bought.,market,,,A
akatare,n,a high demand for goods and services.,,Ebicoori biine akatare ebi biro.,Maize have a high demand these days.,A
akatembo,n,a steep hill or road.,,,,A
akatiina-mugogo,n,a kind of rodent black in colour and having a long bushy tail which climbs and runs on banana leaves. a squirrel.,,,,A
akatima,n,valve for a tyre.,,,,A
akatima-kakye,adv,inability or failure to resist temptation.,,Esente ezo otazireka aha meeza ow'akatima kakye naija kuzitwara.,"Do not leave that money on the table, someone who may not be able to resist temptations can pick it.",A
akatimba,n,a mesh is used to fence.,,Bazitiize ekiju ky'enkoko akatimba.,The chicken's house was fenced with wire mesh.,A
akatimba,n,"net: an open mesh material made of twine, code, rope usually typically for catching fish or trapping animals or birds.",net,Bategire ekitimba omu ihamba kukwata enyamaishwa.,They laid a net in the forest to trap animals.,A
akatimba,n,"wedding gown, dress.",,,,A
akatindi,n,a small hut.,,,,A
akatogo,n,African: a dish or type of food prepared by mixing food with sauce.,African,Akatogo k'emondi zitahaasire n'ebihimba kanuzire munonga.,A mixed meal of unpealed irish potatoes and beans is very deliciuous.,A
akatogo,n,a mixture or a combination of many different things.,,"Ku naagiire kutaahamu, naashanga kari akatogo k'Abatooro, Abakiga hamwe n'Abanyankore.","When I entered I found it was a mixture of Batooro, Bakiga and Banyankore.",A
akatonera,n,,,,,A
akatoonyezo,n,full stop or period: a dot that indicates the end of a sentence.,full stop or period,,,A
akatsintsimuko,n,a sloppy place.,,,,A
akatsirimuko,n,a gentle slope: a gentle slope along the road or path.,a gentle slope,Akatsirimuko aka ni karungi k'abavugi b'egaari.,This gentle slope is good for cyclists.,A
akatuyo,n,stench: a distinctive smell that is produced by rotten things.,stench,,,A
akaveera,n,plastic sheeting.,,,,A
akavugankande,n,creeping plant: a plant that creeps on other plants in the bush and covers a wide area.,creeping plant,,,A
akavumba,n,offals of a pig: internal organs of a pig.,offals of a pig,,,A
akavuruga,n,,,,,A
akavurugye,n,confusion: a state of disorder that results into inability to think clearly or to know what to do.,confusion,Okufa kwa ishebo kukareeta akavurugye omuka yaabo.,The death of their father brought total confusion in their home.,A
akavurugye,n,"eye cataract: a disease which, if not treated early results into a white spot in the eye.",eye cataract,,,A
akayengo,n,small basket: a small weaved container made for carrying or measuring things.,small basket,Maama ampaire akayengo k'oburo.,My mother gave me millet in a small basket.,A
akaze,n,habbit: something that you do often and is normally hard to stop.,habbit,,,A
akazoore,n,madness: a condition that is associated with mental illness.,madness,,,A
akeediimo,n,a strike: an organised boycott.,a strike,"Bakongeza ebishare by'eishomero, abaana baakora akediimo kumara esande yoona.",They increased school tuition and students went on strike for a week.,A
akeerenguturo,adv,emptying a container by gulbing its contents.,,,,A
akooya,n,the act of eating food when one has not done anything to deserve it.,,Eriizooba waariira akooya.,Today you have eaten but you did not contribute anything.,A
Allah,n,God in Islamic religion.,,,,A
amaani,n,"power, strength: being healthy; having energy to do something.","power, strength",,,A
amaarwa,n,beer: an alcoholic drink.,beer,,,A
amabano,n,the end of the arrow used to put a wire or a coil.,,,,A
amabara,n,spots of different colours.,,Njweire esaati y'amabara maingi.,I am wearing a multi coloured shirt.,A
amabwabwa,n,dog teats.,,,,A
amacanda,n,sunflower: plants with yellow flowers that produce edible seeds rich in oil. Helianthus_Annuus.,sunflower,Amacanda ni kimwe aha bintu ebirikukorwamu buto.,Sun-flower is one raw material of cooking oil.,A
amacunda,n,milk that remains after ghee has been extracted.,,,,A
amacwa,n,,,,,A
amacwante,n,saliva: the fluids in the mouth.,saliva,,,A
amadaara,n,ladder.,,,,A
amadaara,n,staircase.,,,,A
amadaraka,n,being stylish.,,,,A
amafa,n,a period of severe famine.,,Omushana gukajwa gwasiga amafa omu kyaro.,Drought left much famine in the village.,A
amafakubi,n,faeces: waste from the body of human beings.,faeces,,,A
amafaranga,n,Rwandese currency.,,,,A
amafura,n,hospitable people.,,,,A
amagaari,n,,,,,A
amagana,n,"used to refer to many things, usually more than one hundred.",,Taata aine amagana ana g'embuzi.,My father has four hundred goats.,A
amaganga,n,cattle urine: waterly animal excrete that is discharged through the urethra.,cattle urine,,,A
amaganya,n,"sorrow: a feeling of distress or sadness as a result of deep loss, disappointment or calamity.",sorrow,,,A
amagara,n,"life or health: the ability to produce, grow new forms that distinguishes living animals and plants from dead ones and rocks.",life or health,,,A
amagarama,n,the stage in the growth of beans when it has about three leaves.,,,,A
amagezi,n,"knowledge: the information, understanding and skills that a person has acquired through experience or education.",knowledge,Omwana muto taine magyezi g'okutaanisa ekibi n'ekirungi.,A baby has no knowledge of good and bad.,A
amagingo,n,time: any time of day or night.,time,"Amagingo aga, barahi?",Where are they at this time.,A
amagoba,n,profits or interests.,,,,A
amagondo,n,spots.,,Ente yangye y'amagondo ebuzire.,My spotted cow is lost.,A
amagyani,n,"tea leaves: a plant whose leaves are harvested, ground and put in hot water to be drunk as a beverage.",tea leaves,,,A
amahaane,n,"conflicts, intrigues, etc.",,,,A
amahame,n,facts: matters of the heart.,facts,,,A
amahanga,n,countries or nations.,,,,A
amahanga,n,different peoples or tribes.,,,,A
amahanga,n,a place described to be at a distance.,,,,A
amahano,n,,,,,A
amahasha,n,two children born at the same time to the same mother.,twins,,,A
amahaze,n,doing something that is against one's culture and tradition.,abomination,Bahemuka akozire amahaze g'okuhamba nyina.,Bahemuka comitted an abomination by raping his mother.,A
amahega,n,three stones used in cooking using firewood.,cooking stones,,,A
amahembe,n,the spiritual powers that are believed to inflict harm or death on someone.,witcraft,,,A
amahenda,n,fully grown tall millet with big and wide fingers.,millet,,,A
amahene,n,an excuse used to deny somebody something.,,,,A
amahenehene,n,a disease that attacks ankle joints causing immobility.,,,,A
amahenengye,n,fatigue or extreme tiredness caused by long distance travel.,,,,A
amahigikirizo,n,,,,,A
amahigikizo,n,,,,,A
amahiima,n,illness that causes difficulty in breathing.,asthma,,,A
amahiirane,n,large homestead with many huts and gates all around.,,"Amaju gahikaine munonga. emwe ku eri kusya, goona nigabaasa kusya ahabw'okuba gahikaine munonga.","If one house gets burnt, it is likely that all of them will get burn because houses are close to one another.",A
amahiisa-nyungu,n,a conversation meant to pass time.,,,,A
amahira,n,a thick yellow liquid that forms in flesh that has infection.,pus,,,A
amahiri,n,stems that are thrown at things.,,Ninkuteera amahiiri waaguma nonteganisa.,I will throw stems at you when you keep on disturbing me.,A
amahoro,n,food that has stayed over night.,cold food,Ebyokurya ebi twarya byaba biri amahoro.,We ate cold food.,A
amahunde,n,a circle of flowers or leaves worn on the head especially as a sign of victory or as an award.,crown,,,A
amahunde,n,a garland made of gold and decorated with jewels worn by kings and queens on the head.,,,,A
amahungu,n,a feeling of great sadness usually associated with the death of someone.,"sorrow, misery",,,A
amahurire,n,news.,,,,A
amahurire,n,newspaper.,,,,A
amahurunguru,n,solid waste of animals especially goats and sheep.,droppings,,,A
amaija,n,a four week period before Christmas day.,advent,,,A
amaijuza,n,pregnancy at nine months.,,,,A
amaiko,n,a very strong feeling of dislike.,hatred,,,A
amaimante,n,water left after watering cattle.,,,,A
amaimante,adv,refers to the way a man ties a piece of cloth around his waist when he wants to fight.,,,,A
amainamura,n,something given to a person on his or her death bed.,,,,A
amainamura,n,special water used by witchdoctors.,,,,A
amainaro,n,bad omen.,,,,A
amainaro,n,bad luck.,,,,A
amairu,n,a strong urge to eat more meat.,greed,,,A
amairu,n,sores behind the ear.,,,,A
amairungi,n,the leaves of a shrub commonly chewed as an aphrodisiac or stimulant.,khat,,,A
amaisho,n,a chronic contagious viral disease marked by inflammation of the conjunctiva and cornea of the eye and the formation of scar tissue.,trachoma,,,A
amaizi,n,the clear liquid used for drinking and washing.,water,,,A
amaizi,n,sperms.,,,,A
amajugo,n,"attractive and decorative objects that are worn on the ankles, arms, etc.",ornament,,,A
amajuta,n,a thick oily substance used on dry skin.,vaseline,,,A
amajuta,n,butter made out of milk.,ghee,,,A
amajuta,n,a liquid used as fuel for cars and other vehicles.,fuel,,,A
amakamo,n,yorghut.,,,,A
amakanda,n,the state of being fully established.,firmness,,,A
amakankya,n,a sticky substance from some plants.,gum,,,A
amakara,n,"a black substance made from burnt wood used as fuel, especially for cooking.",charcoal,,,A
amakarangira,n,shedding crocodile tears.,,,,A
amakatyo,n,first leaves of beans.,,,,A
amakire,n,a disease believed to affect unborn babies when a pregnant woman has sexual intercourse with a man.,,,,A
amakondere,n,insects with beautiful voices.,,,,A
amakoora,n,fish scales.,,,,A
amakoora,n,,,,,A
amakore,n,a disease in cattle that attacks joints.,,,,A
amakoro,n,,,,,A
amakoryo,n,tender leaves of peas when they are cooked and eaten as source.,,,,A
amakumi,n,a game played by bouncing a ball on the knee.,,,,A
amakumi,n,animals of the same kind that live and feed together.,herd,,,A
amakune,n,hospitality.,,,,A
amakuru,n,new information about specific and timely events.,news,,,A
amakuru g'omukama,n,the king's food (in Ankole).,,,,A
Amakuru Marungi,n,the first four books of the New Testament.,the Gospel,,,A
amakuuta,n,undiluted banana juice.,,,,A
amakuute,n,neighbouring countries.,,,,A
amakwatane,n,shared holdings.,,,,A
amakwatane,n,communal property.,,,,A
amakwenkwe,n,a hearty laugh.,,,,A
amakyandara,n,sunflower.,,,,A
amakyeka,n,,,,,A
amamburinga,n,swelling of lymph nodes.,mumps,,,A
amamera,n,,,,,A
amamera,n,germinated plants.,,,,A
amamesha,n,kind of ghee commonly used in Rwanda.,,,,A
amamya,n,germinated millet or sorghum used to sweeten porridge.,,,,A
amanana,n,stiffness or aching of the limbs.,,,,A
amanegye,n,"two round organs that produce sperms in a male, enclosed in a bag of skin behind and below the penis.",testicles,,,A
amangigina,n,sensitivity of teeth.,,,,A
amangigina,n,chilly feeling in gums (mouth or teeth) after eating raw fruits.,,,,A
amanure,n,water that contains salt or tastes salty.,salty water,,,A
amanyaanya,n,pelvic bones,pelvic bones,,,A
amanyaari,n,,,,,A
amanzamba,n,horns of a cow facing down.,,,,A
amara,n,the lower part of the alimentary canal from the stomach to the anus.,intestines,,,A
amaragane,n,time to say goodbye.,,,,A
amaragane,n,any word or phrase uttered to bid someone farewell.,,,,A
amaraka,n,part of the body that connects the head and the shoulder.,,,,A
amaraka,n,sound made when speaking or singing.,,,,A
amaraka,n,musical tones.,,,,A
amaraka,n,front part of the neck.,throat,,,A
amaraka,n,the narrow part of the bottle.,,,,A
amaranga,n,water that has been used for washing milk pots.,,,,A
amaranzi,n,rays of the sun.,,,,A
amarari,n,"a condition that affectes eye muscles, making each eye look in a different direction.",squint,,,A
amarari,n,to be cross eyed.,,,,A
amari,n,a pest that destroys plants.,,,,A
amaringa-ngingo,adj,sweating profusely.,,,,A
amaringaringo,n,,,,,A
amaringo,n,,,,,A
amaringoringo,n,acts or objects used to attract attension.,,,,A
amarira,n,a drop of liquid that comes from eyes when crying.,tears,,,A
amarira ga Yubu,n,type of beads.,,,,A
amaruhuura-ngingo,n,water;cold water.,,,,A
amarwa,n,a local brew made of farmented millet.,a drink,,,A
amaryo,n,a feeling of arrogance or self-conceit.,pride,,,A
amasaza,n,,,,,A
amasha,n,solid waste material from the bowels of cows.,dung,,,A
amashaaruura,n,what has been harvested.,harvest,,,A
amashaaruura,n,period of harvesting.,haversting season,,,A
amashambangira,n,,,,,A
amashansha,n,dry banana leaves.,,,,A
amashansha,n,"something that is torn, frayed or shredded.",,,,A
amashanyarazi,n,electricity.,,,,A
amashanyu,n,,,,,A
amashararazi,n,fruits that turn yellow when ripe.,fruit,,,A
amashaza,n,a leguminous plant of the genus Pisum with small white flowers and long green pods containing edible green seeds.,peas,,,A
amashe,n,,,,,A
amashemererwa,n,hapiness or great joy.,,,,A
amashereka,n,breast milk.,,,,A
amashobe,n,a cat's dung.,,Naashanga amashobe g'enjangu omu kitara.,I have found cat's dung in the granary.,A
amashokorindo,n,bird's droppings.,,,,A
amashununu,n,fresh milk.,,,,A
amashushane,n,uniform or similar things.,look alikes,,,A
amashuuma,n,situated in or facing or moving toward or coming from the south.,south,,,A
amashuyo,n,east coast fever.,cattle disease,,,A
amashuyu,n,,,,,A
amasiiba,n,a big congregation or audience at music performance.,,,,A
amasiko,n,,,,,A
amasya,n,burns.,,Omwana aine amasya aha mukono.,The child has burns on the arm.,A
amasyosyo,n,hot water.,,,,A
amataane,n,a road junction.,,Tubugane aha mataane.,Let us meet at the junction.,A
amatanta,n,having high opinion of oneself.,pride,Naagambisa amatanta.,He speaks with pride.,A
amate,n,a white liquid produced by mammary glands of female animals for feeding their young ones.,milk,,,A
amate,n,thick white sap produced by some plants.,,Amate g'enkukuuru.,White sap produced by a cactus tree.,A
amatehe,n,a type of Irish potatoes.,,,,A
amatehe,n,wild fruits.,,,,A
amatemba,n,situated in or facing or moving toward or coming from the north.,north,,,A
amatembane,n,a child or young of closely related parents.,,,,A
amatembezo,n,"steps, or staircases.",,,,A
amaterekyero,n,shelves.,,Ta ebyo bitabo omu materekyero.,Put those books in the shelves.,A
amatojo,n,"a plant that has thorns on the leaves and is liked by gaots, sheep, etc.",,,,A
amatojo,n,a disease of chicken.,,,,A
amatone,n,dots or spots.,,,,A
amatonto,n,,,,,A
amatontori,n,,,,,A
amatotoro,n,bird droppings.,,,,A
amatsiko,n,the general feeling that some desire will be fulfilled.,hope,,,A
amatsinde,n,clods of soil upturned by a hoe.,,,,A
amatu g'abakaikuru,n,big and soft fungal plant which usually grows on rotten trees.,mushrooms,,,A
amatungo,n,domestic animals kept for use or profit.,livestock,,,A
amatunguru,n,swamp plants with red rhizomes which are used as food.,,,,A
amatunguru,n,the red fruits produced by these plants.,,,,A
amatwengye,n,inner feeling someone gets when he or she is delighted.,,,,A
amawuwa,n,a type of maize grain with small ears and kernels that burst when exposed to dry heat.,popcorns,,,A
amayangi,n,identical twins.,,,,A
amayasha,n,part of the body between the thigh and sexual organs.,groin,,,A
amayengo,n,measured heaps of things.,,,,A
amayengo,n,waves on water bodies.,,,,A
amayengo,n,hair making style especially of ladies.,,,,A
amayenje,n,white patches on a cow.,,,,A
amayombera,n,musical ornaments made out of metals which are tied to the legs when dancing.,ankle bells,,,A
amayonjo,n,the part of the body between the top of each arm and the neck.,over-arched shoulders,,,A
amayonza,n,a wild fruit with milky juice.,wild fruits,,,A
amazaarwa,n,a day of the year when one is born.,birthday,,,A
amazi,n,human or animal excreta.,faeces,,,A
amaziga,n,salty water that comes from the eyes when one cries.,tears,,,A
amaziika,n,money donated to the bereaved family.,,,,A
amaziika,n,tribute.,,,,A
amaziika,n,process of burial.,,,,A
amazima,n,state of being true.,truth,,,A
amazina,n,dancing styles.,,,,A
amazomba,n,an infectious skin disease that produces round red spots on the human body.,ring worms,,,A
ameehangye,n,forcing oneself to do something that is too difficult for one to accomplish.,,,,A
ameehangye,n,too much confidence.,,,,A
ameinaro,n,,,,,A
amiina,,the act of communicating with a deity (especially as a petition or in adoration or contrition or thanksgiving).,amen,,,A
amoogi,n,,,,,A
amooya,n,the light horny waterproof structure forming the external covering of birds.,feathers,,,A
Ankole,n,"A name that combines the Soth-western districts of Bushenyi, Mbarara, Ntungamo, Ibanda, Kiruhuura and Isingiro in Uganda.",,,,A
apaana,n,a negative response.,no,,,A
arifu,n,a set of letters in a fixed order.,alphabet,,,A
arimansi,n,precious stone.,,,,A
arubamu,n,a book for keeping photos.,,,,A
arubamu,n,a collection of songs compiled or composed by an artist.,,,,A
Ashensiyo,n,"a christian holy day on the Thursday after 40 days from Easter day, when christians celebrate Jesus' ascent to heaven.",Ascension Day,,,A
ashwihi,n,a negative response.,no,,,A
ashwiriri,int,,,,,A
asidi,n,"a combination of corrosove chemicals used in laboratory, which can burn when exposed to the human body.",acid,,,A
atyo,adv,like that.,,,,A
atyo,adv,then.,,,,A
awihi,int,,,,,A
baaburangahi,n,a person who likes going to parties.,,,,B
baamwana,n,parents of the bride and bridegroom.,,,,B
baasi,n,a big vehicle that transports passangers.,bus,,,B
baazina,n,namesake.,,,,B
Bagyendanwa,n,the largest drum in the royal palace in Ankole used for ceremonial purposes.,royal drum,,,B
bahungu,n,short curved hairs growing on the upper eye lid.,eyelashes,,,B
Baiburi,n,the sacred writings of the Christian religions.,Bible,,,B
baitu,conj,a word that introduces something in contrast or unexpected.,but,,,B
bakihuuta,n,someone who is annoying because he or she talks too much in an offensive way.,a person who does things quickly especially in talking,,,B
bambe,adj,a word used to express pitty and sympathy for someone's misfortune.,,,,B
banda,n,a group of musicians who play popular music together.,,,,B
banka,n,an institution that keeps money.,bank,,,B
baro,n,a man to whom a woman is married.,your husband,,,B
bbiringanya,n,a big oval purple fruit or vegetable.,egg plant,,,B
bendera,n,,,,,B
-bi,adj,adjectival root which means having undesirable or negative qualities.,bad,,,B
bibiri,,,,,,B
bigahwa,adj,faillure to obtain or achieve what one wanted.,empty handed,,,B
biguru-by'empitsi,adv,done or occurring quickly.,speedy,,,B
bihogo,n,a uniformly dark brown cow.,,,,B
biika-oguze,n,organised groups of people that save and give credit to their members on small interest rates.,savings and credit institution,,,B
biizi-bitootsya,n,meat of a sheep.,,,,B
binkwatiireki,adv,doing something carelessly.,,,,B
binzaari,n,orange colour.,,,,B
birindi,adv,the state of someone when he or she is drunk.,,,,B
birundura,n,a dog-like scavenger with the front leg longer than the hind ones.,hyena,,,B
Biruuru,n,the first month of the year.,January,,,B
bishatu,n,,,,,B
bishunga,n,"a cow with very white horns, horns.",,,,B
bitaano,n,,,,,B
bituri-bingi,n,"a tool with many holes, which is used to grip and turn nuts or bolts.",,,,B
biya,n,a drink made out of sorghum or barley.,alcohol,,,B
bo,pron,the people mentioned earlier.,them,,,B
bogoya,n,a type of banana eaten when ripe.,banana fruit,,,B
bombi,pron,used to refer to two people.,both,,,B
bombiri,pron,,,,,B
bonka,adj,on their own.,only them,,,B
bonshatu,adj,three of them.,,,,B
bontaano,pron,five of them.,,,,B
booda-booda,n,bicycle or motorcycle taxi.,,,,B
boodingi,n,,,,,B
boodingi,n,a secondary or primary school which often has accomodation facilities for students.,,,,B
booma,n,government ground or station.,,,,B
boona,adj,a word used to mean 'all the people'.,,,,B
boona-bashome,n,a government program aimed at provoding free education to all.,,,,B
boote-boote,adj,a very old person.,senile,,,B
bucunku,n,a type of banana with small clusters.,,,,B
bucura,n,a child born last in a family.,last born,Macura waitu n'omwojo.,Our last born is a boy.,B
bucuracuriro,n,,,,,B
bucuranda,n,,,,,B
bucuzi,adv,upside down.,,,,B
bucwekye,adv,to become destitute.,to be left with nothing,,,B
bucwekye,adv,to talk using bad language.,,,,B
bufunyankobe,n,African edible root tuber of sweet potato variety. Ipomea batatas.,,,,B
bufuuzi,adv,a condition of having no parents.,,,,B
bugango,adj,something of large size.,,,,B
bugango,adj,a great extent.,,,,B
bugiigi,adj,"not easy to break, bend or deal with.",,,,B
bugingo,n,personification of life.,,,,B
bugondo,n,a cow with small spots.,,,,B
bugubugu,adv,doing something with haste. Bugubugu tiguba muriro. Haste does not always achieve effeciency.,behaviour,,,B
bugufu,adv,in a short manner; briefly.,,,,B
buguru-butakora-hansi,adv,moving very fast; going helter-skelter.,,Omushuma abapoorisi bakamukwata buguru-butakora hansi.,The policemen arrested the theief and whisked him off.,B
bugyendandara,adv,to walk sluggishly.,,,,B
bugyengye,n,"to be in a state of uncertainty, danger or panic.",,,,B
bugyengye,n,the state of being at risk.,,,,B
buheekwa,n,vehemence.,,,,B
buhooro,adv,a disposition free from stress or emotion or the absence of mental stress or anxiety.,serenity/peace; all right,Muri buhooro.,Are you all right?,B
bujenjebere,adv,something that is shaky.,,,,B
bujinja,n,a sheep without ears.,,,,B
bujumeera,n,a good singing voice.,,,,B
bukabuka,n,a type of medicinal plant that is traditionally used to heal different diseases.,plant,,,B
bukara,n,a type of weed with small brown leaves that grows in banana plantations.,plant,,,B
bukarasa,n,a cassava variety originally developed in Bukalasa Agricultural College.,,,,B
bukiika,adv,lying horizontally or diagonally.,,,,B
bukiizi,n,facing or coming from the left or right side.,sideways,,,B
bukizi-bwa-bumosho,n,,,,,B
bukizi-bwa-buryo,n,,,,,B
bukunya,adv,"state when all or part a person or part of the body is exposed, without clothes.",,,,B
bukuru,adv,length of time one has lived.,,,,B
bukuru,adv,maturity.,,,,B
bumosho,adv,left hand side.,,,,B
burahanda,n,a flat round cake made with baking flour.,pan cake,,,B
burangiti,n,a woolen covering used especially on bed for keeping people warm while they are sleeping.,blanket,,,B
burengyerwa-izooba,n,the direction where the sun sets.,West,,,B
buri,adv,that time.,,"Buri obu oija, okaba noomanya ngu ari hanu.","Last time when you came, did you know that he was here.",B
buri,adv,"each: every. Buri omwe. Everyone, each person.",,,,B
buriizooba,adv,a word used to mean everyday.,everyday,Buriizooba nindya enyama.,I eat meat everyday.,B
burikooti,n,a hard black tree from whose black shoe polish is made.,black wattle,,,B
buroro,adv,bad way of bringing up a child.,behaviour,Ogu mwana bakamukuza buroro.,This child was badly brought up.,B
burugwa-izooba,n,the direction from which the sun rises.,East,,,B
burungi-bwansi,n,a government policy that encourages voluntary unpaid communal labour.,,Abantu baaza kukora burungi-bwansi omu ruguuto.,People have gone to clean up the road.,B
bururu,adj,the colour of the clear sky or the sea in the sunlight.,blue,,,B
buryo,n,the right hand side.,,,,B
buryo,n,on or to the right side of something.,,,,B
busha,n,something with no value.,nothing,,,B
busha,n,for free.,,Akakorera busha.,He worked for free.,B
busha,n,empty.,,Omwo harimu ki? Harimu busha.,What is in there? It is empty.,B
bushoberwa,n,great suffering or discomfort of mind or body.,misery or dejection,,,B
bushoberwa,n,desparation.,,,,B
busimba,adv,,,,,B
buso-bwa-ntaama,adv,head on collision.,,,,B
busya,adv,afresh; once more.,,,,B
butaamisi,n,a type of cassava that is often sour.,,,,B
butandu,n,unpleasant event that happens unexpectedly and causes damage or loss of life.,accident,Abantu baingi bakafeera omuri butandu bwa motoka.,Many people died in a car accident.,B
butsimba,adv,something that is straight.,upright,,,B
butunu,adv,in each other's presence.,face-to-face,,,B
butwe-bwa-ntaama,adj,,,,,B
buzima,adv,in a sincere and genuine way.,truly,,,B
bwa,adv,to speak openly.,,Akagamba bwa omu rukiiko.,He spoke openly in the meeting.,B
bwahara,adj,very large in size.,big or huge,Aine ente bwahara.,He has a large herd of cattle.,B
bwakyeire-bwaizire,adv,now and then.,,Akaba anyihuza bwakyeire-bwaizire.,He would ask money every now and then.,B
bwana,adj,tittle of a person who has authority over others.,master,,,B
bwanamukuru,n,a parish priest.,,,,B
bwangu,adv,quickly.,,,,B
bwanyima,adv,afterwards; later.,,"Haine ebi nkiriyo ninkora, oije bwanyima.","I am still busy, come later.",B
buriijo,adv,,,,,B
bwara,n,thorny wild tree whose pods produce gum.,plant,,,B
bwasheesha,n,the day after tomorrow.,period of time,Oije bwasheesha nkuheereze esente zaawe.,Come the day after tomorrow and I'll give you your money.,B
bwataho,adv,,,,,B
bwatu,adv,doing something openly.,,Ekimukundira we agamba bwatu.,I like her because she speakes openly.,B
bwemi,adv,standing upright.,,Yemerera bwemi.,Stand upright.,B
bwereere,n,a very young baby.,,,,B
bwesherekye,adv,doing something secretly or in hiding.,,Ekitabo kye naakishoma bwesherekye.,I read his book secretly.,B
bwino,n,"a coloured liquid that is used in writing, drawing, printing, etc.",,Akacumu kangye kahweiremu bwino.,My pen has no ink.,B
bwino,n,first hand information.,,,,B
bwiraninkonda,n,a very small black bird.,wood pecker,,,B
bwizi,adv,filling something to the brim.,,,,B
bwohe,n,temptation.,,,,B
byafandimu,adv,,,,,B
caai,n,,,,,C
cacaca,n,sound made by footsteps.,,,,C
cakucaku,n,a sound made when eating with an open mouth. Okurya cakucaku. Eating with an open mouth.,,,,C
canisi,n,a set of cards with numbers and pictures printed on one side which and used for playing various games.,playing cards,,,C
cee,int,to keep quiet: to be silent.,,Ku baareebire omwegyesa boona baagira ngu cee.,"When they saw the teacher, they all became silent.",C
ceeki,n,a piece of printed paper that authorises a bank to pay a stated amount of money to someone from the drawer's account.,cheque,,,C
chapati,n,"a flat round cake made out of wheat flour, water, salt, onions and oil.",,,,C
co,int,,,co! waaba ota shi?,oh! what has happened to you?,C
coo,int,a sound made by hunters when hunting.,,,,C
cooka,n,a type of soft substance used for writing or drawing on a blackboard.,,,,C
cooka,n,a white substance used for painting walls.,,,,C
curi,int,,,,,C
curucuru,adv,,,,,C
cuucuucu,adv,an expression used to describe a very bad smell.,,Ahu barikunaga kasasiro nihanuuka cuucuucu!,The place where they throw gabbage smells.,C
cuucuucu,adj,an expression used to describe a very dark.,,Nairagura cuucuucu.,He is very dark.,C
daa,n,the sound made by a sheep.,,,,D
daburokara,n,double colour,double colour,,,D
dainingi,n,dining room.,,,,D
demokurasi,n,"a type of government, elected by the people who have equal rights in decision making, etc.",democracy,,,D
dereeva,n,driver.,,,,D
diguri,n,a qualification offered by a university to person who has completed a course of study.,degree,,,D
Diisi,n,District Commissioner.,,,,D
diporoma,n,qualification attained in higher institutions of learning.,diploma,,,D
dipuroma,,,,,,D
disiko,n,discotheque.,,,,D
disiturikitin,,"a local government administrative unit that heads the counties, sub-counties, parishes, etc.",district,,,D
doboro,adj,twice as much.,double,,,D
doodo,n,pig weed: Amaranthus Species. a green vegetable.,pig weed,,,D
doora,n,dollar: the basic monetary unit used in the US and other countries.,dollar,,,D
duriiva,n,,,,,D
duuka-mukono,n,hawker: a person who moves from place to place selling goods.,hawker,,,D
e,n,"a fifth letter of the Roman Alphabet, and one of the five vowels.",,,,E
ebaafu,n,plastic basin: a circular open container used for bathing and washing clothes.,plastic basin,,,E
ebaara,n,bar: a room or a place with a counter where alcoholic drinks are bought and served.,bar,,,E
ebaayi,n,fluffy: flowers from cotton grass commonly used to make traditional mattresses or pillows.,fluffy,,,E
ebahaasa,n,envelope: a flat paper bag used for sealing letters or documents.,envelope,,,E
ebakuri,n,dish or bowl: a circular open container used to serve sauce or food.,dish or bowl,,,E
ebaraafu,n,"a fridge, freezer or cooler.",,,,E
ebaraza,n,"Monday: the second day of the week, after Sunday.",Monday,,,E
ebaruha,n,letter: a written or printed message sent from one person to another usually in an envelope.,letter,,,E
ebeeseni,n,basin.,,,,E
ebeeyi,n,price: exchange value of a commodity or service.,price,Ebeeyi ya shukaari etembire.,The price of sugar has gone up.,E
ebendera,n,a flag: a piece of cloth attached by one edge to a rope or pole and used as a symbol of a country's sovereignity or organisation's identity.,a flag,Ebendera ya Uganda eine erangi ishatu.,The Uganda flag has three colours.,E
ebi,pro,these.,,"Ebintu ebi, ebiro ebi.",These things these days,E
ebibago,n,materials (reeds and ropes) used to erect the framework of the roof and the walls.,,,,E
ebibaiziro,n,wood shavings: thin slices or layers from wood after shaving.,wood shavings,Ebibaiziro nibihemba gye omuriro.,Wood shavings are good for making fire.,E
ebibanga,n,many houses in a row with a fence below them.,,,,E
ebibembe,n,"leprosy: a contageous disease that affects the skin, causing discorolation and lumps on the body.",leprosy,,,E
ebiboogi,n,regurgitated milk that comes back to the mouth especislly in babies.,,,,E
ebibuuzo,n,examinations or tests.,,Nitutandika ebibuuzo Orwakataano.,We are starting examinations on Friday.,E
ebibuuzo,n,questions.,,,,E
ebicaani,n,campfire made for cows.,,,,E
ebicu,n,clouds: white or grey mass of very small drops of water in the sky.,clouds,,,E
ebicukwe,n,food that has too little salt or no salt in it.,,Emboga ezi n'ebicukwe.,This sauce is saltless.,E
ebicuncu,n,,,,,E
ebicuraguzo,n,young shoots of plants used to wash milk pots.,,,,E
ebicurwe,n,rubbish: a collection of waste material.,rubbish,,,E
ebicwanyagurika,n,broken pieces.,,Ekikopo kyayatika kyarugamu ebicwanyagurika.,The cup has broken into small pieces.,E
ebifundikizo,n,banana leaves used for covering food while cooking.,,,,E
ebigaaga,n,a special variety of papyrus.,,,,E
ebigaaga,n,"bracelets, bangles that people wear. These are worn below the knees.",,,,E
ebigakirizi,n,,,,,E
ebigambira,n,a certain type of majugo made of either copper or brass.,,,,E
ebigambo,n,,,,,E
ebigojo,n,fat-wrinkles: layers of excessive fat that develop on one's body.,fat-wrinkles,,,E
ebigyene,n,something done excessively.,,Nkaba ntarikumanya ngu nookunda ogwo mwishiki ebyo bigyene.,I did not know that you love that girl that much!,E
ebihaatiro,n,peelings: peelings taken from a fruit.,peelings,Rundana ebihaatiro by'ebitookye tubihe embuzi.,Collect all the banana peelings and we give them to the goat.,E
ebihaburo,n,pieces of advice.,,,,E
ebihagi,n,"presumptuous, arrogant and disrespectful behaviour, often transgressing the limits of what is permitted.",,,,E
ebihagi,n,stubborness or intransigence.,,Omushaija ogwo gwo aine ebihagi omupooriisi yaamuzibira kurabaho yaayanga yaagyenda.,That man is stubborn; the policeman told him not go in but he went ahead anyway.,E
ebihande,n,grain particles that are not finely ground.,,,,E
ebihangirwe,n,creatures: all things that were created.,creatures,Ruhanga akahanga ebihangirwe bitarikushushana.,God created different creatures.,E
ebiharagato,n,particles that are scrapped from a pot which has been used for cooking.,,,,E
ebihembo,n,"presents, rewards: something given as a reward.","presents, rewards",Tinka bamuhaire ebihembo ahabw'okusinga empaka z'okwiruka.,Tinka was given a prize for winning the athletic competetion,E
ebihera,n,odd numbers.,,Itaano n'ekihera.,Five is an odd number.,E
ebihimba,n,beans.,,,,E
ebihimbo,n,,,,,E
ebihinzi,n,"mucus: slimy, sticky substance produced by mucus membranes in the nose.",mucus,,,E
ebiho,n,whispers: speaking quietly into somebody's ears so that others do not hear.,whispers,Baaba nibagambirana omu biho.,They were talking in whispers.,E
ebihonzi,n,secretion from commonly the eyes seen in the morning especially when one has an eye problem.,,,,E
ebihooya,n,syphilis: a sexually transmitted disease that causes blisters on private parts and can lead to impotence in men if not treated.,syphilis,,,E
ebihungu,n,convulsions: a disease that affects mainly the brain causing uncontrolled body movements.,convulsions,Omwana ana wangye naarwara ebihungu.,My child suffers from convulsions.,E
ebihurugutu,n,"ear wax: a brown, sticky substance found in a human ear.",ear wax,,,E
ebihwazi,n,impaired vision.,,Bamuteire oruhi rw'amaisho yaareeba ebihwazi.,They slapped him in the face and his vision was momentarily impaired.,E
ebihwehwe,n,whispers: saying something in a whisper so that other people cannot hear.,whispers,,,E
ebiiga,n,swellings on cattle hips.,,,,E
ebiino,n,big teeth.,,,,E
ebiino,n,"""false teeth"" disease: a baby's first molar buds misinterpreted by mothers as a sign of disease and often crudely extracted causing infection.","""false teeth"" disease",,,E
ebijaburiro,n,fomentations.,,,,E
ebijaga,n,animal disease that attacks the mouth and causes swellings.,,,,E
ebijaga,n,mouth sores.,,,,E
ebijanja,n,mushrooms: edible fungus with a short stalk topped by an umbrella shaped cap and grows on tree trunks.,mushrooms,,,E
ebijengo,n,millet bread with excessive water.,,,,E
ebijengye,n,water-logged ground.,,Bakombeka enju aha bijengye yaagwa.,They built a house on water logged ground and it collapsed.,E
ebijengye,n,millet prepared with a lot of water.,,,,E
ebijuju,n,tsetseflies: flies that bite human beings and animals and spread sleeping sickness in humans and nagana in animals.,tsetseflies,,,E
ebijuju,n,"outer covering of a tree, often used to make fire.",,,,E
ebijumeero,n,vigour: strength or energy in doing something.,vigour,Ebijumeero by'abeeshongozi bikaheisa omukoro ekitiinisa.,The vigour of singers made the ceremony colourful.,E
ebijunja,n,fringes or tussels: fur that is mainly found around the neck of animals.,fringes or tussels,,,E
ebijwengye,n,"fringes of thick hair on an animal especially dog, lion or horse.",,Embwa ye eine ebijwengye birikwera.,His dog has a white fringe think hair.,E
ebikaafiire,adj,obsenities: words that are offensive or indecent.,obsenities,,,E
ebikaafiire,n,words associated with private parts.,,,,E
ebikaca,n,"cow pox: an acute, highly infectious disease caused by a virus and characterised by hig fever and blisters.",cow pox,Akarwara ebikaca kumara emyaka mingi.,He suffered from smallpox for many years.,E
ebikamuuro,n,"residues after extracting juice from oranges, passion fruits mangoes etc.",,,,E
ebikangaga,n,dry grass in a swamp.,,,,E
ebikanja,n,dregs: residues after beer or porridge is prepared.,dregs,,,E
ebikatsi,n,residues from tea that are removed with a sieve.,,,,E
ebikogoto,n,scrapings from the millet bread mingling pot.,,Akakoresa ekiti okwiha ebikogoto omu nyungu.,He used a stick to remove scrappings of millet bread from the cooking pot.,E
ebikonko,n,stalks of maize or sorghum plants that remain in the garden after harvesting.,,Ebikonko by'ebicoori nibyarira gye orutookye.,Maize stalks are good for mulching a banana plantation.,E
ebikooko,n,animals.,,,,E
ebikoreso,n,materials.,,,,E
ebikoreso,n,utensils.,,Eka yangye eine ebikoreso birikumara omu by'ekiyungu.,My hone has enough kitchen utensils.,E
ebikorogoto,n,dry papyrus reeds: dry stems of an acquatic sedge used to make carpets and roofings.,dry papyrus reeds,Enju ye eshakaize ebikorogoto.,His house is thatched with papyrus reeds.,E
ebikorogoto,n,papyrus stirrer.,,,,E
ebikorwa,n,"deeds, acts: good or bad things one does.","deeds, acts",Ebikorwa bye bibi bikamutwara omu nkomo.,His bad deeds led him to jail.,E
ebikorwa,n,divisions of a rosary.,,,,E
ebikukumbwa,n,pieces of grass that remain in the garden after has been prepared for sowing.,,,,E
ebikumbi,n,chuff or husks that remain when grain is removed.,,,,E
ebikundukundu,n,water impurities at the bottom of water in a container.,,,,E
ebikwatsi,n,wild plant whose seeds stick on clothes and skins of animals when they come into contact with it.,,Embibo z'ebikwatsi nizijaanjazibwa abantu n'enyamaishwa.,The seeds of the wild plant are spread by people and animals.,E
ebimiira,n,mucus.,,,,E
ebiminyo,n,blobs of fat in meat gravy.,,,,E
ebinana,n,"a general body weakness, caused by tiredness.",,,,E
ebindi,pron,others: the rest.,others,Bakagura kiro ibiri za sukaari reero ezindi zikaruga Kampala.,They bought two kilograms of sugar and others came from Kampala.,E
ebingonzi,n,water waves.,,,,E
ebinika,n,"kettle, teaport: a container that is used for boiling or serving liquids, such as water or tea.","kettle, teaport",,,E
ebinombe,n,mines where minerals or sand are excavated.,,,,E
ebinuzi,n,the white soft part at the bottom-end of a papyrus reed.,,,,E
ebinwangari,n,an abuse used to refer to people with large and wide lips.,,,,E
ebinwanwa,n,mouth disease: goat and sheep disease which attacks the mouth.,mouth disease,Embuzi yangye ekarwara ebinwanwa yaaremwa kurya.,My goat has a mounth disease and it cannot eat.,E
ebinwanwa,n,a disease in humans that attacks the mouth part and causes some swellings.,,,,E
ebinyaari,n,semen: a colourless fluid ejaculated from a female reproductive organ.,semen,,,E
ebinyaasi,n,,,,,E
ebinyaatsi,n,"grass: any of the numerous plants characteristically with narrow leaves, jointed stems and spikes or clusters of membranous flowers borne in smaller spikelets.",grass,Omushana gwajwa mwingi ebinyatsi nibyoma.,Grass dries up during the dry season.,E
ebinyaazi,n,,,,,E
ebinyandinga,n,old people with dipigmented skin.,,,,E
ebinyandinga,n,healthy and good looking old women.,,,,E
ebinyangabo,n,edible mushrooms.,,Ebinyangabo bimera aha kikungu.,Edible mushrooms grow on an ant hill.,E
ebinyansi,n,,,,,E
ebinyeebwa,n,,,,,E
ebinyenyero,n,bracelets: ornamantal bracelets worn around the waist.,bracelets,,,E
ebinyiga,n,saltless food or sauce.,,,,E
ebinyoga,n,"soft grases, tender and green; cows like eating them.",,,,E
ebinyomyo,n,"support, poles: usually used figuratively.","support, poles",,,E
Okweteera ebinyomyo,phr,to console oneself.,,,,O
ebinyoobwa,n,groundnuts: plants with compound leaves with fragrant brownish flowers and small edible tubers. Apios tuberosa.,groundnuts,,,E
ebinyoro,n,syphilis or yaws: a venereal disease which spreads slowly from sexual organs to all parts of the body.,syphilis or yaws,,,E
ebinzaari,n,curry powder: a fine mixture of strongly flavoured spices that is yellow used in cooking to give food an aroma.,curry powder,Ebinzaari nibireeta akahooho ho omu byokurya.,Curry powder adds aroma to the food.,E
ebiraato,n,,,,,E
ebiraatwa,n,a pair of shoes.,,Ku yaagiire kutaaha omu nju yaabanza kujuura ebiraatwa.,He removed his shoes when he was going to enter the house.,E
ebiragarikira,n,,,,,E
ebirahure,n,spectacles.,,,,E
ebirahure,n,glasses.,,,,E
ebirahuri,n,,,,,E
ebirego,n,rumours.,,,,E
ebireju,n,beards.,,,,E
ebirema-igamba,n,tongue twisters: a phrase or sentence with many sounds that are difficult to say correctly when speaking quickly.,tongue twisters,Waaba otari mugambi murungi ebirema-igamba nibikubeera ekizibu.,"If you are not an elloquent speaker, tongue twisters can be a problem.",E
ebirembeero,n,lyrics that are exuberant.,,,,E
ebirengye,n,,,,,E
ebirezi,n,,,,,E
ebiriga,n,,,,,E
ebiriibwaruganda,n,cassava.,,,,E
ebiriibwaruganda,n,clan secrets shared by a clan.,,Ebiribwaruganda tibimanywa b'aheeru.,The secrets of a clan should not be known by other people.,E
ebiriiko,n,"stoppers or plugs: objects that fit into something e.g. a bottle, and are used to close it.",stoppers or plugs,Akata ebiriiko bya pamba omu nyindo kuzibira eshagama kwija.,He put cotton wool in the nose to stop his nose from bleeding.,E
ebirika,n,glaciers: snow on top of mountains.,glaciers,,,E
ebirimbagirizo,n,something that causes one to be perplexed or anxious.,,,,E
ebirimu,n,contents: things that are contained in a receptacle or book.,contents,,,E
ebiro,n,days of the week.,,,,E
ebiro,n,date.,,Nyenkyakare n'ebiro makumi ashatu by'okwamwenda.,Tomorrow is the 30th of September.,E
ebiroora,n,,,,,E
ebirooro,n,a thick layer of impurities on top of water.,,,,E
ebiroro,n,a whitish substance secreted by the eyes.,,,,E
ebirungi,adj,good things.,,,,E
ebirungo,n,spices.,,,,E
ebirungye,n,food: any food in which cow ghee is put.,food,,,E
ebirwaniso,n,weapons.,,,,E
ebisaaniiko,n,,,,,E
ebisaasi,n,honey comb: a waxy structure of cells made by bees for holding honey and eggs.,honey comb,,,E
ebisaasingo,n,,,,,E
ebisasi,n,,,,,E
ebisasiro,n,gabbage collected in a rubbish pit.,,,,E
ebiseereezo,n,,,,,E
ebisente,n,circular patches caused by a fungal disease that normally attacks the head.,,Omwana akarwaire ebisente omu mutwe.,A child has a fungal disease all over the head.,E
ebisha,n,labour pains.,,,,E
ebishaju,n,,,,,E
ebishanda,n,,,,,E
ebishandurira,n,slimmy mucus like liquid excreted by an animal after it has given birth.,,,,E
ebisheshengo,n,nasal sinuses: air cells in bones of the nose and face.,nasal sinuses,,,E
ebishesyambwa,n,,,,,E
ebishi,int,used to express contempt and disgust.,,Ebishi mwana wangye oryanzarira akantu.,"My child, you will cause me trouble one day.",E
ebisho,n,,,,,E
ebishogororo,n,empty pods of beans after harvesting.,,Eishaaruura ribaire riri ribi; ebishogororo tibirikwingana n'ebihimba.,The harvest has been poor; the empty pods are more than the beans.,E
ebishoshonkoro,n,empty match boxes.,,,,E
ebishuba,n,lies: things that one tells while knowing them to be untrue.,lies,Ebishuba kikazinduka kare amazima gaabitangayo.,Lies woke up early (to go on a journey) but truth arrived (at the destination) before they did.,E
ebishuriita,n,stringed or thread ends on a cloth or any other material.,,Naasharisa makaasi ebishuriita ebiri aha mwenda gwe.,She is cutting the thread ends on her cloth using a pair scissors.,E
ebishurugu,n,gourd pith: things that are removed from a calabash as it is being prepared for use.,gourd pith,,,E
ebishurugutu,n,,,,,E
ebishurugutururu,n,ear wax.,,,,E
ebishushunga,n,"husks: the dry outer covering of certain nuts, fruits and seeds especially grains.",husks,,,E
ebishuuku,n,catridges for bullets.,,,,E
ebishuuku,n,the sharp inner part of a cow's horn.,,,,E
ebishwagara,n,chaff: these are things which remain after harvesting and removing beans from pods.,chaff,,,E
ebisigarira,n,left-overs.,,,,E
ebisigye,n,eyebrows: hair above the human eye.,eyebrows,,,E
ebisingo,n,garden rubbish.,,,,E
ebiso,adv,,,,,E
ebisooroora,n,aroma from a flavoured meal.,,,,E
ebisya,n,new things.,,,,E
ebisya,n,current affairs or information.,,Ebisya shi?,What's news? or Any news?,E
ebisya,n,neck: part of a person's body connecting the head and therest of the body.,neck,,,E
ebisyaraazi,n,stagnant water: (of water) not flowing.,stagnant water,,,E
ebisyarazi,n,,,,,E
ebitaako,n,articles decorated with bead weavings.,,,,E
ebitaba,n,gulleys built to retain and absorb water in a garden.,,,,E
ebitakuri,n,sweet potatoes.,,,,E
ebitanaki,n,vomitus: the matter from the stomach.,vomitus,Okugarukira ebitanaki nk'embwa.,"Returning to (eat) vomit, like a dog.",E
ebitanga,n,spots: small round spots.,spots,Embuzi ye eine ebitanga birikwera.,Her goat has white spots.,E
ebitara,n,granaries: buildings where grain is stored.,granaries,,,E
ebitaraakira,n,left overs: food remaining at the end of the meal.,left overs,,,E
ebitaraakira2,adv,poor attendance.,,,,E
ebitaraakira2,adv,objects scattered apart: scanty population.,objects scattered apart,Karamoja eine ebitaraakira by'abantu.,Karamoja has scanty a population.,E
ebitarira,n,scattered animal spots.,,,,E
ebiteera,n,"large orimates that lack tail and include chimpazees, gorillas and baaboons.",,,,E
ebitegye,adj,the curved legs of a person.,,Aine amaguru g'ebitegye.,He has curved legs.,E
ebitingwa,n,homosexuals; gays.,,,,E
ebititi,n,millet chuff left with some millet that needs further threshing.,,,,E
ebitobo,n,,,,,E
ebitobotobo,n,,,,,E
ebitojo,n,,,,,E
ebitojo,n,thicket or shrub of thistles.,,Embuzi nizikunda kurya ebitojo.,Goats like eating shorny shrubs.,E
ebitokoozi,n,dirty particles in food or drinks especially when left uncovered.,,,,E
ebitonatone,adj,spots such as those of a hyena or on clothes.,,Empitsi eine ebitonatone.,A hyena has spots.,E
ebitondoro,n,,,,,E
ebitongaanwa,n,a plant with edible fruits that are red inside.,,,,E
ebitongaanwa,n,the fruits produced by these plants.,,,,E
ebitongo,n,,,,,E
ebitoosha,n,mushroom: a fungus with a fairly round flat head and a stem.,mushroom,Ebitoosha nibikora emboga nungi munonga.,Mushrooms make good sauce.,E
ebitote,adj,flour or mud mixed with excessive quantity of water.,,,,E
ebitsigarira,n,,,,,E
ebitsya,n,,,,,E
ebitu,n,guest room: a bed room reserved for visitors.,guest room,,,E
ebituna,n,dregs of sweet banana juice.,,Eshande eine ebituna bingi.,Banana juice has too many dregs.,E
ebitungwa,n,domestic animals: tamed animals on the farm or as pets.,domestic animals,,,E
ebitutu,n,,,,,E
ebiyaago,n,tributes: things that you say or do to show that you respect or admire somebody who has died.,tributes,,,E
ebiyaga,n,epilepsy or fits: a human disease of the nervous system that causes short-lived but recurrent convulsions.,epilepsy or fits,,,E
ebiyombera,n,"musical instruments that are worn on the legs, they produce good melody and sound as one dances.",,,,E
ebomba,n,syringe: a device for sucking liquid and forcing it out again.,syringe,,,E
ebomba2,n,pump: a mechanical device for putting pressure in the tyre.,pump,,,E
eboote,n,the aged.,,,,E
eboroogo,n,yell: a loud sharp cry of excitement or pain.,yell,Ku yaahuriire amakuru mabi yaateera eboroogo.,When he heard of sad news he yelled.,E
ebuguma,n,a she-goat that has already produced.,,,,E
ebuhwanya,n,a coarse trailling vine widely cultivated for its fruit and bears a large pulpy round fruit with a thick orange-yellow ring with numerous seeds. Cucurbita pepo.,,,,E
ebyafaayo,n,"history: that which has happened to a person, nation or family in the past.",history,,,E
ebyagaana,n,,,,,E
ebyago,n,demons: evil spirits or devils especially one thought to possess a person and torment him or her.,demons,,,E
ebyahandiikirwe,n,scriptures: religious writings.,scriptures,,,E
ebyakwahwa,n,armpit hair.,,,,E
ebyamagara,n,concerning the state of health.,,,,E
ebyamaka,n,family matters.,,,,E
ebyanganga,n,copperwire formed around a ring of zebra or giraffe's hair.,,,,E
ebyari,n,rags.,,,,E
ebyarugamu,n,outcomes: the effects or result of the action or event.,outcomes,,,E
ebyatagurika,n,pieces of a broken bottle or calabash.,,,,E
ebyemikono,n,an activity involving a special skill of making things with hands.,,,,E
ebyeteeka,n,tufts: grass tufts that stand out.,tufts,,,E
ebyeyariro,n,bed clothes and mattresses on which people sleep.,,,,E
ebyobuhingi,n,agriculture: the practice of cultivating the land and keeping animals.,agriculture,,,E
ebyobutegyeki,n,politics: matters of politics.,politics,,,E
ebyohorongororo,n,(of a cow) vaginal discharge before a cow delivers.,,,,E
ebyokunywa,n,drinks: beverages that are both alcoholic and non-alcoholic.,drinks,Aha bugyenyi bwe hakaba hariho ebyokunywa bingi.,At his wedding there were a lot of drinks.,E
ebyokurya,n,food: any substance that people or animals eat.,food,Ebyokurya birimu omwonyo mwingi.,There is too much salt in the food.,E
ebyondo,n,mud: soft sticky mud.,mud,,,E
ebyosi,n,days of mourning: the period or days of expressing great sadness because someone has died.,days of mourning,,,E
ebyotsyo,n,roastings.,,,,E
ebyoya,n,"fur: soft thick hair covering the body of an animal, e.g. sheep or goat.",fur,Entaama zaitu ziine ebyoya biraingwa byorobi.,Our sheep have long soft fur.,E
ecakacaka,adj,an area covered with water or the boggy area characterised by high water content mixed with mud especially in wet swamp lands.,,Ahabw'enjura kugwa omuhanda gwona n'ecakacaka.,Because of the rain the whole path is slipperly and wet.,E
ecupa,n,bottle: a glass container usually round with straight sides and a narrow neck used especially for liquids.,bottle,Omwana yaanywera amate omu cupa.,A child is taking milk from the bottle.,E
edaari,n,ceiling: top inner surface of a room.,ceiling,Edaari y'enju yangye neerabwamu amaizi.,The ceiling of my house is leaking.,E
edakiika,n,minutes: any of the 60 equal parts of an hour.,minutes,,,E
edebe,n,tin: a metal container.,tin,Ebihimba abibiikire omu debe.,She has stored beans in a tin.,E
ediini,n,"religion: a belief in God or gods associated with activities of worship and prayer, e.g. Catholicism, Anglicanism.",religion,,,E
edirisa,n,window: an opening in the wall of a building that allows light and air to come in.,window,,,E
edubu,n,bear: a large heavy animal with thick fur.,bear,Edubu n'ekikooko ekirikushangwa omu mahanga g'obutiti.,a bear is an animal found in temperate countries.,E
eduuka,n,shop: a building where trading takes place.,shop,,,E
ee,adv,yes: affirmative.,yes,ee ninza kwija omu mwebazyo.,"Yes, I will come in the evening.",E
eego,adv,"yes: a word used to express acceptance, willingness or agreement.",yes,,,E
eego2,int,"oh: an exclamation used to express a variety of emotions, such as surprise, dissappointment and pleasure often as a reaction to something someone has said.",oh,Eego nkagabwa mureebire ngu naaza kunyanga.,Oh! I knew he wouldn't pay me.,E
efa,n,bowel or intestinal contents; excrement.,,Ababaagi baareka hanu efa.,Butchers have left here animal excrement.,E
efaakazi,n,a widow: a woman who lost her husband and decides not to re-marry.,a widow,Efaakazi egi neeyenda obuyambi.,This widow needs help.,E
efaamu,n,"farm: a reasonable big area together with its buldings, set apart for the growing of crops and/or rearing of animals.",farm,Omukozi waitu w'omu faamu tariho eriizooba.,Today our farm labourer is not around.,E
efaana,n,tapeworm: a long flat worm with a soft body and no legs that lives in the tube that carries food out of the stomach of humans.,tapeworm,Babaagire ente baashanga efaana omunda yaayo.,They slaughtered a cow and found tapeworms in its stomach.,E
efaani,n,fan: an object that uses electric power to circulate cool air.,fan,Ekyoya kyaba kingi taho faani.,"It is too hot, put on the fan.",E
efato,n,"a combination of being disorderly, dirty, lazy especially on the side of a woman in a family.",,Efato ye ekamuremesa amaka.,Her untidiness made her fail to maintain a family.,E
efeeza,n,silver: a valuable grey metal that is used for making things like jewellery and coins.,silver,Ajwaire empeta y'obuguzi bwingi y'efeeza.,He has an expensive silver ring.,E
efoobe,n,"someone who is new to a school or any other place and does not mind about himself or others, or simply takes things easy.",,Akashwera omukazi w'efoobe.,He married an un interested woman.,E
efoomu,n,"form, bench: a long usually hard seat for two or more people often found in public places.","form, bench",Efoomu ei tubaire tushitamireho omu bugyenyi ehendekire.,The bench we were seated on at the party broke down.,E
eforogo,n,"forked hoe: a type of hoe that is fork shaped, and is used to dig in stony or hard rocky areas.",forked hoe,,,E
efotogoro,adj,something that is disorganised by many but uncoordinated organisers.,,Embaga yaawe ekaba efotogoro.,Your party was disorganised or disorderly.,E
efuka,n,hoe: a garden tool used for tilling the soil or removing weeds from the garden.,hoe,,,E
efukuzi,n,mole: a rat like animal that stays underground and destroys peoples garden's of,mole,,,E
efumbatwa,n,,,,,E
efumbi,n,"a disease (common among lod people) which attacks some parts of the body like teeth, bones, etc.",,,,E
efumbi,n,each of the small swellings in the lymphatic system where lymph is filtered and lymphocytes multiply in response to infection.,lymph node,Bakabaaga ente baashanga eine efumbi nyingi. The cow they slaughtered had a lot of lymph nodes.,,E
efuuti,n,"courtyard, a well tended garden.",compound,,,E
efuuti,n,unit of measurement. Etym: [<English.foot>].,foot,,,E
efuuzi,n,a child whose parents are dead.,orphan,,,E
egaaju,n,a brown cow.,,,,E
egaari,n,a two wheeled cycle.,bicycle,,,E
egaari y'omwika,n,a chain of wagons used for transporting people or bulky commodities.,train,,,E
egaashe,n,a type of grass that grows in grasslands.,,,,E
egabo,n,a meal or type of food that has been prepared for a special occasion.,meal,,,E
eganduura,n,a long garment worn for official or ceremonial occasions.,robe,,,E
egashani,n,"a large vault for burrying kings, especially used in Ankole.",royal tomb,,,E
egiigya,n,type of loan grass.,,,,E
egiraasi,n,"a transparent object used to make windows, bottles and other objects. Etym: [<English.glass>]. Emeeza egi ekozirwe omu giraasi. This table is made of glass.",,,,E
egirikani,n,a plastic container with a handle on top. Etym: [<English.Jerrycan>].,,,,E
egirita,n,a razor blade: a thin metal used especially for treaming nails and for shaving hair.,,,,E
egobore,n,a musical instrument with many strings stretched over a flat wooden box and played with the fingers.,zither,,,E
egomborora,n,a political or regional division which is below the county and above the parish. Etym: [<Luganda.gomborora>].,sub-county,,,E
egoobe,n,a kind of whistling where hands are used to create a high-pitched sound.,,,,E
egoya,n,,,,,E
egunga,n,a specie of grass.,,,,E
eguniya,n,"a bag made out of strong rough materials usually sisal commonly used for carrying and storing millet, beans, flour, etc.",sack,,,E
egunu,n,"that person, animal or plant that is much smaller than the usual size.",,,,E
egyaga,n,a big container that is used fo keeping and serving porridge or other liquid warm drinks. Etym: [<jar. English>].,,,,E
egyambiya,n,machette,machette,,,E
egyora,n,a roll of cloth.,cloth,,,E
egyuri,n,diluted local potent gin called waragi.,spirit,,,E
ehaagu,n,salty water given to cows. Akeeshere ente amaizi g'amanure. He gave cows salty water.,,,,E
ehee,int,,,Ehee! abeegi kabakozire gye ebigyezo!,"Eh!, surprisingly students passed well their exams!",E
ehiira,n,sour porridge. Aha bugyenyi bakagabura ehiira. They served sour porridge at the party.,porriedge,,,E
ehindaneegwa,n,rotten eggs which are left over unhatched.,eggs,,,E
ehirira,n,occuring with a lot of force or vigour. Embaga etyo ehirira. The party happened with a lot of vigour.,,,,E
ehirizi,n,"African traditional medicine, usually sewn in a small piece of cloth, and used for protective purposes.",,,,E
ehoteeri,n,a building where you pay to have a room to sleep in and where you can eat meals. Etym: [<English.hotel>].,hotel,,,E
ehuruuru,n,campaign for some programme or ideology. Bateire ehuruuru ya poliyo. They made a campaign against polio.,,,,E
ehuuma,n,folk; kitchen utensil used for eating food.,cutlery,,,E
ehuuru,n,"a person, animal or any other creature of usually small size. Obwana bwe bwona n'ehuuru. All her children are dwarfs.",dwarf,,,E
ehuuzi,n,"a long thin strand of cotton, nylon or other fibres used in sewing or weaving.",thread,,,E
eibaagiro,n,a place where animals are slaughtered.,abattoir,,,E
eibaare,n,a hard and impamiable solid rock.,stone,,,E
eibaare,n,a song written and released by musicians as part of a music album.,,,,E
eibaati,n,metalic sheet used for roofing houses.,iron sheet,,,E
eibabi,n,leaf of a plant.,,,,E
eibaiziro,n,"a place where wooden items like chairs, tables, doors and windows are made. Naamushanga arikuza omu ibaiziro rye. I found him going to his carpentry workshop.",carpentry workshop,,,E
eibambiro,n,a place where cattle and animal skins are dried.,,,,E
eibambiro,n,a shrine or alter.,,,,E
eibanga,n,mystery. Katwature eibanga ry'okwikiriza. Let us proclaim the mystery of faith.,,,,E
eibanga,n,respect a person gets because of his integrity.,honour,,,E
eibanga,n,rising or falling sharply not gradually. Eibanga eri ryandusya munonga. This steep slope has made me very tired.,slope,,,E
eibango,n,"a back deformed by a sharp forward angle forming a hump, caused by collapse of one or more vertebrae.",hunchback,,,E
eibanja,n,something owed by one person to another e.g. money.,debt,,,E
eibanja,n,the state of owing someone something e.g. favour. Nyine eibanja ry'okukutaayaayira. I owe you a visit.,,,,E
eibano,n,a shaft of an arrow.,,,,E
eibara,n,a mark or design on the surface of something. Ekiteeteeyi kye kiine amabara marungi. Her dress has a good design,a spot,,,E
eibara,n,a stain.,,,,E
eibaraza,n,covered area outside a house often enclosed by a low wall.,veranda,,,E
eibatirizo,n,a place designated for baptising people.,font,,,E
eibega,n,the joint connecting the arm with the trunk.,shoulder,,,E
eibiba,n,Okwezi kwa mwenda n'eibiba ry'oburo. September is the sowing season for millet.,sowing season,,,E
eibiikiro-ry'ebitabo,n,a place where books are kept.,library,,,E
eibinja,n,a disease that attacks plants making the leaves dry up.,,,,E
eiboroboro,adj,insisting on doing things that are above one's level. Akeeteera eiboroboro kushwera akiri muto amaka gaamurema. Не insisted on marrying when he was young and the family broke up.,,,,E
eibugane,n,,,,,E
eibugane,n,"a disease that attacks the skin, believed to be caused by stepping on a grave or place where twin rituals have been performed.",,,,E
eibumba,n,a fine grained soil that is soft and permeable when wet. Enyungu nizikorwa omu ibumba. Pots are made of clay.,clay,,,E
eibunu,n,doing things reluctantly.,,,,E
eibutika,n,large quantity of saliva spat out in one go.,,,,E
eicanda,n,,,,,E
eicuba,n,a container used to draw water from the well to the watering trough for animals.,,,,E
eicumbi,n,a place of residence.,a camp,,,E
eicumu,n,a sharp pointed weapon with a long shaft. Eicumu ni kimwe aha bintu ebirikukozesibwa kuhiiga. A spear is one of the hunting tools.,a spear,,,E
eicwamba,n,hair that grows on one's legs.,,,,E
eicwero,n,a court house. Bakamutwara omu icwero ry'emishango. They took him to the court house.,,,,E
eidinda,n,designs of folds on a cloth.,pleat,,,E
eifa,n,widespread famine.,,,,E
eifa,n,edible fruit that is oval shaped.,,,,E
eifo,adv,"below, down there. Eiziba bakaritimba eifo y'omusiri. The well was dug below the garden.",,,,E
eifukunkura-marira,n,a period of misery. Omwegyemure ku gwatweire amaju g'abantu haabaho eifukunkura marira omu kyaro. There was a period of misery when the floods washed away people's houses.,,,,E
eigabuka,n,state of hapinnes or joy.,,,,E
eigabuka,n,the first few months after one's wedding.,honeymoon,,,E
eigana,n,a hundred: the cardinal number written as 100 in Arabic numerals.,,,,E
eigana,n,a herd. Aine eigana ry'ente. He has a big herd of cattle,,,,E
eigaro,n,handful; a quantity that fills the hand. Omukazi akampereeza eigaro ry'omwonyo. The woman gave me ahandful of salt.,,,,E
eigobe,n,mating season for dogs. Embwa niziza omu igobe nyekiro. Dogs always mate at night.,,,,E
eigomero,n,a holding place for cattle.,,,,E
eigomezo,n,a place that is impossible to reach place.,,,,E
eigosi,n,either of the two oval organs enclosed in the scrotum behind the penis that produces sperms in men and other male mammals.,testicle,,,E
eigufa,n,any of the pieces of hard whitish tissue making up the skeleton of humans and other animals.,bone,,,E
eigundu,n,to talk in a boastfull manner.,braging,,,E
eiguru,n,atmosphere: the sky and outer space seen from the earth. Eiguru ririmu enyonyozi. There are stars in the sky.,,,,E
eiguru,n,heaven.,,,,E
eigyembe,n,new hoe: a tool with a large blade used for digging or cultivating. Etym: [<Swahili. jembe>].,,,,E
eigyesha,n,a harvesting season.,,,,E
eihamba,n,wilderness: unoccupied land. Yesu akaza omu ihamba kumara enaku makumi ana. Jesus was in the wilderness for fourty days.,,,,E
eihamba,n,a state of being alone.,loneliness,,,E
eihambira,n,"mound: a pile of earth, for growing",,,,E
eihambira,,potatoes.,,Eihambira ritweirwe omutunga.,The potato mound was washed away by running water.,E
eihanga,n,"territory: a nation, country or state; a nation with its own government.",territory,,,E
eihangiro,n,something to lean on.,,"Ahabw'okugira oruzengyerera, naaba ninyetenga eihangiro nkeemerera.","Due to dizziness, I needed something to lean on as I stood.",E
eihangwe,n,afternoon: period of time between between 12:00 and 4:00PM.,afternoon,,,E
eihano,n,a strange or mysterious occurance.,,,,E
eihari,n,envy: a feeling of resentment aroused by someone else's possessions and achievements.,envy,,,E
eihato,n,ambition or zeal.,,,,E
eihe,n,army: the military forces of a country which are trained to fight on land.,army,,,E
eihe,n,a big crowd.,,,,E
eiheeshero,n,forge: a place where black smithing is done.,forge,,,E
eihega,n,cooking stone: one of the three stones on which a pan is placed while cooking.,cooking stone,,,E
eihema,n,tent: a small structure made of cloth or metal sheeting where people sleep especially while camping.,tent,,,E
eihembe,n,"horn: one of the hard objects projecting on the head of certain animals, e.g. cows, goats, buffalos, etc.",horn,,,E
eihere,n,a fish egg.,,,,E
eihiisizo,n,brewery: a place where alcohol is brewed.,brewery,,,E
eihimbi,n,stubborniness.,,,,E
eihira,n,a hare's tail.,,,,E
eihoreere,n,serenity: a peaceful atmosphere.,serenity,Ahi twariiriire haka hariho eihoreere.,Where we ate from there was serenity.,E
eihozo,n,a type of grass.,,,,E
eihunde,n,,,,,E
eihunga,n,storm: a heavy rain with wind.,storm,,,E
eihuuriro,n,threshing floor.,,Akaza kuhika omu eihuuriro yaashanga baaherize kuhuura oburo.,"By the time he went to the threshing place, they had finished threshing millet.",E
eihwa,n,a thorn: a small but sharp pointed part on the stem of some plants.,a thorn,,,E
eihwero,n,"a dangerous place where many people perish, literally meaning a place of no return.",,,,E
eijaga,adv,extravagance or wastefulness: spending in a wasteful manner.,extravagance or wastefulness,Reka kukwata ijaga.,Do not be extravagant.,E
eijugo,n,a hunting bell.,,,,E
eikama,n,arrogance.,,Omwishiki aine eikama naayenda buri kimwe tukimukorere.,The girl is arrogant; she wants us to do everything for her.,E
eikanda,n,a drop.,,Eikanda ry'amaizi.,A drop of water.,E
eikara,n,charcoal.,,,,E
eikondere,n,an insect: a black beetle.,an insect,,,E
eikondere,n,a musical instrument: a trumpet.,a musical instrument,,,E
eikooko,n,a very ugly person.,,Akashwera omukazi n'eikooko.,He is married to a very ugly woman.,E
eikoomi,n,,,,,E
eikoomi,n,,,,,E
eikoora,n,,,,,E
eikorero,n,factory: a place where manufacturing takes place.,factory,,,E
eikorokonyo,n,to watch over enemies or thieves; to keep awake all night so that thieves or enemies do not attack.,,,,E
eikoto,n,a shrine where women go to pray when men go to fight.,,,,E
eikyengi,n,a palm tree thorn.,,,,E
eimaasiro,n,battlefield: a region where a battle is being (or has been) fought.,battlefield,,,E
einogoorero,n,a workshop where clayware is made.,,,,E
einoni,n,"chalk: a type of soil white in colour, used for painting traditional houses.",chalk,,,E
einyuukiro,n,a place where banana fruits are pressed to yield juice.,,,,E
einywero,n,bar: a room or establishment where alcoholic drinks are served over.,bar,,,E
eipapa,n,wing: a part or organ for flying.,wing,,,E
eipapaari,n,pawpaw/papaya: a tropical fruit of the clustered apple family with yellow fruits and sweet pulp.,pawpaw/papaya,,,E
eipeera,n,a guava: a tropical yellow and green colour fruit bearing tree.,a guava,,,E
eipeesha,n,a button.,,,,E
eiraguriro,n,a health centre or hospital.,,,,E
eiraka,n,the distinctive quality or pitch or condition of a person's speech.,,,,E
eiraka,n,the sound made by the vibration of vocal folds modified by the resonance of the vocal tract.,,,,E
eiramizo,n,a church: a place of worship.,a church,,,E
eiramuriro,n,court: a room in which the court of law sits.,court,,,E
eirarira,n,medicinal plant used to cure cough.,,,,E
eiraro,n,madness: obsolete term for legal insanity.,madness,,,E
eiraro,n,naughtiness or stubbornness.,,,,E
eirembo,n,entrance.,,,,E
eirembo,n,hospitality.,,Akashwera omukazi arikutaasya eirembo rya iba.,Не married a woman who is welcoming.,E
eirengye,n,a herbal plant that treats stomachache.,,,,E
eiriho,n,thirst.,,,,E
eiriiro,n,room: dining-room.,room,,,E
eiriisizo,n,"a grazing place, a dairy farm.",,,,E
eirimbo,n,cemetry: a tract of land used for burials.,cemetry,,,E
eirindiro ry'enyamaishwa,n,a national game park or game reserve.,,,,E
eirobo,n,a fishing hook: a curved or bent implement for catching fish.,a fishing hook,,,E
eirogo,n,charm or witchcraft.,,,,E
eirundaaniro,n,a gathering place.,,Ekitara kiba erundaniro ry'oburo.,The granery is the gathering place for millet.,E
eirungu,n,state of being lonely.,,,,E
eirungu,n,a desert: arid land with little or no vegetation.,a desert,,,E
eirwariro,n,hospital or health centre: a place where people go for treatment.,hospital or health centre,,,E
eisasi,n,bullet: a projectile that is fired from a gun.,bullet,,,E
eishaari,n,a small branch of a tree.,,,,E
eishaaruura,n,the period at the end of the harvesting season.,,,,E
eishaazi,n,a place where cows go after being milked before they go to graze.,,,,E
eishaija,adj,acting in a masculine way.,,,,E
eishama,n,red buck: a wild animal with big and long curved horns that looks like cows.,red buck,,,E
eishamato,n,a handful of something.,,,,E
eishamba,n,a big plantation: a large garden of crops.,a big plantation,,,E
eishamba,n,"an eagle, vulture: a large bird of prey with a powerful hooked bill, long broad wings, and a strong soaring flight.","an eagle, vulture",Eishamba ririire obwana bw'enkoko ryabumaraho.,A grey eagle ate all the chicks.,E
eishanda,n,grasshopper's hind leg.,,,,E
eishandiizo,n,the hind claw of a hen.,,,,E
eishanga,n,"elephant tusk: the hard smooth, yellowish-white substance forming the main part of the tusks of an elephant and used as ornamental substance.",elephant tusk,,,E
eishanje,n,a king's grave: an excavation for the burial of a king.,a king's grave,,,E
eishanju,n,dry branch of a tree.,,,,E
eishansha,n,dry banana leaf.,,,,E
eisharamara,n,carpentry workshop: a place containing equipment for constructing and repairing wooden objects and structures.,carpentry workshop,,,E
eishaza,n,county: an administrative division below a district made up of sub counties.,county,,,E
eisheemwe,n,brotherhood or sisterhood: the kinship relation between a male offspring and the siblings or between a female offspring and the siblings.,brotherhood or sisterhood,,,E
eishekye,n,foam in the churning calabash from which ghee is formed.,,,,E
eishekyera,n,the first phase of clearing the bush in a wetland in preparation for millet growing.,,,,E
eishemerezo,n,operating theatre: a place where surgical operations are carried out.,operating theatre,,,E
eishengyero,n,Parliament: an assembly of persons who make laws of a nation.,Parliament,,,E
eishobe,n,a place where cats give birth.,,,,E
eishohorero,n,a place where women gather together to wash clothes ог utensils.,,,,E
eishokye,n,hair: a fine thread-like strands that grows from the skin of mammals including human beings.,hair,,,E
eishomero,n,school or institution: a place where people go for education.,school or institution,,,E
eishomishomi,n,acting as though one is very religious or educated.,,,,E
eishomo,n,subject: a course or area of study.,subject,,,E
eishomo,n,church readings.,,,,E
eishomo,n,lesson.,,,,E
eishoobya,n,a wild green plant with long very pointed thorns.,,,,E
eishuma,n,the habit of stealing.,,,,E
eishumi,n,knot: a fastening made by intertwinning or tying together length as of rope or string.,knot,,,E
eishunshuriro,n,"salon: a shop or commercial establishment where the work of hairdressing. treatment, shaving, braiding and plaiting is done.",salon,,,E
eishunshuriro,n,ginnery (for coffee or cotton).,,,,E
eishuuku,n,bullet cartridge: a metal catridge containing bullets.,bullet cartridge,,,E
eishwa,n,wilderness.,,,,E
eisiguriro,n,a place where fulfilment of vows is done.,,,,E
eisinga,n,the rear part of a ship or boat.,stern,,,E
eisyo,n,"a group of animals of one kind which live, feed or move together.",herd,,,E
eitaagi,n,a part of a tree that grows out of the main stem of a tree.,branch,,,E
eitafaari,n,brick of a block of clay dried in the sun and baked in a kiln that is used as a building material.,brick,,,E
eitahaanuriro,n,a container used to hold excess hot water that is used when necessary to make mingled millet bread of the right consistency.,,,,E
eitaka,n,a top layer of the earth's surface suitable for the growth of plant life.,soil,,,E
eitama,n,a part of the face between the nose and the ear.,cheek,,,E
eitambiro,n,an elevated structure upon which sacrifices may be offered and other religious ceremonies performed.,altar,,,E
eitangiriro,n,a place where gods are worshiped.,shrine,Eitangiriro ry'omufumu rikwasirwe omuriro.,His place of small gods caught fire.,E
eitarwe,n,a herb for witchcraft that is manipulated attacks the legs making them lame.,,,,E
eiteeka,n,a rule established by society authority or custom for establishing order.,law,,,E
eiteekyero,n,a room or a building where food is cooked.,,,,E
eiteeraniro,n,intersection; a meeting place.,junction,,,E
eitegura,n,"thin slab of baked clay, or concrete used for roofing.",roof tile,,,E
eitekyere,n,"any of the various chiefly tropical vines of a geneous dioscorea, many of which have edible tuberous roots. Dioscorea.",yam,,,E
eitema,n,a period of slashing in preparation for cultivation.,,,,E
eitembezo,n,a small platform or rung used for climbing up or down.,stair,,,E
eiteme,n,a lowlying region saturated with water and papyrus reeds.,papyrus swamp,,,E
eitendekyero,n,place where students go to study or get training after they have left high school.,college,abwaine omurimo omu eitendekyero ry'abashomesa.,he got a job in the teachers training college.,E
eitetsi,n,a situation where an individual behaves in a manner expected of young children.,childish behaviour,,,E
eitetsi,n,a condition of being fearful or weak.,,,,E
eitetsi,n,depicting spoilt behaviour.,,,,E
eitima,n,a feeling of hatred for somebody that causes a desire to harm them.,malice,,,E
eitondo,n,a very small amount of of liquid that forms a round shape.,a drop,,,E
eitongo,n,a place that has been disserted by people.,,,,E
eitongo,n,a place where a house once stood.,,,,E
eitsibikiro,n,a place where goat where goats or sheep sleep or rest.,goat-pitch,,,E
eitu,n,"a small collection of items tied up or wrapped as bundles, e.g. of tobacco, salt, sugar etc.",,,,E
eitumba,n,a period of time when there is general food shortage in an area.,famine,,,E
eitumba,n,wet season.,,,,E
eitumbi,n,past midnight before dawn.,time,,,E
eitumbi-mahihi,n,"very early in the morning, around 4.00 o'clock.",,,,E
eitungo,n,property in form of domestic animals owned by an individual.,animal,,,E
eitungo,n,materaial possession.,,Akaza Buganda kuronda eitungo.,He went to Buganda to look for wealth.,E
eitungu,n,the highest point on the roof.,roof top,,,E
eituntumura,n,a herb used in witchcraft to make someone lose his/her sense of understanding.,,,,E
eituuru,n,distance flown by a bird before it lands.,flying span,,,E
eitware,n,an administrative area under a specified leadership especially in the catholic church.,territory or diocese,,,E
eityazo,n,a stone where tools like knives and machettes are sharpened when they are blunt.,whetstone,,,E
eiyoshe,n,a disease in children caused by lack of proteins.,kwashiorkor,,,E
eizaagiriro,n,a place where cattle rest after grazing.,resting place,,,E
eizaagiriro,n,a taxi or bus park.,,,,E
eizaaniro,n,a special place or building for showing perfomances or plays.,theatre,,,E
eizaara,n,the order of children one has produced.,,Ogu mwana wangye n'ow'eizaara rya kashatu.,This child is my third born.,E
eizaariro,n,a place where pregnant women are taken to give birth.,a marternity unit,,,E
eiziba,n,a place where water is drawn.,well,,,E
eizihiro,n,a place where water is collected for the purpose of swimming.,swimming pool,omwana we omukuru akagwa omu eizihiro yaafa.,His first born drawned in the swiming pool and died.,E
eiziikiro,n,a place where the dead are burried.,cemetery,,,E
eiziina,n,a word or words to differentiate someone or something from others.,name,,,E
eiziina,n,"it refers to a person, a place or a thing.",noun,,,E
eiziina,n,the opinion people have on someone or something.,reputation,Ekitongore kyabo kiine eiziina rirungi.,Their company has a good reputation.,E
eizinga-birago,n,having sex with a woman in the early morning hours (about 5:00 to 6:00 am).,human beings,Omutsigazi yakyerererwa kuza kukora aha bw'okubanza aha eizinga-birago.,The young man delayed to come for work because of sex in the morning.,E
eizinio,n,either of the two large fleshy masses of muscular tissue that form the human rump.,buttock,,,E
eizooba,n,"a star that shines in the sky during the day and gives light, heat and rays to the earth.",sun,,,E
eizooba,n,a period of twelve hours when there is light.,one day,,,E
ejerere,n,a small insect that makes a lot of noise during the early hours of the night.,cricket,,,E
ejuuri,n,a small entrance to the hut but not in front.,,,,E
ejwa,n,"a foot and mouth disease of cattle, sheep and goats which causes sores in their mouth and hooves.",disease,,,E
eka,n,"a place where one lives permanently, especially as a member of the family.",home,,,E
eka,n,group of people related to one another by blood or marriage and live together.,,,,E
ekaanyima,adv,a place at the back of the house.,behind,Ayesherekire ekanyima y'enju.,She is hiding behind the house.,E
ekaasi,n,,,,,E
ekabada,n,"a piece of furniture with shelves used for keeping cups, glasses, plates and cutlery.",cupboard,,,E
ekanisa,n,a bulding where Christians go to worship God.,church,Turiyo nitwombeka ekanisa y'okushabiramu.,We are building a church where to conduct our services from.,E
ekanzu,n,"a cassock-like attire, cream or white usually worn by Baganda as a traditional dress.",tunic,,,E
ekaraamu,n,writing or drawing material.,pencil,,,E
ekaraayi,n,cast iron bowl used for washing.,,,,E
ekarabo,n,an act of slaughtering an animal or surrendering a possession as an offering to God.,sacrifice,,,E
ekarwe,n,a short herb with small but long leaves with yellow flowers that grow in wet areas especially near water points.,,,,E
ekerezia,n,a building where people meet to worship and praise God.,church,,,E
eki,adj,this.,,Waba noomanyisa eki kitabo?,Did you mean this book.,E
ekiba,n,items that are tied together.,bundle (especially of firewood),,,E
ekibaaju,n,first person to do a wonderful thing.,,,,E
ekibaaju,n,"leader of a clan, one who is respected and looked up to.",,,,E
ekibabi,n,a leaf.,,Amababi g'omuyembe nigatamba orukororo.,Leaves from mango tree cure cough.,E
ekibako,n,tomb.,,,,E
ekibanda,n,"a temporally shelter that has been erected for parties, films/movies, etc.",,,,E
ekibanda,n,a wad of tobbacco or meat.,,,,E
ekibandamirizi,n,an unpleasant experience where someone is attacked and stiffled while sleeping to the extent that he or she cannot speak.,narcolepsy,,,E
ekibandira,n,a passage created after someone or something goes through a bushy area.,a train or truck,,,E
ekibandira,n,the unsharpened edge of a machete.,,,,E
ekibando,n,a big stick used when clearing the bush especially opening up land for cultivation.,,,,E
ekibango,n,a long stick with pointed end thrown in sports competetitions.,javeline,,,E
ekibani,n,a branch of a certain type of tree.,,,,E
ekibanja,n,a plot of land.,,,,E
ekibanja,n,a construction site.,,,,E
ekibanja,n,a piece of land.,,,,E
ekibanza,n,first day of the year.,,,,E
ekibara,n,a large patch of colour on a clean object.,,,,E
ekibaraaho,n,a piece of cloth which women wrap around the body especially among the Banyankore and Bakiga.,garment,,,E
ekibaya,n,"an object, often made out of papyrus or wood, used for stirring food.",,,,E
ekibazo,n,a complete statement.,sentence,,,E
ekibego,n,part of the food that is taken from one's share and given to a loved one when eating.,,,,E
ekibeguka,n,the broken off piece of a part of some object.,,,,E
ekibero,n,part of the human leg between the hip and the knee.,thigh,,,E
ekibi,n,sin: an immoral act considered to be against the divine law.,,,,E
ekibi,n,something that is dangerous or bad.,,,,E
ekibibi,n,mark on the body that does not look like the skin.,birthmark,,,E
ekibibiro,n,a small basket used when sowing grains especially millet ог sorghum.,a sowing basket,,,E
ekibiga,n,a condition of feeling hot.,,,,E
ekibiho,n,a condition when there is no sunshine or rain. but it is cold.,weather,,,E
ekibiina,n,a room where classes are conducted by an instructor.,classroom,,,E
ekibiina,n,a group of people people with similar objectives to pursue.,an association,Ekibiina ekigaita abashomesa kikabahwera kwongyerwa emishaara.,The teachers' association helped them to get a salary raise.,E
ekibimba,n,a person who is unable to use part of his or her body properly.,disabled person,,,E
ekibimbo,n,,,,,E
ekibingo,n,a tall robust tropical grass which is used as fodder and for building. Pennisetum purperteum.,elephant grass,,,E
ekibira,n,"a very big area covered with trees, and shrubs which are thick and sometimes impenetrable.",forest,,,E
ekibira,n,a piece of land.,,,,E
ekibiriiti,n,match box.,,,,E
ekibiriza,n,boiled meat.,,,,E
ekibisi,n,something that is not ripe.,,,,E
ekibisi,n,something that is not dry especially when water has spilled on it.,,Ekiteeteeyi kyawe ni kibisi.,Your dress is wet.,E
ekibisi,n,That which is not cooked.,,,,E
ekiboho,n,"bundle of food stuffs like meat, cassava or sweet potatoes.",packet,,,E
ekibombo,n,a climbing plant whose roots are used as medicine for deworming animals.,brown creeper,,,E
ekibondaigo,n,stomach upset resulting from eating too much food.,,,,E
ekibonwomwe,n,a shooting star.,,,,E
ekiboroogo,n,a long loud cry.,scream,Omwishiki ateire ekiboroogo nyina ku aherize kufa.,The girl screamed after the death of the mother.,E
ekibuba,n,the cut stalks of cereal plants left sticking out of the ground after the grain is harvested.,stubble,,,E
ekibuga,n,a collection of buildings business and shopping areas.,urban area,,,E
ekibuga,n,an open place surrrounding a house.,,,,E
ekibuga,n,an open enclosure or kraal for cows.,,Ekibuga ky'ente.,A cattle kraal.,E
ekibugu,n,a piece of cloth-like material made by artisians from bark of a tree stem.,bark cloth,,,E
ekibugu,n,a large biting fly commonly found in swamps.,,,,E
ekibumbe,n,a child that has not yet reached the speaking age.,,,,E
ekibumbe,n,an artistic impression drawing.,a statue,,,E
ekibumburi,n,a circular object.,a rounded object,,,E
ekibunda,n,a place sheltered from the sun or light.,shadow,,,E
ekibunda,n,shed.,,,,E
ekibunga,n,a small floating island that keeps moving from one place to another.,,,,E
ekibungo,n,land that is more raised compared to the sorrounding area.,hill,,,E
ekibungururwa,n,a larva of butterfly or moth which has a segmented worm-like body.,a hairly cartepillar,,,E
ekibunu,n,either of the two fleshy rounded part of the lower end of the back especially used for sitting.,buttocks,,,E
ekibunu,n,the foundation or bottom of something.,,Aha kibunu ky'ekikopo hariho eitaka.,There is soil at the bottom of the cup.,E
ekibunu,n,lowest part or place.,,Ekitookye akakitema aha kibunu ky'orutookye.,The banana that he cut was from the lowest part of the plantation.,E
ekibura,n,a dihonest person or someone without principles.,,,,E
ekiburaburingwa,n,"an abnormal or unsual idea, act or occurance.",freak,,,E
ekibuuzo,n,order of words which requests for information or an answer.,question,,,E
ekibuza-buryo,n,a person who is so weak minded that he is incapable of rational conduct.,idiot,,,E
ekibwana,n,a young dog.,puppy,,,E
ekibya,n,"a wooden open vessel where bananas are squeezed, to extract juice and local beer brewed.",boat,,,E
ekicezi,n,"a small fur covered rodent with strong teeth which gnaws at hard objects like sugarcanes, cassava, etc.",mole rat,,,E
ekicoboyo,n,young beans which are usually cooked before fully developed.,beans,,,E
ekiconco,n,a present to a person.,gift,,,E
ekicoori,n,zea mays. maize cob.,cereal,,,E
ekicoori,n,maize plant.,,,,E
ekicooricoori,n,a maize plant that is left behind after harvesting.,,,,E
ekicu,n,a visible water vapour floating above the earth.,cloud,,,E
ekicuba,n,"a vessel for urine, used at night in the bedroom.",chamber pot,,,E
ekicuju,n,a piece of old and torn cloth.,rag,,,E
ekicukura,n,a larva that stays and breeds in cow-dung.,dung-muggot,Naareeba ekicukura omu masha g'ente.,I have seen a dung-muggot in the cow's dung.,E
ekicuma,n,a larva tha lives in dirty sleeping places or beds.,tissue maggot,,,E
ekicumbe,n,meal of banana of the beer variety cooked and and mashed with beans.,,,,E
ekicumbwituka,n,a quantity of liquid that does not fill the container.,half full,,,E
ekicumucumu,n,"a tall plant with large, red flowered pricking balls.",,,,E
ekicumuro,n,offence which involves breaking laws and regulations.,crime,N'ekicumuro okukoresa omwana muto emirimo emukizire.,It is a crime to make a child do heavy tasks.,E
ekicumurwa,n,half burnt fire wood got from the fire place when still burning.,firewood,,,E
ekicuncu,n,a large powerful wild animal in the cat family that hunts in groups and live in parts of Africa and South Asia.,lion,,,E
ekicuncu,n,plant with very dark green leaves and its very bitter.,,,,E
ekicunga,n,clay vessel with a side inlet used in smoking milk pots.,,Ekicunga kye kikaatika yaabura eky'okwoteza ebyanzi bye.,His clay vessel broke and he has nothing to smoke his milk pots.,E
ekicungiro,n,a wall or embarkment made to prevent flooding.,ditch,,,E
ekicunguro,n,a payment made to obtain freedom or somebody to be set free.,ransom,,,E
ekicungwa,n,a fruit that resembles an orange but is not edible.,,,,E
ekicupuri,n,something that is not genuine but is made in such a way that it looks like genuine.,fake or counterfeit,,,E
ekicura,n,a cow that is too old and produces young ones.,,,,E
ekicuragyenyi,n,a wild plant which has hairs on its leaves that stings when touched.,,,,E
ekicure,n,someone who is in comma.,a very sick person,,,E
ekicuriganyi,n,,,,,E
ekicurizo,n,a clear note made by forcing air or stream through a small opening between the lips.,whitsle,Ogwo musigazi naakunda kucuriza.,That boy likes whitsling.,E
ekicuro,n,sudden quick and uncontrollable movement of muscles.,,Obu naagira ekicuro ekitsigye naaza kureeba omugyenyi.,I have got a twitch on my eye I am about to see a visitor.,E
ekicuucu,n,"dark area on the ground, wall, floor, etc. due to cut off of direct rays of light.",shed,,,E
ekicuukuure,n,land that has been overcultivated and has lost fertility.,fallow land,,,E
ekicwagure,n,something that is chopped into small pieces or is reduced in size.,,,,E
ekicwamugongo,n,blind worm.,,,,E
ekicwamuhendo,n,money paid in advance for the purchase of an item or given as first part of a large payment.,deposit or instalment,Akahayo ekicwamuhendo aha njugano.,He paid a deposit on the bride price.,E
ekicwanyagurika,n,part of a solid substance broken into smaller fragments or pieces.,,,,E
ekicwanzima,n,"a small boneless, limbless, creeping creature living underground.",,,,E
ekicweka,n,one of the two equal or corresponding parts into which something is divided.,part of something,,,E
ekicwero,n,one tenth of the annual produce of the farm or income that is paid as tax to the church.,tithe,,,E
ekidaara,n,a shelter supported by poles and rop made temporarily for occasions like parties.,,,,E
ekidandari,n,a place of amusement where people go for merry making especially for drinking and dancing.,,,,E
ekide,n,a hollow vessel of cast metal that makes a ringing sound when struck.,a bell,,,E
ekidiba,n,constructed wells for cattle dipping.,dip tank,Ekidiba ekihango omuri Mbarara kyomire.,The big dip tank in Mbarara has dried up.,E
ekidiba,n,a place constructed as a water reservoir.,,,,E
ekidoma,n,a foolish person: a person who behaves or speaks in away that lacks intelligence.,a foolish person,,,E
ekidomora,n,jerrycan: a large plastic container with flat sides used for carrying water and other liquids.,jerrycan,,,E
ekidondi,n,"thread: a roll of thread which is used in making clothes, sweaters, table clothes etc.",thread,,,E
ekidongo,n,a wall: a long vertical solid structure made of mortar or bricks.,a wall,,,E
ekidongo2,n,guitar: a six stringed musical instrument plucked with the fingers or a plectrum.,guitar,,,E
ekidore,null,toy.,,,,E
ekidori,n,a vessel for urine used in the bedroom.,,,,E
ekifaafa,adj,stupid person.,,,,E
ekifaayongo,adj,fool: person who acts in a stupid way.,fool,,,E
ekifabigyere,n,impotent man: a man who is unable to perform sexual act.,impotent man,,,E
ekifaduuku,adj,,,,,E
ekifamatu,adj,deaf person: someone who is unable to hear at all or unable to hear well.,deaf person,,,E
ekifamutima,adj,fool: a person without much sense or one whose conduct is considered silly.,fool,,,E
ekifeera,n,a coward that is weak and timid.,,,,E
ekifenensi,n,"jackfruit: a fruit with rough skin, sweet juice and big white seeds.",jackfruit,,,E
ekifi,n,pieces of chicken meat cut into small parts in preparation for cooking.,,,,E
ekifiire,n,a person who is weak minded and incapable of rational conduct.,,,,E
ekifiizi,n,whistle: a sound made by forcing air inward through half closed lips.,whistle,Abariisa nibakunda kuteera ekifiizi.,Herdsmen like whistling.,E
ekifo,n,a place where religious leaders live.,,Baaza aha kifo kureeba omukuru.,,E
ekifu,n,,,,,E
ekifuba,n,chest: the upper front part of the body between the neck and the stomach.,chest,,,E
ekifuba2,n,force: using violent means to achieve an objective.,force,,,E
ekifubiro,n,punishment for wrong doing.,,,,E
ekifumuka,n,a hole: an opening in the surface of something.,a hole,,,E
ekifumurano,n,foetus: a young calf found in a slaughtered cow.,foetus,,,E
ekifunduuzo,n,opener: a tool used to open other things.,opener,,,E
ekifunga,n,a packet.,,Naamubugana n'ekifunga ky'omwonyo.,I met him carrying a packet of salt.,E
ekifunjo,n,papyrus plant: a tall water plant with thick stems used to make papers and carpets.,papyrus plant,,,E
ekifunyika,n,bale: a collection of clothes tied together.,bale,,,E
ekifuro,n,,,,,E
ekifuruuto,n,a form of skin rash: part of the body that becomes larger as a result of sickness or injury.,a form of skin rash,Akatonerwa enjuki yaafuruuta ahamaisho.,He was stung by a bee and his face got swollen.,E
ekifuruuto,n,a cattle disease that causes swelling on the body.,,,,E
ekifuuha,n,a round hut built using grass.,,,,E
ekifuzi,n,saliva from the babies mouth.,,,,E
ekigaaniiro,n,conversation: an informal talk involving two or more people.,conversation,Wantaahira ekigaaniro!,You've gone without anything!,E
ekigaaniizo,n,a joke: something done or said that makes someone laugh.,a joke,,,E
ekigaara,n,a gun. the butt of a gun.,,,,E
ekigaari,n,a modern wheel barrow: a large open container with a wheel and has handles that can be used for pushing.,a modern wheel barrow,,,E
ekigabo,n,,,,,E
ekigagara,n,a litter for carrrying a bride or a patient.,,,,E
ekigambo,n,word: a unit of a language that is written or spoken.,word,Engiga nizikora ekigambo.,Syllables form a word.,E
ekigando,n,a tall mascular person.,,Akashwerwa ekigando ky'omushaija.,He got married to a tall mascular man.,E
ekigango,n,a church hall.,,,,E
ekigangye,n,,,,,E
ekiganja,n,palm: the inner part of the hand between the fingers and the unrist.,palm,,,E
ekigano,n,a folk tale: a very old traditional story that is orally passed on.,a folk tale,,,E
ekiganyiro,n,forgiveness: an act of letting a wrongdoor to be free.,forgiveness,Akashaba mukuru w'ekanisa ekiganyiro.,He asked for forgiveness from the pastor.,E
ekigaramiro,n,backresh of a seat: anything that someone presses his back on to rest.,backresh of a seat,,,E
ekigigo,n,molar: the large tooth at the back of the mouth.,molar,,,E
ekigiiko,n,spoon: a tool used for eating or serving food.,spoon,,,E
ekigimusa,n,manure/fertilizer: waste matter specifically from animals put in soil to help crops grow.,manure/fertilizer,,,E
ekigingi,n,a foul committed to someone when playing a game especially football by placing your foot against another with the intention of causing a muscle strain.,,,,E
ekigingi2,n,a piece of wood or something made purposely to stop a vehicle from moving backwards or forwards when parked.,,,,E
ekigingirire,n,forgery: something that has been copied in order to cheat unsuspecting clients.,forgery,,,E
ekigirikaani,n,,,,,E
ekigo,n,Parish: the local subdivision of a diocese committed to one pastor.,Parish,,,E
ekigoba,n,a round of winning a game.,,,,E
ekigodo,n,the fatty part of pork.,,,,E
ekigogo,n,fresh banana fibre: stem sheath.,fresh banana fibre,,,E
ekigoigo,n,sisal plant: a tropical plant that is used in making strong ropes from its fibres.,sisal plant,,,E
ekigombe,n,"a club, association or organisation of people with common interests.",,Bakozire ekigombe ky'abariisa n'abahingi.,They have fromed an association of farmers.,E
ekigono,n,a trap laid in a stream of water to trap mudfish.,,,,E
ekigoori,adj,,,,,E
ekigorigoori,n,fontanelle: any membranous gap between the bones of the cranium in an infant or foetus.,fontanelle,,,E
ekigote,n,small solid particle that does not disolve in porridge.,,,,E
ekigoye,n,a kind of wooven hunting net trap.,,,,E
ekigugaikuki,n,,,,,E
ekigugunira,n,maize cob where seeds have been removed.,,,,E
ekigunguru,n,a round plastic jerrycan.,,,,E
ekiguri,n,red safari ants ant hill.,,,,E
ekigurukano,adv,occasionally; not often.,,Naashaba ekigurukano tarikushaba buri sande.,"He prays occassionaly, not every Sunday.",E
ekigurukira,n,cartepillar: a small creature like a worm which has legs.,cartepillar,,,E
ekigurukizo,n,"fly whisk: a bunch of grass, twigs or bristles for wiping away flies.",fly whisk,Ahabw'okushanga hariyo enshohera nyingi bakagyenda n'ekigurukizo.,Because there are many flies they went with a fly whisk.,E
ekiguuto,n,,,,,E
ekiguuvu,null,,,,,E
ekiguzi,n,a steep slope area that separates a higher ground from a lower ground.,,,,E
ekigwara,adv,sitting down with one's legs criss crossed for example the way moslems sit in a mosque or the way Bahimakazi sit.,,,,E
ekigyegye,adv,crying loudly for a long time especially among children.,,Yaazira ebyokurya ku baamugambira yaateeka ekigyegye.,"He refused to eat food when they asked him why, he started crying.",E
ekigyendererwa,n,aim: an objective that is intended to be achieved.,aim,Akaija kutaayaaya kwonka ekigyendererwa kikaba kiri okwiba.,He came to visit but his aim was to steal.,E
ekigyere,n,foot: part of the human body at the end of the leg on which one stands.,foot,,,E
ekigyerikani,n,,,,,E
ekigyezo,n,a test or examination: a written or spoken test that is given to an individual to establish how much one knows on a subject.,a test or examination,,,E
ekihagaro,n,a big crime: breaking of the law.,a big crime,Akashambanira omu Knisa yaakora ekihagaro.,He committed adultery in church which is one of the greates crimes.,E
ekihagaro,n,something disgusting.,,Iwe mwana we reka kurya ebihagaro.,Do not eat those dirty things.,E
ekihaha,n,lung: two breathing organs in the chest of human beings and some animals.,lung,,,E
ekihahaara,n,"vagabond: a person who lives a wanderer life, and does things without a second thought.",vagabond,,,E
ekihakiirizi,n,a fungal infection that forms a round mark on any part of the skin.,,,,E
ekihama,n,something which is not supposed to be known to other people,secrete,,,E
ekihamate,n,beads worn around the neck as ornaments,necklace,,,E
ekihambaara,n,one who moves around aimlessly,idler or vagabond,,,E
ekihambo,n,a young pumpkin's garden,,,,E
ekihanda,n,a rebellious person or person who is big headed,,,,E
ekihanda,n,a notorious person,,,,E
ekihandagazi,n,a track made by people or animals,,,,E
ekihandiiko,n,any written document that gives information about something,,,,E
ekihano,n,something very surprising,,,,E
ekihanuuro,n,any story that tends to foretell what might happen in future,prophesy,,,E
ekiharaani,n,a machine used for stitching materials especially clothes,sewing machine,,,E
ekiharamata,n,a large hole which goes underground as a result of run off and other causes,,,,E
ekiharara,n,an inset that looks like a locust and is usually found in dry banana leaves or dry grass,,,,E
ekiharuzo,n,a tool used to scrape millet bread remains from a pan,,,,E
ekihato,n,"a piece of wood or something used to fix a hoe in the handle, so that it becomes firm",,,,E
ekihayahaya,,,,,,E
ekiheeshe,n,a multi-layered bead worn by girls,,,,E
ekihehabaana,n,a plant with soft leaves that can be used to clean children of their excreta,,,,E
ekiheheso,n,a thin paper used for cleaning oneself after defeacating,toilet paper,,,E
ekihembe,adv,sit obliquely especially among women,,,,E
ekihembo,n,"a prize or present given to someone who has done something great ог has successfully completed a race, competetion, etc",,,,E
ekihemu,n,a feeling of guilt and embarrassment,shame,,,E
ekihene,n,the inside upper part of the eyelid,,,,E
ekiheneso,n,a sanction given to someone who has done wrong to make him or her change behaviour,punishment,,,E
ekihengyere,n,"a hole inside the ground, tree trunk, etc",,Embeba ekeeshereka omu kihengyere.,The rat hid in the hole.,E
ekihihizi,n,"a night bird with large eyes, usually heard at night or at dawn",owl,,,E
ekihiira,n,remains of what has been burnt,a burnt thing,,,E
ekihikiirizi,n,something tragic that happens unexpectedly,accident,Munywani wangye atungire ekihikiirizi.,My friend got an accident.,E
ekihikiirizi,n,a calamity or disaster,,,,E
ekihimbo,n,"a combination of written oral material (stories, poems, plays, or epics) with a lot of art and entertainment",a song or poem composition,,,E
ekihinda-mashongo,n,a small type of bird usually brown in colour,,,,E
ekihinga,n,"a long handle at the back of the a boat, that is used for controlling the direction of the boat",,,,E
ekihingwa,n,a plant that is grown either for consumption or for sale,crop,,,E
ekihinzi,n,flow of mucus from one nose,,,,E
ekihinzi,n,flu,,,,E
ekihiringitsi,n,a short piece of trunk used as a stool for sitting on,,,,E
ekihirire,n,a big crowd that assembles to accomplish a defined objective,,Orukiiko oru yaayetsire rukaijamu ekihirire ky'abantu.,A big crowd turned up in the meeting he convened.,E
ekiho,n,a skin disease that attacks the the skin and is itching,,,,E
ekiho,n,a cloud of very small drops of water in the air that makes it difficult to see especially in the morning,mist,Ahabwokukyeraho ekiho bakakyerererwa okuza omu musiri.,They delayed going to the garden because of the early morning mist.,E
ekihogo,n,a herd of cattle with a strawberry type of colour,,,,E
ekihohe,n,a soft immature calabash,,,,E
ekihome,n,a place where convicted criminals and other suspected criminals are kept as a punishment or pending trial,prison,,,E
ekihonde,n,a type of salt usually for cattle and may be used in cooking,rock salt,,,E
ekihongore,n,a structure in which calves are kept,calf pen,,,E
ekihongorezo,n,a long narrow piece of metal that is slid across a door or window in order to lock it,bolt,,,E
ekihongwa,n,a religious offering to God or gods in order to gain favour or preventing something bad from happening,sacrifice,Enumi ye empango niyo arikwenda kubaaga nk'ekihongwa ky'emandwa yaabo Biheeko.,"They want to slaughter his biggest bull as a sacrifice to Biheeko, their small god.",E
ekihonoka,n,a mark that appears on the skin after after getting injured,bruise,,,E
ekihoora,n,a state when the stomach is flat as a result of hunger,,,,E
ekihoorihoori,,,,,,E
ekihorobo,n,a hollow space in something especially on a wall or something else,hole,,,E
ekihorooni,n,latrine,,,,E
ekihosho,n,a pointed spear like tool used for digging,a digging shovel,,,E
ekihuguhugu,n,an insect with four wings often brightly coloured,butterfly,,,E
ekihumi,n,a box made of wood for bees to live in,bee hive,,,E
ekihunga,n,,,,,E
ekihungabuye,n,a piece of an iron rock,rock,,,E
ekihungu,n,a large bird of prey that kills other birds for food,eagle,,,E
ekihungungwa,adj,a person with no fixed abode,a vagabond,,,E
ekihungyetso,n,fly whisk used to keep away flies or other insects,,,,E
ekihuriire,n,"something with a life e.g. a person, animal, plant, etc",living thing,,,E
ekihurikirizo,n,a medical instrument for listening to the sounds generated inside the body,stethoscope,,,E
ekihuru,n,a space in the surface of something,,,,E
ekihuuga,n,a big white patch of colour on some cows,,,,E
ekihuumuro,n,a holiday or period of rest,,,,E
ekihuumuro,n,a period of time one spends relaxing or sleeping after work,"holidays, rest",,,E
ekihuunyira,n,a nocturnal bird of prey with hawk-like beak and claws and large head with front-facing eyes,owl,,,E
ekihuurika,n,an absent minded person,,,,E
ekihuute,n,a swelling under the skin often hard with pus in it and painful which bursts when ripe,boil,,,E
ekihuuzo,n,"a dry stick cut for threshing grains out of dry wheat, peas, beans, etc",threshing stick,,,E
ekihwagongo,n,a marriage of someone to his niece's child,,,,E
ekihwahwa,n,a gourd that is not strong and is easily broken,,,,E
ekihwamaino,n,a maize cob with scattered seeds,,,,E
ekihweraho,n,a type of house that can be built in one day or in the shortest time possible,,,,E
ekihwezabwira,n,a category of birds that gain sight at night,,,,E
ekiibo,n,a container for holding or carryig things wooven from papyrus reeds,,,,E
ekiifa,n,a type of edible wild fruit with rough skin,,,,E
ekiihira,n,a part of the body where a jigger has been removed,,,,E
ekiihuro,n,a meal already on a plate or in a dish,,,,E
ekiijaija,adj,someone that is not originally of that place,a recent comer,,,E
ekiijano,adj,a child born before a woman got married and goes with him or her,bustard,,,E
ekiijukizo,n,"a building, statue, etc built to remind people of famous person or event",monument,,,E
ekiijutsyo,n,something that makes one remember what happened,,,,E
ekiina,n,"an opening or hollow place in a solid body, for example tooth, walls and roofs of buildings",a hole or pit,,,E
ekiinaino,n,a tooth that normally grows on the gum and is not aligned with others,abnormal dental formular,,,E
ekiinami,n,a wind dispatched weed,,,,E
ekiinikiro,n,a deep hole in the ground with water where cereals e.g. sorghum is soaked to germinate so as to be used in making sweet drinks,,,,E
ekiinyi,n,the pubic region on the human sexual organs,,,,E
ekiinyina,n,what comes out of a woman's womb after she has given birth,placenta or after birth,,,E
ekiira,n,an activity that makes someone feel very happy or excited,excitement,,,E
ekiiru,n,beer brought to the girl's parents by the boy,,,,E
ekiiruka,n,vehicle: a road vehicle with an engine and four wheels.,vehicle,,,E
ekiirukano,n,diarrhoea: a disease that makes one develop a running stomach; the stool passed out is waterly and very frequent.,diarrhoea,,,E
ekiisha-mutuutu,n,a big brown bird.,,,,E
ekiita-mukago,n,a fine given by someone who marries a relative from a close family.,,,,E
ekiito,n,an answer to a riddle or a set of questions.,,,,E
ekiitsa-ntomi,n,a boxer: someone who plays boxing as a game.,a boxer,,,E
ekiiturirwa,n,"an arch: a curved structure that supports the weight of something above it, forming an entrace.",an arch,,,E
ekiizi,adj,"shallow pond: a part of the sea, lake, river, well, where the water is not very deep.",shallow pond,,,E
ekiizi,adj,an underground container for the temporary storage of liquid water and sewage.,,,,E
ekijaburo,n,rock salt: the remaining salt after cows have licked it.,rock salt,,,E
ekijagu,n,"a cut on the ear as a way of marking, labeling, or branding.",,,,E
ekijaguzo,n,celebration: a day of merry making in remembrance of an event in one's life.,celebration,,,E
ekijamba,n,bean leaves: these leaves are eaten as vegetable especially when they are young.,bean leaves,,,E
ekijeera,n,a traditional herb for treating cough and stomachache.,,,,E
ekijegye,n,mushroom: a type of inedible fungus.,mushroom,,,E
ekijenjegyere,n,a type of bird that makes noise while flying.,,,,E
ekijerere,n,cricket: an insect that is always hissing.,cricket,,,E
ekijinja,n,a seasonal swamp.,,,,E
ekijogojogo,n,a snail shell.,,,,E
ekijoojo,n,fresh banana tree sheath.,,,,E
ekijorokoma,n,,,,,E
ekijuba,n,bellow: a tool used to blow air into fire.,bellow,,,E
ekijubwe,n,a type of grass.,,,,E
ekijugo,n,penholder: a metallic like part of a pen.,penholder,,,E
ekijuguta,n,civet cat: an animal in the cat family.,civet cat,,,E
ekijuju,n,tsetsefly: a fly that can transmit sleeping sickness in human beings and nagana in animals once it bites either.,tsetsefly,,,E
ekijujuka,n,odour: unpleasant smell.,odour,,,E
ekijuma,n,fruit: a type of food that grows on trees or plants.,fruit,,,E
ekijumbura,n,local herb used by witch doctors reported to make marriages unstable.,,,,E
ekijumo,n,an abuse: rude and offensive remark.,an abuse,,,E
ekijunde,n,something which is rotten.,,,,E
ekijungirizi,n,rocket: a space craft in a tube-like shape containing its own propellant and driven by reaction propulsion.,rocket,,,E
ekijungu,n,"a banana specie, purple in colour that is thought to be exotic.",,,,E
ekijunjuma,n,a type of edible mushrooms.,,,,E
ekijunjuure,n,beetle: a black insect with a hard upper part commonly found in dung.,beetle,,,E
ekijwa-mate,n,a kind of small weed with large leaves and when cut it gives milk-like sticky substance.,,,,E
ekijwaro,n,garment or item of clothing.,,,,E
ekika,n,clan or family: a group of families that are related.,clan or family,Baine ekika kihango. Bakeeta ekika kiyona.,They have a big family. They called the whole clan.,E
ekika,n,a type or group:.,a type or group,Eki n'ekika kimwe ky'ebijuma kwonka hariho bingi.,This is one type of fruits but there are many more.,E
ekikaaka,n,giant.,,,,E
ekikaari,n,a palace: the official home of the king.,a palace,,,E
ekikaari,n,a reed fenced enclosure.,,,,E
ekikaba,n,a dirty mapping on a cloth.,,,,E
ekikabira,n,a stupid person: a person who shows lack of thought or good judgement.,a stupid person,,,E
ekikabire,n,a dead thing: anything that has no life.,a dead thing,,,E
ekikabuko,n,rudeness: talking to someone in a harsh and sometimes rude manner.,rudeness,,,E
ekikaca,n,an isolation hut that was traditionally built for isolation of twins before initiation.,,,,E
ekikaiga,n,young bean pod when eaten as such.,,,,E
ekikama,n,a queen bee or queen ant that does not work and only lives in order to reproduce.,,,,E
ekikama ky'amaizi,n,this is a medium sized long legged black insect that lives in water most of its time; it resembles a cocroach almost.,,,,E
ekikamba,n,a plant creeper: any plant that grows along the ground or on other plants.,a plant creeper,,,E
ekikande,n,a neglected garden filled with overgrown weeds.,,,,E
ekikano,n,an abuse in which a person makes a sound 'ndoo' where the tongue touches the alveolar.,,,,E
ekikanu,n,sterno-mastoid: one of the neck muscles.,sterno-mastoid,,,E
ekikara,n,bad body odour especially from armpits when one has not bathed or used a deodorant.,,,,E
ekikaragwe,n,a tree specie.,,,,E
ekikarakare,n,a tree usually found in banana plantations and is used as to support bananas.,,,,E
ekikaranga,n,a newly burnt field where grass has not sprout again.,,,,E
ekikarango,n,frying-pan.,,,,E
ekikaru,n,,,,,E
ekikatu,n,an injection: an act of putting a drug into a person's body using a syringe.,an injection,,,E
ekikaya,n,,,,,E
ekikayaabu,n,fish: Salted fish.,fish,,,E
ekikazi,adj,female: being the sex (of plant or animal) that produces fertilizable gametes (ova) from which offspring develop.,female,,,E
ekikindigiti,n,any dress that is short.,,,,E
ekikindo,n,a palm tree.,,,,E
ekiko,n,a type of Ugandan coral tree with short thorns. Erythna Abssinica.,,,,E
ekikoco,n,an old emanciated cow.,,,,E
ekikoijo,n,a sugarcane: a tall tropical plant from w hose stem sugar is made.,a sugarcane,,,E
ekikombe,n,birth mark: a red black mark on a person's skin that has been there since the person was born.,birth mark,,,E
ekikomera,n,an open air market that is in most cases scheduled where goods are sold from.,,,,E
ekikompora,n,a bomb shell: a metal case filled with explosives fired from abig gun.,a bomb shell,,,E
ekikonda,n,sputum: a sticky liquid that comes as a result of cough from the throat.,sputum,,,E
ekikonde,n,a punch: a hand hit made with a fist.,a punch,,,E
ekikondo,n,a pole: a piece of wood fixed in a certain place.,a pole,,,E
ekikondo,n,medicine tied on a piece of cloth and tied around the waist usually for prevention of diseases.,,,,E
ekikongi,n,,,,,E
ekikongoriro,n,maize cob.,,,,E
ekikongoro,n,,,,,E
ekikongororo,n,,,,,E
ekikonko,n,maize stem.; a garden where maize or sorghum have been harvested.,,,,E
ekikoobe,n,a herdsman's whistle.,,,,E
ekikoohe,n,a type of cloth usually worn by women as a skirt with fringes on the side. Some Bahima men use it as a scarf but a smaller one.,,,,E
ekikooko,n,an animal.,,,,E
ekikoomi,n,a temporary kraal for cows when people have just migrated before they settle permanently.,,,,E
ekikoomi,n,camp fire: fire lit at night during the time of bereavement.,camp fire,,,E
ekikoora,n,leaves of a tobacco plant.,,,,E
ekikoori,n,eye blow.,,,,E
ekikoosi,n,a battalion.,,,,E
ekikoote,n,a solid independent particle of soil.,,,,E
ekikopo,n,cup: a trophy.,cup,,,E
ekikoro,n,a bad act that is not pleasant to people.,,,,E
ekikoro,n,milk jar: a container used for keeping or drinking milk.,milk jar,,,E
ekikorongyezo,n,a torch.,,,,E
ekikoroogyero,n,,,,,E
ekikorwa,n,one of the mysteries of the rosary.,,,,E
ekikorwa,n,an act.,,,,E
ekikubyo,n,nick name: a name which is not originally given to someone but may be derived from his or her character or behavior.,nick name,,,E
ekikuku,n,a heap of grass burnt in the garden or a heap of stones.,,,,E
ekikumi,adv,running at a very fast pace.,,,,E
ekikumiriro,n,fence: an area sorrounded by a fence in which animals are kept.,fence,,,E
ekikumu,n,toe or finger.,,,,E
ekikunga-musisi,adj,a big crowd: many people.,a big crowd,,,E
ekikungu,n,an anthill: a pile of earth formed by ants over their nests.,an anthill,,,E
ekikunku,n,a very short finger.,,,,E
ekikunkuri,n,,,,,E
ekikuruma,n,spleen: a small organ near the stomach that controls the quality of the blood cells.,spleen,,,E
ekikurumuriro,n,surface defaced by something heavy drugged on it.,,,,E
ekikuura,n,"a way of cutting hair in patches, which was done by girls.",a hair style,,,E
ekikwato,n,a weapon.,,Bakahenda eibiikiro baiba ebikwato by'amahe.,They broke into the store and stole weapons for the army.,E
ekikwatsi,n,safety pin.,,,,E
ekikweijo,n,,,,,E
ekikyere,n,a rough skinned animal that lives on land and breeds in water.,frog,,,E
ekimama,,the act of doing something with excessive pride.,,,,E
ekimasha,n,a young bull.,,,,E
ekimbirimbiri,n,a child that is born with significant deformity. This child is neither human nor animal.,,Ku yazaire ekimbirimbiri yakiita yaakinaga omu kishaka.,"When she gave birth to an abnormal child, she throw it in the bush.",E
ekimbuuro,n,a big crowd where many people are gathered.,,,,E
ekimbuuro,n,,,,,E
ekimera,n,anything that grows from soil and has life.,plant,,,E
ekimironko,n,the space between vocal cords which produces sound of the voice by the movement in which the space is opened and closed to all in and out and restict that air.,Adam's apple,,,E
ekimooto,adv,a speech with nosal intonation where words cannot be heard clearly.,,,,E
ekimuri,n,the coloured part of a plant from which the seed or fruit develops.,flower,,,E
ekimyamya,n,a type of porridge made from millet flour after it has been left to ferment for one day.,,,,E
ekinaabiro,n,a place or room where people take bath.,bathroom,,,E
ekine,n,a large organ in the body that produces bile and cleans blood; liver of some animals is cooked and eaten.,,,,E
ekinenera,n,something that remains after removing grains from a maize fruit.,,,,E
ekiniga,n,astrong emotion; a feeling that is oriented toward some real or supposed grievance.,anger,,,E
ekiniini,n,"a small, long and many legged creature, which usually feeds on leaves, plants, and later develops into an insect with wings like a butterfly.",caterpillar,,,E
ekiniini,n,,,,,E
ekinkumu,n,a mark made by attaching a person's thumb on a paper or a piece of work as a signature.,thumb print,,,E
ekinombe,n,a place where soil or clay for making bricks is extracted from.,"a querry, mine",,,E
ekinombe,n,a place where soil or clay for making bricks is extracted from.,,,,E
ekinombe,n,,,,,E
ekinosi,n,an enlarged navel with a deep hole in it.,,,,E
ekintu,n,a wor used to refer to an undefined item.,thing,Ekintu eki naaba nindonda kyanyeba.,I have forgotten the thing I wanted to use.,E
ekintu,n,a disorder in the stomach that causes rambling.,,,,E
ekinuuko,n,a bad smell.,stench,,,E
ekinuuko,n,a bad smell that is unpleasant.,,,,E
ekinuzi,n,the moment during sexual intercourse when feelings reach a climax.,orgasm,,,E
ekinya,n,"a small creature in the reptile family that has a black and grey coloured skin, four legs and a long tail.",lizard,,,E
ekinyaanyindo,adv,a manner through which one speaks through the nose instead of the mouth as one tries to articulate a sound.,,,,E
ekinyaariro,n,a place designed for urinating in.,urinal,,,E
ekinyaatsi,n,"a common wild plant with narrow green leaves and stem that are often eaten by cattle, horses, sheep, etc.",grass,,,E
ekinyabaishiki,n,an edible mushroom.,mushroom,,,E
ekinyabubiri,n,a person or an animal with both male and female sexual organs or features.,hermaphrodite,,,E
ekinyabwoba,n,a person who become nervous and afraid in taking a risk.,cowardly person,,,E
ekinyabwoya,,a woolly caterpillar.,,,,E
ekinyagashani,n,a tropical weed common in banana plantantions.,,,,E
ekinyamasha,n,a type of inedible mushroom that grows on cowdung.,,,,E
ekinyampo,n,gases that are released from the bowels through the anus.,fart,,,E
ekinyamuriro,n,a common weed found in banana plantations.,,,,E
ekinyamwikiririza,n,a person who simply accepts whatever he is told to do.,stooge,,,E
ekinyandaaro,n,a child born before a girl is married.,bustard,,,E
ekinyangondo,n,gastropod mollusk usually having an external enclosing spiral shell where the whole body can be withdrawn.,snail,,,E
ekinyangondookyera,n,a snail.,,,,E
ekinyankwanzi,n,a song bird with a straight beak.,starling,,,E
ekinyanshunju,n,an unmarried woman who stays with a married man as if the two were married.,concubine,,,E
ekinyantinda,n,,,,,E
ekinyariisho,n,a penis whose foreskin cannot cover it completely.,,,,E
ekinyashande,n,,,,,E
ekinyegye,n,fish-trap.,,,,E
ekinyenyeezi,n,an opening in a roof or wall.,,,,E
ekinyimanyima,n,a dark area on a surface caused by an object standing between direct light and that surface.,shadow,,,E
ekinyiriri,adj,naturally straight hair.,,,,E
ekinyogori,n,a young form of an insect found in decaying foods or anything rotting.,maggot,,,E
ekinyogori,n,larva form of an insect.,,,,E
ekinyogote,n,a relatively large rodents with sharp erectile bristles mingled with the fur.,porcupine,,,E
ekinyonyi,n,a flying creature covered with feathers and with two wings and two legs.,bird,,,E
ekinyoobwa,n,an edible nut that grows underground in a thin shell.,groundnut,,,E
ekinywabwino,n,a type of paper that sucks sprinkled ink.,blotting paper,,,E
ekinywashande,n,a finch-like African and Asian colonial birds noted for their elaborately woven nests.,weaver-bird,,,E
ekinywebwa-bakazi,adj,sweet local brew that has not fully fermented.,,,,E
ekipaku,n,a feeling of pleasure or satisfaction that one gets from doing something well or from owning or being responsible for something excellent that is widely admired.,,,,E
ekipampagari,n,a hard sheet that covers the book on either side.,book cover,,,E
ekipampagari,n,a curved strip or cover over a wheel that is used to protect a vehicle or a rider of a bicycle or motorcycle from water or mud.,mudguard,,,E
ekipampari,n,remnant of a wrecked mettalic object.,wreckage,,,E
ekipande,n,labourer's ticket or appointment letter.,,,,E
ekipande,n,a sign attached to a post which has information about something or directions to a place.,,,,E
ekipande,n,a piece of paper which the hospital gives to the patient with the information on it used to describe the person's sickness.,hospital card,,,E
ekipapura,n,a rough paper used to do rough work.,,,,E
ekipimiso,n,"a measuring device for length, height or weight.",measuring or weighing standard,,,E
ekipimpiri,adj,a person who is shorter than a normal human being.,,,,E
ekipingamiizi,n,a person of subnormal intelligence.,idiot,,,E
ekipumpuriya,n,a long underwear worn by women of the old generation.,,,,E
ekipumpuru,n,a cattle disease transmitted by tsetseflies.,"nagana, trypanasomiasis",,,E
ekiraamo,n,a legal document declaring a person's wishes regarding the disposal of their property when they die.,a will,,,E
ekiraare,n,a combination of weeds in a garden.,weeds,,,E
ekiraariko,n,"an announcement to make people aware of what is going to happen, especially in the community.",,,,E
ekiraaro,n,an area sorrounded by a fence in which animals are kept at night.,kraal,,,E
ekiraasi,n,a group of students taught together.,class,,,E
ekiraatwa,n,an outer covering for a person's foot usually made of leather or plastic.,shoe,,,E
ekiraba,n,a way of cutting hair in olden days. This was only done by newly married.,a hairstyle,,,E
ekirabo,n,something valuable that is given to someone as a present for having excelled in something or on a special occasion.,prize or present,,,E
ekirabo,n,a place where alcoholi drinks are served.,club,,,E
ekirabuko,adv,to bathe some parts of the body,,,,E
ekirabyo,n,the part of a plant from which the seed or fruit develops,flower,,,E
ekiragaano,n,a signed written agreement between two or more parties (desiring to perform a mutual activity),covenant,,,E
ekiragi,n,a person who has no respect for himself and others,crazy person,,,E
ekiragiro,n,a rule established for regulating the behaviour of the members of the community,a law,,,E
ekirago,n,a thick fabric for covering floors,carpet,,,E
ekirahiro,n,a formal promise or statement declaring a commitment to do something,oath,,,E
ekirahuri,n,a hard normally transparent substance that can break easily,glass,,,E
ekiramusyo,n,something you say to someone,a greeting,,,E
ekirandakwata,n,a useless person,,,,E
ekiranga,adj,a broken pot,,,,E
ekiranga,n,a patch or spot on the body of an animal,,,,E
ekiranga,adj,"any container, room or building that is empty",,,,E
ekirangi,n,a coloured pencil or crayon,,Nguzire ebirangi naashanga byona nibishushana.,I bought colours and found that they are of the same colour.,E
ekirangiriro,n,,,,,E
ekirango,n,"an announcement, notice ог advertisement",,,,E
ekirare,adj,a person who wonders from place to place with no permanent place of abode,vagabond,,,E
ekirari,n,a mark or track left behind by the passage of someone or something,trail,,,E
ekirasho,n,a tool used to draw blood from cattle,bow and arrow,,,E
ekireebw'omwe,n,a star-like object which moves in the sky at high speed usually at night,,,,E
ekireere,n,dry banana fibres,,,,E
ekireju,n,the front part of the face below the mouth,chin,,,E
ekirema,n,a lame person or someone who is disabled,,,,E
ekiremba,n,white patch on the side of the hindquarters of a cow,,,,E
ekiremu,n,a piece of material placed over a hole or a torn place,patch,,,E
ekiremu,n,a large terrestrial monkey having doglike muzzles,baboon,,,E
ekirenga,adv,something that is too much or excessive,,,,E
ekirenga-bazaana,n,the time when the sun sets,sunset,,,E
ekirengo,n,"the actual size, weight, length or amount of something",measurement,,,E
ekirengye,n,the hard part of the foot of an animal,hoof,,,E
ekirenzyo,n,an expression with a hidden meaning,idiom,,,E
ekirere,n,a gourd which is used for keeping milk,,,,E
ekireruzo,n,a strainer for separating lumps from powdered material or grading particles,a sieve,,,E
ekirezi,n,a diastema in the front teeth of the cow,,,,E
ekiribatiro,n,a mark left on the surface where a person or animal has stepped,footprint,,,E
ekiribiko,n,"pit formed by the erosion of rock,",a pothole,Enguudo z'omu byaro niziba ziijwire ebibiko.,Most feeder roads in villages have potholes.,E
ekiriga,n,"the act of owning money, property as a result of the death of the previous owner",inheritance,,,E
ekiriiba,n,"a big home, a family constituting of many members",,,,E
ekiriibwa,n,,,,,E
ekiriiranda,n,a person who always eats excessively and is selfish,a glutton,,,E
ekiriira-ndugu,n,a person who is greedy and eats when he is hiding from others,,,,E
ekiriisa,n,the nutrients that we get from the food we eat,food nutrients,Abantu baingi tibarikurya ekiriisa kirikumaara.,Many people do not get enough nutrients.,E
ekirimba,n,"a plan for harming, capturimg or detecting something ог someone",trap,,,E
ekirimi,n,flames of fire. Okucwa ekirimi. To interrupt someone,,,,E
ekirindi,n,"a wooden or plastic part of the knife, panga, etc that is held when using it",handle,,,E
ekiriri,n,the first few day after a woman has given birth,,,,E
ekirungi,adj,"something that is good, morally right or acceptable",,,,E
ekiro,n,the time from sunset to sunrise,,,,E
ekiro,n,a day of the month or year,,,,E
ekirungo,n,a type of sauce used in seasoning food,spice,,,E
ekiro,n,"a day specified by a number set for a certain function, celebration, etc",,Ekiro ky'okugaitwa ni aha Rwamukaaga.,The day for holy matrimony is saturday.,E
ekirurumo,n,a low-pitched mumbling sound,,,,E
ekiruuku,n,a person who eats too much,glutton,,,E
ekirwa,n,a land mass sorrounded by a water body,island,,,E
ekiroboka,n,,,,,E
ekirofa,adv,a dirty or unclean thing,,,,E
ekirogoya,n,a type of bird,perch,,,E
ekiro-kikuru,n,"a day of festivals or rest from work in rememberance of an important event, for example Christmas",a public holiday,,,E
ekiroko,n,a white patch on the neck of a cow,,,,E
ekiromba,n,an abnormally big navel,,,,E
ekironda,n,any cut the skin or an organ caused by violence or surgical incision,a wound,,,E
ekirondogozi,n,a stupid or foolish person,,,,E
ekirooro,n,"a rude or offensive word, phrase used to express anger or violence",,,,E
ekirooto,n,a sequence of scenes and feelings occuring in the mind during sleep,a dream,,,E
ekirooto,n,the formation of a mental image of something that is not perceived as real and is not present to the senses,imagination,,,E
ekirorero,n,"public intertainment e.g. theatre show, radio or television programme",,,,E
ekirubi,n,a furnace,,,,E
ekirugu,n,a place where animals like goats are kept,kraal,,,E
ekiruguya,n,a swollen scar that develops on the ear when it is pierced,an overgrowth,,,E
ekiruhuuko,n,a long and deep sigh that shows one is tired and wants to sleep,,,,E
ekirumiko,n,a weapon used to suck the poison from someone who has been bitten by a snake,a cupping device,,,E
ekirumira-habiri,n,a type of non-poisonous snake whose tail resembles its head,,,,E
ekirundo,n,"a pile of things such as sand, books or rabbish",a heap,,,E
ekirunduro,n,a house where hens are confined to prevent them from destroying crops,,,,E
ekirunga,n,a circular head ornament made of gold and jewels worn by kings and queens on official occassions,a crown,,,E
ekirwaire,n,an unspecified painful disease in the abdomen,,,,E
ekirwaniso,n,any tool used in fighting or hunting,weapon,,,E
ekiryambeba,n,a type of rateating snake,,,,E
ekisaamunyu,n,a small black insect living in a complex social colony,a black ant,,,E
ekisangarana,n,a myriapod invertabrate with an elongated body composed of many segments most of which bear two pairs of legs,millipede,,,E
ekisanguzo,n,something used to wipe dust or chalk from the black board,duster,,,E
ekisanguzo,n,an eraser used in removing pencil or pen writings,,,,E
ekisasi,n,part of the roof projecting from the wall on top of the door,entrace,,,E
ekisebe,n,,,,,E
ekiseereezo,n,an emitted fat that does not make sound,,,,E
ekisegyesi,n,a large rodent with defensive spines or quills on the body and tail,porcupine,,,E
ekiseisa,n,the thin inner layer of the dry banana fibre or papyrus reed,,,,E
ekishaabo,n,a big gourd that is used in churning milk,,,,E
ekishaaha,n,,,,,E
ekishaaru,n,a reedlike swamp grass,,,,E
ekishaaru,n,a water logged area with no grass,a swamp,,,E
ekishaaya,n,,,,,E
ekishaayi,n,an area designed for sports activities,playground,,,E
ekishagiko,n,hair beads,ornament,,,E
ekishaju,n,the substance under the skin of humans and animals that stores energy and keeps them warm,fat,,,E
ekishaka,n,an area of land covered with natural trees and grasses,bush,,,E
ekishamato,n,an amount of something,handful,,,E
ekishamato,n,handful: a quantity that can be held in one hand.,handful,Akaiha ekishamato ky'ebinushu omu shaho ye.,He pulled out a handful of coins from his pocket.,E
ekishamba,n,floating vegetation on water.,,,,E
ekishandikiro,n,a pot used for smoking milk utensils.,,,,E
ekishankara,n,a dry and light object.,,,,E
ekishanku,n,dry cow dung.,,Mureete ekishanku ky'amasha tuhembe omuriro.,Bring the dry piece of cow dung and we use it to light fire.,E
ekishansha,n,a dry banana leaf.,,,,E
ekishansha2,n,stomach: the organ in the body where food goes after it has been swallowed.,stomach,,,E
ekisharagate,n,fence: an enclosure around the house usually made of dry reeds.,fence,,,E
ekisharara,n,swamp: an area in the valley which is wet and soft filled with water.,swamp,,,E
ekishare,n,subscription: payment to an organisation in order to recieve a product.,subscription,,,E
ekishare2,n,a calabash with a side opening used for drawing liquids.,,,,E
ekishashara,n,honey comb: a wax structure containing many small holes which is made by bees to store honey.,honey comb,,,E
ekishate,n,a piece split from the main mass.,,,,E
ekishebo,n,gift: something that is given as a present.,gift,,,E
ekisheenyi,n,sand bank: a deposit of sand forming a shallow area in the sea or river.,sand bank,,,E
ekisheeshero,n,urinal: a place designed for short call.,urinal,,,E
ekishekye,n,"straw, tube: a long hollow cylinder of metal, plastic, glass, etc. used for drinking.","straw, tube",,,E
ekishengye,n,bed room: a room built inside a house and used for sleeping.,bed room,Akombeka enju y'ekishengye kimwe.,He built a one-roomed house.,E
ekishengye,n,"room: a part of the building that has its own walls, floor and ceiling and is used for a specific purpose.",room,,,E
ekishengye,n,a wall.,,,,E
ekishenshero,n,entrance: a posterior gate.,entrance,,,E
ekisherebenganyi,n,"lizard: a type of reptile which is usually small and has a long body, four short legs, a long tail and a hard skin.",lizard,,,E
ekishigishiro,n,,,,,E
ekishinjo,n,rage: violent uncontrolled anger.,rage,,,E
ekishobyo,n,a mistake: an action or judgement that is misguided or wrong.,a mistake,,,E
ekishogashoga,n,,,,,E
ekishogoto,n,,,,,E
ekishoha,n,"a kingfisher: a bright coloured bird with long pointed beak, which lives near rivers and lakes and eats fish.",a kingfisher,,,E
ekishokonkoro,n,"shell: a hard outer covering of a nut, egg, seed, matchbox, etc when devoid of contents.",shell,,,E
ekishokozo,n,comb: a flat piece of plastic or metal or wood with a row of thin teeth along one side used for making one's hair neat.,comb,,,E
ekishoma,n,fresh bean leaves.,,,,E
ekishomero,n,remnants of milk or porridge left on the lips.,,,,E
ekishonga,n,chest pain.,,,,E
ekishore,n,puppy: a young dog.,puppy,,,E
ekishoreko,n,a knot on a rope used for tying cows.,,,,E
ekishorobwa,n,grub: a short fat worm found in thatch or cowdung.,grub,,,E
ekishoro-ky'ente,n,"dewlap: one of the parts of the cow on the lower part of the neck, which is always swinging, or dangling.",dewlap,,,E
ekishoronzyo,n,poem: a piece of writing in which the words are chosen for their sound and the images they suggest but not just for their obvious meanings.,poem,,,E
ekishoronzyo,n,chorus: part of a song that is sung after each verse.,chorus,,,E
ekishoroshoro,n,navel: a big navel.,navel,,,E
ekishoshonkore,n,,,,,E
ekishu,n,a round hut.,,,,E
ekishuba,n,lie: information given to decieve.,lie,,,E
ekishumuuruzo,n,"key: a specially made or shaped piece from a metal for locking or unlocking things like paddlocks, locks, cars.",key,,,E
ekishunshura,n,,,,,E
ekishuri,n,,,,,E
ekishurugu,n,groundnut husk.,,,,E
ekishushani,n,"picture, photograph, painting, image or visual presentation of something on paper, screen or in the mind.","picture, photograph, painting, image",,,E
ekishutama hamwe,adj,a person who does not move from one place to another.,,,,E
ekishutama-hamwe2,adj,a traditional stool.,,,,E
ekishuuga,n,a rogue: one who is tough and is known by people as chaotic.,a rogue,,,E
ekishuusha,n,"pumpkin leaves: pumpkin leaves which are picked, prepared and eaten as green vegetables.",pumpkin leaves,,,E
ekishwa,n,"anthill: raised soil or heap, mass of earth in which ants live.",anthill,Yaabugana enjoka y'encwera aha kishwa ky'ahagati y'omusiri gwabo.,She has met a cobra at the anthill in the middle of their garden.,E
ekishwa2,n,bird: a common small brown and grey bird found in many parts in the tropics.,bird,,,E
ekishwaga,n,eland: a type of large antelope with curled horns found in Africa.,eland,Ekishwaga nikituura omu bishaka.,An eland lives in the wild.,E
ekishwagara,n,pod: what remains after removing seeds e.g. beans peas e.t.c.,pod,Shwenkuru yantuma ebishwagara by'okuhembesa omuriro gw'ekikoome.,My grand father has sent me for empty bean podsto make a fire.,E
ekishwani,n,,,,,E
ekisibiko,n,,,,,E
ekisibiringanyi,n,a lizard.,,,,E
ekisibo,n,peg rope: a rope tied on a peg permanently for tying animals.,peg rope,,,E
ekisibo,n,tethering place: a place where domestic animals are tied each on a poll.,tethering place,,,E
ekisigaanyima,n,to move backwards while facing the front.,,,,E
ekisigaanyima,adv,a shadow of a moving object.,,,,E
ekisigaanyima,adv,the act of moving while facing the front.,,,,E
ekisigaate,n,maize or sorghum stem especially when chewed as one chews sugarcane.,,,,E
ekisigi,n,an eyelid which protects the eye from dust and other particles that may enter.,,,,E
ekisigisiro,n,"pot: type of a pot, which is big, where porredge is made and kept.",pot,Ekisigisiro kyangye kyatikire tinyine ah'okuta obushera.,"My pot is broken, I do not have where to put my porridge.",E
ekisiibayo,n,chasing your enemies when you are fighting and you push them afar.,,,,E
ekisiikuru,n,a black and white striped furry catarpillar.,,,,E
ekisiizi,n,a big pothole that is usually found in the road when it is raining heavily and it accomodates a lot of water.,,,,E
ekisiku,n,banana plant stump: the lower part of a banana plant after it has ben cut.,banana plant stump,,,E
ekisimba,n,huge person or animal.,,,,E
ekisimooni,n,coin money: a piece of metal that is used as money.,coin money,,,E
ekisina,n,the stump of a banana plant.,,,,E
ekisinde,n,a clod (lump of earth or clay).,,,,E
ekisindikwa,n,a weed plant common in banana plantations.,,,,E
ekisingiso,n,a brush used to wash utensils.,,Akazinga ekisingiso ky'okwozya ebyanzi.,She made a good brush to wash the milk pots.,E
ekisinsi,n,a tree stump: a stump of a tree that is left above the ground after it has been cut.,a tree stump,,,E
ekisira,n,a penis of a cow.,,,,E
ekisiraani,n,bad luck: something regarded by society to bring bad luck.,bad luck,,,E
ekisire,n,obstinate person.,,,,E
ekisirika-nkwirwa,n,a weed commonly found in a bean garden.,,,,E
ekisirikiriro,n,a small part at the end of the garden where they plant or sow the remaining seeds after the whole garden has been finished.,,,,E
ekisiriko,n,a hump in the road caused by erosion or floods.,,,,E
ekisiriko,n,a pothole.,,,,E
ekisiro,n,fern: non-flowering green plant that normally grows in wet areas and propagates itself by means of spores.,fern,,,E
ekisiru,n,,,,,E
ekisizi,n,a plant disease.,,,,E
ekisooko,n,locally made cigarette.,,,,E
ekisooni,n,gravel soil: red and silky soil that is extracted deep from underground.,gravel soil,,,E
ekisoroora,n,aroma produced by cooking food.,,,,E
ekisyarazi,n,stagnant water.,,,,E
ekisyokori,n,,,,,E
ekisyori,n,a look from a person's eyes that suggests annoyance,an angry look,,,E
ekitaaguka,n,a torn piece of cloth,,,,E
ekitaahiro,n,a woman's garment fastened around the waiste and around the legs,skirt,,,E
ekitaahiro,n,outer garment with long sleeves,coat,,,E
ekitaahiro,n,two-legged outer garment reaching the ankles,trouser,,,E
ekitaasa,n,,,,,E
ekitaba,n,ditch,,Tutimbire ekitaba omu rubaju rwomusiri kutangiriza amaizi.,We dug a ditch on the side of the garden for water drainage.,E
ekitabaraara,n,the guest of honour,,Nooha orikuza kuba ekitabarara aha bugyenyi bw'okugaitwa?,Who is going to be the guest of honour at the wedding feast?,E
ekitabashwa,n,a suit case,,,,E
ekitabo,n,a set of printed or written pages fastened together along one edge and enclosed between covers,book,,,E
ekitabo,n,a piece of furniture for reclining and sleeping usually consisting of a frame and a mattress,bed,,,E
ekitagata,n,a natural spring of water that is hot,hot spring,Akarwara baamutwara omu kitagata.,She fell sick and was taken to a hot spring.,E
ekitaka,n,a clod,,,,E
ekitakuri,n,a starchy and edible tuber plant. Ipomea batatas,sweet potato,,,E
ekitakuri,n,a starchy and edible tuber plant. Ipomea batatus,sweet potato,,,E
ekitamaazi,n,"lacking sensibility, ill feelings, unconscious and foolish",insane,,,E
ekitambaara,n,a handkerchief,,,,E
ekitambaara,n,a table cloth,,,,E
ekitambi,n,"a wrapper, with different colours, won as a long skirt underneath women's traditional suits",,,,E
ekitambo,n,something offered to be killed in order to appease a god,sacrifice,,,E
ekitanda,n,a piece of furniture for reclining and sleeping usually consisting of a frame and a matress,bed,,,E
ekitanda,n,admission of patients in a hospital,,Omurwaire wangye bamuhaire ekitanda omu irwariro.,My patient was admitted in hospital.,E
ekitangaazo,n,an optical divice such as a pair of field glasses designed to see what is far,binocular,,,E
ekitangura,,,,,,E
ekitara,n,a building for storing grains,granery,Oburo babuhunikire omu kitara.,Thy kept the millet in a granary.,E
ekitaraariire,n,something that happens unexpectedly,,Enjura yaagwa ekitaraaariire.,It all of a suddern rained.,E
ekitaraate,n,"a child who plays a lot, is naughty and hyperactive",a playful child,,,E
ekitarabamba,n,a pool of water that collects after rain,,,,E
ekitarakumbwe,n,,,,,E
ekitashaaya,n,a boat or ship for carrying passengers and goods especially over a relatively short distance and as a regular service,ferry,,,E
ekiteba,n,a clay water pot,,,,E
ekitebe,n,a seat without a back or arms typically resting on three or four legs or on a single pedestal,stool,,,E
ekitebyo,n,"a fictional prose narrative of considerable length, typically having a plot that is unfolded by the actions, speech and thought of the characters",novel,Nkashoma ekitebyo ky'Abagyenda Bareeba kyanshemeza.,I read the novel 'Abagyenda Bareeba' and it was interesting.,E
ekitebyo,n,a piece of fiction that narrates the course of events,story,,,E
ekiteebo,n,"a container made of interwoven twigs, strips of wood, rushes or the membrane of papyrus reeds",basket,,,E
ekiteega,n,the back part of the foot below the ankle,heel,,,E
ekiteehurizi,v,a house at the parish headquarters where people gather for meetings and other government functions,,,,E
ekiteekateeko,n,the process ог act of thinking,"thought, idea, suggestion",Akahayo ekiteekateeko kye omu rukiiko.,He gave his thought in the meeting.,E
ekiteeko,n,a net for milk pot,,Baaruka ekiteeko kirungi kyokutamu ekyanzi.,They have wooven a good net for milk pot.,E
ekiteekyerezo,n,,,,,E
ekiteera,n,"a large primate that lacks a tail including the gorilla, chimpanze, etc",ape,,,E
ekiteera-masinde,n,a plant-eating insect with long hind legs which are used in jumping. It is usually greenish in colour,solitary locust,,,E
ekiteera-njogyera,n,a young child who is just beginning to walk,,Omwana wangye hati n'ekiteera-njogyera.,My child is now beginning to walk.,E
ekiteera-nkome,n,a type of bird with greyish feathers,,,,E
ekiteera-nkumba,n,a brownish bird that makes nests in people's houses especially roof corners,sparrow,,,E
ekiteerateerero,n,a dish where ghee that has just been churned is inspected for removal of foreign matter,,,,E
ekiteerero,n,side of a garden where the weeds are thrown,,,,E
ekiteero,n,"each of the series of small bones forming the back bone, having several projection for articulation and muscle attachment and a hole through which the spinal cord passes",lumbar vertebra,,,E
ekiteete,n,a basket-like wooven container used for carrying fish,,,,E
ekiteete,n,lemon grass,,,,E
ekiteeteeya,n,"a type of round house normally built with mud and wattle and grass thatched. Recently, iron sheets are also used for the roof",round house,,,E
ekiteeteeyi,n,"an outer garment worn by women, consisting of a one-piece top and a skirt",dress,,,E
ekiteetengwa,n,a type of banana plant with a short stem and bears a large bunch of banana with squeezed clusters,,,,E
ekitega,n,half full of any substance in a container,,,,E
ekitehurizi,n,,,,,E
ekiteiso,n,an idea or plan put forward for consideration,suggestion,,,E
ekitekyere,n,a large root of a tropical tuber that is cooked as food and leaves can be prepared as vegetables,yam,,,E
ekitema-bakazi,adj,an object whose cutting edge is blunt,blunt,,,E
ekitembe,n,a wild short banana plant with short leaves that bears a small bunch with very small clusters; it is not edible,,,,E
ekiteme,n,a cleared piece of land,,,,E
ekitendeere,n,a large short necked gourd or calabash used for storing local brew,,,,E
ekitenga,n,a large woven basket especially for keeping millet before being taken to the grannery,,,,E
ekitengo,n,fever shivering as a sign of getting malaria fever or as a result of very cold temperature,,,,E
ekitengye,n,"an African piece of cloth with different designs and colours tied by women around their waists, especially in doing their household work",,,,E
ekitensani,n,a place or building where a specified activity or service is based,station,,,E
ekitenteberera,n,an African bird with a medium tail,,,,E
ekitentegyere,n,a tree that looks like a bar tree with large leaves,,,,E
ekitentere,n,a young grasshopper,,,,E
ekiteta,n,someone with speech impairment and cannot speak,dumb person,,,E
ekiti,n,a piece of wood,,,,E
ekitigi,n,a stubborn or big headed person,,,,E
ekitigu,n,"a large glandular organ in the abdomen of vertebrates that secretes bile and acts in the formation of blood and in the metabolism of carbohydrates, fats, proteins minerals and vitamins",liver,,,E
ekitiiho,n,"a digging tool with a long handle and a flat iron blade usd for cutting or loading earth, sand, etc",spade,,,E
ekitiinisa,n,differencial or high regard and esteem for an individual,honour,,,E
ekitiinwa,n,"glory, respect, high fame and honour or great achievement",,,,E
ekitima,n,the innermost part of a seed or plant,plant core,John yaarya omuyembe yaasigaho ekitima kyagwo.,John has eaten a mango and left its seed here.,E
ekitimbure,n,a situation where two or more people who share something in common influence one another,,,,E
ekitindiriro,n,millet drying rack,,Oburo baabwanika omu kitindiriro.,They have dried millet on the rack.,E
ekitingwa,n,This girl gives in to sex quickly,sexually loose,Ogu mwishiki n'ekitingwa.,This girl gives in to sex quickly.,E
ekitingwa,n,a person who engages in a sexual act with another person of the same sex,sodomite,,,E
ekitiribiita,n,thick porridge of millet or sorghum flour. It is normally taken when cold,,,,E
ekitiribiita,n,unfermented cold porridge which is not concentrated,,,,E
ekitobotobo,n,a plant with poisonous yellow fruits.,,,,E
ekitoga,n,something young or imature.,,Eki kitookye n'ekitoga.,This sugarcane is imature.,E
ekitogi,n,collar: part of the garment that fits around the neck.,collar,Esaati yangye ekuzire ekitogi.,My shirt's collar is torne.,E
ekitoijo,n,an offering to God.,,Ekitoijo kyangye n'enkoko.,My offering is a hen.,E
ekitojo,n,thistle: a plant with thorny leaves. Acanthus Species.,thistle,Embuzi nizikunda kurya ekitojo.,Goats like eating Acanthus Species.,E
ekitokoozi,n,a speck in the eye.,,Nyamba onyihe ekitokoozi omu riisho.,Help me I have a foreign body in the eye.,E
ekitomi,n,fist: a hand when it is tightly closed with the fingers bent into the palm.,fist,,,E
ekitondagira,n,blood cake of a cow warmed with butter or meat.,,Nshangire nibarya ekitondagira ekibaguzire aha ibaagiro.,,E
ekitondoro,n,a bird's crop: a sac in the upper part of the digesitive system of a bird.,a bird's crop,,,E
ekitongaanwa,n,fruit: an oval shaped fruit.,fruit,Nyina akaba ahingire ebitongaanwa bingi.,His mother had grown many oval shaped fruit.,E
ekitongo,n,"blood clot, or meat chunks.",,,,E
ekitongore,n,a government department: a section of a large organisation such as government bod.,,Naakora omu kitongore ky'esente.,He works in a finance department.,E
ekitongye,n,a lump of food: A piece of smooth solid food of any size or shape ready for eating.,a lump of food,Joshua yaabega ekitongye kihango omu sohaani.,Joshua has picked a very large lump of food from the plate.,E
ekitongyerero,n,chorus: part of the song that is repeated at the end of each verse.,chorus,,,E
ekitoogo,n,papyrus swamp: a forest of papyrus reeds that form a swamp.,papyrus swamp,,,E
ekitoogoogo,n,a soft local drink made from millet flour and water.,,,,E
ekitookwa,n,sprout: a new part that grows on a parent plant.,sprout,,,E
ekitookye,n,a buch of banana: curved fruit with a thick yellow skin that grows in tropical countries.,a buch of banana,,,E
ekitooma,n,,,,,E
ekitooma,n,ficus tree.,,,,E
ekitoosha,n,mushroom: a non flowering plant with a cup-shapped top and white in colour.,mushroom,,,E
ekitore,,in a lumpsome: things given at the same time.,in a lumpsome,,,E
ekitori,n,one of the pieces that make a bar of washing soap.,,,,E
ekitoro,n,something especailly cattle that has been confiscated in accordance with legal judgement.,,,,E
ekitoroogo,n,an animal especially a domestic one that has been born prematurely.,,,,E
ekitoroogo,n,a term used to refer to a person who is considered to be older than his age.,,How old are you? I am 18. Oh' you are realy young!,(said to someone who looks older than his age).,E
ekitotera,n,,,,,E
ekitotoima,n,a certain plant plant specie.,,,,E
ekitsibo,n,a tethering rope used to tie goats or cows.,,,,E
ekitsigye,n,eye blows.,,,,E
ekitsimbarara,n,door frame: a strong border of wood that make a door.,door frame,,,E
ekitsinde,n,,,,,E
ekitsingiso,n,,,,,E
ekitsintsi,n,a tree stump: what remains of the stem when the tree is cut.,a tree stump,,,E
ekitsintsino,n,heel: the back part of the foot below the ankle.,heel,,,E
ekitsya mujumbi,n,sunshine that follows morning rain.,,,,E
ekitsyararo,n,bumper: a period when there is an unusually large amount of harvest.,bumper,,,E
ekitu,n,guest room: a room attached to the main house for visitors.,guest room,,,E
ekituga,n,"a bribe: sum of money or something one offers to persuade somebody to act in one's favour, typically illegally or dishonestly.",a bribe,,,E
ekitugu,n,liver: large and complicated reddish-brown glandular organ located in the upper right portion of the abdominal cavity; secretes bile and functions in metabolism of protein and carbohydrate and fat; synthesizes substances involved in the clotting of the blood; synthesizes vitamin A: detoxifies poisonous substances and breaks down worn-out red blood cells.,liver,,,E
ekituho,n,stench: a horrid and offensive smell coming out of a decaying substance.,stench,,,E
ekitukuru,n,a type of basket with holes in the sides that is commonly used in harvesting of grains.,,,,E
ekitumba,n,a banana stem: the stem of a banana tree that is left after harvesting a banana.,a banana stem,,,E
ekitumbaara,n,,,,,E
ekitumbe,n,a swollen part on the skin that is full of colurless liquid caused by burning or friction.,,,,E
ekitumbisa,n,baking powder: yeast or mixture of sodium bicarbonate and cream of tartar used in baking.,baking powder,,,E
ekitumbwe,n,unripe fruit.,,Akarya ekitumbwe ky'omupeera yaariibwa omunda.,He ate an unripe guava and he got stomach pain.,E
ekituna,n,,,,,E
ekitunda,n,"wild passion fruit: that juicy fruit that is eaten, normally grows up in the bush and changes colour from green to yellow when ripe.",wild passion fruit,,,E
ekitunda,n,"weed: a toxic plant that is considered useless, and grows freely where it is not wanted, and it bears round thorny fruits. Datura Stramonium.",weed,,,E
ekitundama-nibakoza,n,"idiot: a person of subnormal intelligence who is stupid, foolish and dull.",idiot,,,E
ekitundami,n,,,,,E
ekitungwa,n,,,,,E
ekituntumuki,n,a wanderer: someone who moves from place to place with no specific reason.,a wanderer,,,E
ekituri,n,a penetrating hole in an object.,,,,E
ekiturirwa,n,porridge: a lump of unmixed porridge flour.,porridge,Akaba naanywa obushera yaashangamu ebiturirwa yabucwera.,,E
ekituru,n,idiot: someone who behaves in an extremly stupid way.,idiot,,,E
ekituru,n,comedian: a half witted person who makes people laugh.,comedian,,,E
ekituru,n,imbecile: an insulting word for someone who behaves in a stupid way.,imbecile,,,E
ekituruguma,n,"vegetables which which grow in lowlands, they have hairs and are sleeperly when cooked.",,,,E
ekitutu,n,a heap of millet: millet that is heaped together immediately after harvest.,,,,E
ekitutu,n,a portion of hair tied together especially natural hair.,,,,E
ekituuriizi,n,a dull person who is slow in understanding.,,,,E
ekituuro,n,a tomb or grave: a place in the ground where dead people are burried.,a tomb or grave,,,E
ekituuru,n,,,,,E
ekituuti,n,a platform: a raised structure for people to stand on.,a platform,,,E
ekituuti,n,a pulpit: a place where a priest stands to preach to people in church.,a pulpit,,,E
ekituuti,n,a mound: a large pile of soil or stones or sand.,a mound,,,E
ekituzi,n,mushroom: a large size mushroom.,mushroom,,,E
ekitwaro,n,a big storage basket.,,,,E
ekityokori,n,a small bird with a slightly longer tail and with hairly feathers abit raised on the head. it is usually found in bushy banana plantations where there are high chances of getting sweet bananas and other ripe fruits.,,,,E
ekiviiko,n,an improvised cover especially for the calabash.,,,,E
ekivugye,n,this is a mixture of water and half grown dry millet flour. This mixture is meant to make porridge taste sweet.,,,,E
ekivune,n,meat on the leg between the hip and the knee of an animal or bird.,,,,E
ekivurugye,n,"sauce that is made from a mixture of many things like greens, beans, peas, etc.",,,,E
ekiyanga,n,valley: an area of low land between hills often filled with a swamp.,valley,,,E
ekiyangwe,n,stirling bird: a small noisy bird with dark shiny feathers.,stirling bird,,,E
ekiyanja,n,a pond: a small area filled with still water that is often seasonal.,,,,E
ekiyengo,n,a small measuring basket.,,,,E
ekiyenje,n,"cockroach: a beatle-like insect with long antenae and legs, feeding by scavenging.",cockroach,,,E
ekiyongoyongo,n,,,,,E
ekiyooro,adj,abundance: quantity that is more than enough.,abundance,,,E
ekiyoyo,n,cormorant: a large sea bird which has dark feathers.,cormorant,,,E
ekiyungu,n,kitchen: a place where food is prepared from.,kitchen,,,E
ekizaagiriro,n,a place where cattle rest from.,,,,E
ekizaaniro,n,an outdoor ground where playing outdoor games takes place.,playground,,,E
ekizaarwa,n,a child born out of wedlock.,illegitimate child,Tindi kizaarwa kandi tindi kitokoozi.,I am not a son or daugher of the clan.,E
ekiziba,n,a valley dam or pond.,,,,E
ekizibaho,n,a piece of cloth warn over the clothes.,,,,E
ekizibiti,n,a thing that is displayed in courts of laws to prove the guilt or innocence of the suspect.,exhibit,,,E
ekizigira,n,a mark that is left on the skin after the wound has healed.,scar,,,E
ekiziizi,n,a facial appearance on someone that suggests that you despise others.,,,,E
ekizima,n,a situation where there is no light especially at night.,darkness,,,E
ekizinga,n,a piece of land that is surrounded by water.,island,,,E
ekizinga,n,a circular white or coloured light that surrounds the moon or the sun.,halo,,,E
ekizino,n,dance series of movements that match the speed and rythm of music.,dance,,,E
ekizoora,n,moon that appears as a whole bright disc.,full moon,,,E
ekizorokoma,n,a wild banana tree or its fruit.,wild banana plant,,,E
ekookoro,n,a serious medical condition caused by abnormal growth of cells in the body which may cause death.,cancer,,,E
ekoomi,n,the place where fire for providing warmth to cattle/animals is lit. It is always a strategic place in the kraal which can be accessed by almost all cows.,fire place,,,E
ekoona,n,a sharp bend.,corner,,,E
ekufuru,n,,,,,E
ekufuru,n,"a metal object used to lock doors, gates and suitcases.",padlock,Mureete ekufuru tusibe enju tugyende.,"Bring the padlock, we want to lock the house and go.",E
ekumbwe,n,fragments of the grass carpet when they have been layed in a place especially in the kitchen after they have become too old or worn out.,,,,E
ekyaka,n,,,,,E
ekyanyima,n,,,,,E
ekyara,n,a thick hard layer covering the outer tip of the fingers or toes.,a toe or finger nail,,,E
ekyasha,n,a hundred years.,century,,,E
ekyasha,n,a gap between teeth left after removing a tooth or in any cutting edge.,,,,E
ekyasha,n,"a white patch on the forehead of a cow, goat or sheep different from the rest.",,,,E
ekyashuri,n,a structure that birds build for laying in eggs.,a bird's nest,,,E
ekyasire,n,,,,,E
ekyata,n,"pain where one feels like something is burning in his chest, caused by excessive acid in the stomach juices.",heartburn,,,E
ekyata,n,a person who shows lack of thought or judgement.,rascal,,,E
ekyata-muzinga,n,honey-eating animal.,,,,E
ekyayaaya,n,a banana variety which is eaten while roasted.,,,,E
ekyebumbe,n,a king who comes to power without people's support.,a self appointed king,,,E
ekyebumbe,n,a person who takes a job or position that belongs to someone else without the right to do so.,usurper,,,E
ekyefeera,n,an animal that has died of natural causes.,,,,E
ekyefubiko,n,a piece of cloth worn on the upper part of the body to keep it warm.,jumper,,,E
ekyegamiro,n,the back part of the sofa where one leans upon sitting.,a back of a sofa seat,,,E
ekyegyengye,n,a person whose behaviour and conduct makes everybody fear him or her.,a frightening person,,,E
ekyegyeso,n,something that is intended to be learnt and is explained to the listeners.,a lesson,,,E
ekyehimbagirizo,n,a stick that one carries for support when walking.,a walking stick,,,E
ekyehuubo,n,a seat hanging from chains or ropes that swings backwards and forwards.,,,,E
ekyejwiso,n,unusual severe bleeding from the uterus through the vagina.,haemorrhage,,,E
ekyekango,n,the bad feeling that one gets when in danger or something bad has happened or something frightens you.,a feeling of fear,,,E
ekyemerano,n,a product of breeding between closely related animals.,inbreeding in animals,,,E
ekyemerero,n,the physical structure of a person.,,,,E
ekyemerero,n,a serious illness that affects the lungs and makes it hard for one to breathe.,pneumonia,,,E
ekyemeza,n,a crop that grows without being planted.,,,,E
ekyengyegyere,n,milk got out of a cow immedietly after it has licked salt.,,,,E
ekyengyera,n,a period of plenty especially after harvest.,,,,E
ekyenyanja,n,an animal which lives in water and as in most cases covered with scales.,fish,,,E
ekyepe,n,a particular badge that shows the rank someone in the armed forces has reached.,badge,,,E
ekyererezi,n,the energy from the sun or other object that make it possible to see.,dim light,,,E
ekyesherero,n,a place where water is drawn in a well or pond before it is poured in a trough for watering cows.,,,,E
ekyesho,n,"an indoor game played between two people on a board game using dry seeds, especially tea seeds.",a game,,,E
ekyeshongoro,n,a short piece of music with words or lyrics that one sings.,a song,,,E
ekyeshubiko,n,,,,,E
ekyeshusho,n,the likeness of something when compared to the original.,image,,,E
ekyeshushuzo,n,,,,,E
ekyeshuuburiro,n,the skin of a snake that peels off at one time.,sheath,,,E
ekyesiigo,n,,,,,E
ekyetengo,n,a feeling one has when one wants something.,a wish,,,E
ekyeterero,n,something named after someone or something else.,,,,E
ekyetindo,n,a feeling of anxiety someone feels when something remains unclear to him or her.,suspence,,,E
ekyevugo,n,a poem performed to an audience usually in priase of someone or something.,a recitation or epic,,,E
ekyeya,n,a long period of time with little or no rainfall.,drought,,,E
ekyeyemekye,n,a king who has enthroned himself.,illegitimate king,,,E
ekyeyerezo,n,a brush made of sticks and used for sweeping.,broom,,,E
ekyeyo,n,,,,,E
ekyeyo,n,to go and seek emplyment from abroad.,,,,E
ekyeyo,n,an activity one engages in to earn extra income.,,,,E
ekyezigooro,n,a place where two or more roads meet forming a circle that all vehicles must follow in a defined direction.,round about,,,E
ekyobate,n,a cover used for carrying a knife or sword.,sheath,,,E
ekyoganyanja,n,a plant with pupplish flowers.,,,,E
ekyogi,n,the flat sharp part of a knife.,blade,Omwana ekyogi nikyo kyamushara.,The child was cut by the flat sharp part of a knife.,E
ekyogwa-ruganda,n,a person who is disowned by clan-members.,an outcast,,,E
ekyoha,n,an aged hyna that lives in Africa and Asia. It eats meat of animals that are already dead and can make a sound like a human laugh.,decrepit hyena,,,E
eky'okubanza,n,one or something that comes first before others.,,,,E
eky'okureeberaho,n,"One particular thing that is representative of a group as a whole, sample, specimen, etc.",example,,,E
ekyokyezo,n,kiln.,a burning place,Mutware kasasiro omu kyokyezo.,You take the rubish to the burning place.,E
ekyoma,n,"any category of chemical elements such as copper. iron, gold, etc with certain characteristics, properties such as luster, malleability, ductility and conductivity of electricty and heat.",metal,,,E
ekyombeko,n,"something that is built, a structure or an edifice.",building,,,E
ekyombo,n,a vessel of considerable size built for deep water navigation.,,,,E
ekyomooro,n,a herb that is put on fresh wounds after getting an injury. It has sup.,first aid herb,,,E
ekyomoozi,n,a herbal medicine that is applied first to stop blood flow in case one gets any injury on the body.,,,,E
ekyomuhendo,n,"something of high value, cost, worth, etc.",precious or valuable item,,,E
ekyomya,n,,,,,E
ekyondo,n,,,,,E
ekyongo,n,land that stays uncultivated for some time after harvesting. The aim is to give time to re-gain its fertility.,,,,E
ekyongo,n,a creeping plant in form of a pumpkin plant that bears small vegetables with spots that are green and white in colour.,,,,E
ekyonko,n,"the information, ideas or understanding gained through experience, observation or study.",knowledge,,,E
ekyoreezo,n,threatened extinction.,,,,E
ekyorezo,n,extermination of people or animals in big numbers.,,,,E
ekyoshe,n,long fur on the tail of an animal.,tail fur,,,E
ekyota,n,a young cow at about eighteen months.,heifer,,,E
ekyoterero,n,a container where they keep ingadients for perfumery.,,,,E
ekyoto,n,"a pipe that takes out the waste gas which comes out of a vehicle, an engine or a machine.",exhaust pipe,,,E
ekyotsyo,n,,,,,E
ekyoya,n,"heat, vapour.",,,,E
ekyoya,n,heat caused by hight temperature.,,,,E
ekyoya,n,,,,,E
ekyozi,n,a trailing vine widely cultivated for its fruit. Curcubita Pepo.,pumpkin,,,E
ekyugu,n,"a common bird that lives on or near water, has short legs and webbed pet.",water duck,,,E
emaanyure,n,chicken that naturally has no hair around the neck.,chicken,,,E
emambo,n,pegs.,,,,E
embaare,n,facial cuts on the body.,,,,E
embaare,n,,,,,E
embagaaniso,n,,,,,E
embagaaniso,n,the quality of being unlike or dissimilar.,difference,,,E
embagane,n,part or portion of a larger amount which is divided among several or many people or to which several or many people contribute.,a share,,,E
embaganiso,n,a line that seperates two areas.,a boundary,,,E
embago,n,"a piece of wood with one pointed end and the other flat, that is used in splitting wood.",,,,E
embaijano,n,something that is made out of wood.,,,,E
embambuure,n,"a sharp, fierce and brave person.",brave person,,,E
embanda,adj,"a flat cover for milk pots, guards or baskets.",,,,E
embandama,n,having low level of development characterised by low standard of living.,retrogression,,,E
embandano,n,something acquired by chance for example food especially in the neighbour's home that one finds and eats yet they had not planned for him.,,,,E
embandure,n,a very concetrated distillation alcoholic drink.,,,,E
embangisano,n,a beautification gap artificially made between the teeth.,,,,E
embangurane,n,twins who are of different sex; that is a boy and a girl.,twins,,,E
embara,n,a way or style of counting.,,Embara y'ogu mwojo ni nk'ey'ogwe otaragiire mu ishomero.,His way of counting is like for that one who never went to school.,E
embara,n,dots for fire on legs especially people who like sitting near fire.,dotted scars,,,E
embare,n,the lowest part of the cow's foot.,hoof,,,E
embare,n,a stick that is used to split wood.,spliting stick,,,E
embari,n,the hard outer case of the seed which holds the embryo and supplies it with food.,cotyledon,,,E
embari,n,a piece split lengthwise from a rigid object.,,,,E
embari,n,a kind of game where one keeps counting the number of counts the ball hits the knee without falling on the ground.,,,,E
embasha,n,a disease characterised by inflammation of the body's joints causing pain swelling and difficulty in body movement.,Arthritis,,,E
embatabata,n,a type of short grass that is used in weaving baskets.,,,,E
embatamo,n,extended flat bums.,,,,E
embiriito,n,a term used for poisoned meat.,,,,E
embiriko,n,a short piece of stick.,,,,E
embiro,adv,the exercise of running fast especially in athletics competition.,running fast,,,E
embiro,n,a piece of land where bush has been cut in preparation for planting or sowing.,,,,E
embogooroki,n,the one who narrowly overcomes a a bad occurence or an accident.,the survivor,,,E
embohe,n,people who have been taken as prisoners.,prisoner,,,E
emboigano,n,someone who has been taken prisoner or animals contained in one place.,captive,,,E
emboigora,n,"a wild animal of the dog family with reddish-brown fur, a pointed face and thick heavy tail.",jackal,,,E
emboijana,adj,a lonely person without friends or company (usually doing all the work alone with no one to help him).,,,,E
embone,n,eyelids.,,,,E
emboneko,n,a cup that is used by the royal family.,royal cup,,,E
embonekyerezo,n,the first grasshopper one gets when collecting them.,,,,E
embonera,n,a cow that has produced at least once before.,heifer,,,E
embooreera,n,a sticky and sliperly matter that is formed when banana plants rot or decay.,rotten banana tree,,,E
emboro,n,a male genital organ used for urination and sexual intercourse.,penis,,,E
embuba,n,the lower stiff part of the stem of millet.,stubble,,,E
embuga,n,"an area enclosed by fence in which a house, factory or other buildings stands.","compound, courtyard",,,E
embuga,n,large bitting and blood sucking fly.,fly,,,E
embuga z'amatu,adj,"the space between the ears and the hair, especially if the gap is wide.",,,,E
embugiiriro,n,the final part of the finishing activity one ought to perform or the target of a day's work.,end point,,,E
embumbe,adj,round shaped.,,Amaguru g'embumbe.,Good shaped legs.,E
embumbiro,n,the bottom of the fire place.,hearths,,,E
embumburi,n,the spheroid shape of a millet meal.,,,,E
embumburi,n,a solid sphere or spheroid.,,,,E
embundu,n,a firearm with a muzzle that is fired using a trigger and discharges bullets.,gun,,,E
embunduguru,adj,rounded or rotund object.,,,,E
embungabungi,n,a person who cannot settle in one place and moves about all the the time.,,,,E
embunu,n,solid material that settles at the bottom of a liquid.,Sediments,,,E
embura-bujune,n,"a person who lacks the neccessities of life, he or she is very poor.",needy person,,,E
emburabure,n,a societal category of people who lack fixed housing because they cannt afford a fixed and regular residence.,homeless persons,,,E
emburaburirwa,n,someone in a state of not being able to think clearly or not understanding something.,a confused person,,,E
embura-butuuro,n,person who has nowhere to stay.,homeless person,,,E
embura-kareju,n,a person who is between thirteen and ninteen years of age.,teenager,,,E
embura-mukoro,n,someone who is doing nothing yet there are a number of things to be done.,,,,E
emburi,n,people who move animals in a particular direction suddenly and quickly.,transhumance,,,E
emburimburi,n,this is a mass (used for food) that appears spherical in nature.,round mass,,,E
emburugushu,n,tough elastic tissue; mostly converted to bone in adults.,cartilage,,,E
embururu,n,a type of cooking banana specie with a relatively short tree and short banana fingers.,,,,E
emburuugi,n,a brass instrument without valves.,bugle,Joshua naamanya kuteera emburuugi.,Joshua knows how to play a trumpet.,E
embushukane,adj,to speak words which are not related.,unrelated,,,E
embutukano,n,a false pregnancy that has been made normal.,,,,E
embuubi,n,cows which have a greyish colour and believed to have originated from Tooro.,,,,E
embuuru,n,very large lake.,sea,,,E
embuzi,n,domesticated ruminant animal reared especially in the tropics.,goat,,,E
embwa,n,a domesticated canine animal reared around homes for protection against intruders.,dog,,,E
embwa,n,a sharpened stick used in wood spliting.,wedge,Akashongora embwa z'okushatuza.,He sharpened sticks to help him in wood splitting.,E
embwaijana,adj,"being left alone to do more work than one can manage, when one lacks enough labour force.",a lone worker,,,E
embwakazi,n,a female dog.,bitch,,,E
embwishwa,n,edible roots of tropical climbing plant that grow in the bush.,,,,E
embyarano,n,"trees, plants, herbs, shrubs, etc. which are planted by man.",,,,E
emeeri,n,a large water vessel for transporting people and goods in the sea.,ship,,,E
emeeza,n,a piece of furniture with a flat top and supported by legs.,table,,,E
emi,n,mucus like substance at birth.,,,,E
emibobo,n,a type of plant with large leaves whose fibres are used in weaving and sewing.,,,,E
emicwe,n,the usual way in which you behave towards other people.,morals or behaviour,,,E
emicwijuro,n,spoils as a result of war or battle.,loot or booty,,,E
emicwijuro,n,estate or property of the dead.,,,,E
emifunyarara,n,marks or lines made by folding a cloth many times in a disorganised way.,folds,,,E
emigaatwa,n,malnourished domestic animals.,,,,E
emigagye,n,food that has gone bad.,,,,E
emigangare,n,a stick that is too hard to bend especially after drying.,hard stick,,,E
emigasha,n,a type of plant; it looks like coffee but it has thorns.,,,,E
emigogo,n,a combination of two things used together.,set,,,E
emigoye,n,muscles on both sides of the spinal cord.,,,,E
emijuuju,adj,the practice of spending or using things excessively.,extravagant,,,E
emikamba,n,the stem and the leaves of sweet potatoes.,sweet potato vines,,,E
emikambi,n,residues after squeezing yellow bananas for juice that are mixed with yellow banana remains and spear,banana juice residues,,,E
emikaragye,n,grass or any other type of grass used when squeezing.,,,,E
emikaragye,n,type of plant that look like emirokora.,,,,E
emikooyooyo,n,plants used for smoking milk pots to give a good flavour to the milk.,,,,E
emikuyuuye,n,fried grasshoppers: grasshoppers that have been fried and are ready for eating.,fried grasshoppers,,,E
emikwanzi,n,skin disease: a skin disease of children characterised by skin rash and sores on the head.,skin disease,,,E
emikwato,n,pledges: a solemn promise or contribution towards someone's wedding ceremony.,pledges,,,E
eminya,n,round segments that make up a basket.,,,,E
eminyago,n,booty: goods that have been looted especially by an enemy in war.,booty,,,E
eminyeeto,n,youth: young men and women.,youth,,,E
emirabanamu,n,bothersome problems.,,,,E
emirambi,n,plateau: a relatively level area that is at a higher natural elevetion than the land around it but is smaller than a mountain.,plateau,,,E
emirambikirizo,n,lower part of a bed: a place on the bed where legs face or are put when sleeping.,lower part of a bed,,,E
emirandira,n,"tubers: plants that grow on other plants that have been uprooted, for example potatoes.",tubers,,,E
emirite,n,pressed banana fruits that became mashed and fail to yield juice.,,,,E
emishaabo,n,a species of makoma plant.,,,,E
emitego,n,bowed legs.,,Omushaija ogu aine emiteego.,This man has bowed legs.,E
emitimbikirano,n,piling: a number of things lying one on top of the other.,piling,Nindeeba emitimbikirano y'emyenda.,I can see a pile of clothes.,E
emiture,n,half roasted or half cooked food.,,Yaatugaburira emiture y'ebitakuri.,She served us half cooked sweet potatoes.,E
emitwa,n,wedding contributions: money and other items contributed towards an one's party.,wedding contributions,,,E
emiyaago,n,condolence: anything offered in condolence.,condolence,,,E
emiziga,n,,,,,E
emomo,n,stag: to be strong with a lot of energy.,stag,,,E
emomo2,n,slag: the waste material of iron ore.,slag,,,E
emondi,n,irish potatoes: a type of irish potatoes that is thought to have originated from Ireland.,irish potatoes,,,E
empaama,n,a hard and dry ground.,,,,E
empaari,n,a penis that is naturally without the foreskin.,,,,E
empaate,n,a meal prepared from the type of banana that is normally used for brewing beer.,,,,E
empababo,n,court fee: money paid in advance of the court case at the time of filing.,court fee,,,E
empagatwa,n,millet: a type of grain food grown in tropics and produces small seeds.,millet,,,E
empaka,n,argument: an angry disagreement between people.,argument,,,E
empaka,n,competition: an occasion on which a winner is selected from among two or more contestants.,competition,,,E
empamba,n,a grown up pumpkin with hard cover.,,,,E
empambi,n,bees: bees which are expelled from a hive because they are inactive i.e. after stinging and they are no longer active.,bees,,,E
empa-mushoro,n,tax payer: a person who has reached the age of tax payment to government.,tax payer,,,E
empanami,n,round worms: stomach worms that cause swelling of the skin.,round worms,,,E
empandagate,adj,dry land: very dry and hard land that cannot be tilled with ease.,dry land,,When you hit the land with a hoe it bounces instead of entering into the ground.,E
empanda-ya-munoni,n,cows that were owned by exilees or emigrants who crossed via Ankore.,,,,E
empande,n,peanuts: a specie of nuts.,peanuts,,,E
empandiika,adj,handwrting: a person's particular style of writing.,handwrting,,,E
empanduura,n,fungus disease: a fungal infection that affects people's fingers and toes.,fungus disease,,The toes and fingers swell with a thick white liquid that is painfull.,E
empanduura2,n,catapillar: a small creature like a warm with legs that develop into butterflies or moth.,catapillar,,,E
empangare,n,a teenage girl or slightly older.,,,,E
empangi,n,a gap created by perpendicular drop between the tilled and the untilled parts of the garden.,,,,E
empangisano,n,something which is rented or hired.,,,,E
empango,n,axe: a tool used for chopping wood and cutting down trees typically of metal with a sharp edge and wooden handle.,axe,,,E
empango2,adj,something big or large in size.,,,,E
empanju,n,a small cricket.,,,,E
empanuura,adj,the way one discusses and advances arguements.,,,,E
empanyure,n,a hen without feathers on the neck.,,,,E
empara,n,cob: a wild animal that looks like a goat with long horns.,cob,,,E
emparaata,n,sores between two thighs caused by friction.,,,,E
emparazi,n,a person that is infactuated: a person with temporary love for something or someone; a person who goes for new things and abandon the old ones.,a person that is infactuated,,,E
empasha,null,twins: a pair of offsprings born at the same birth.,twins,,,E
empayani,n,a cow that is stubborn during the time of milking.,,,,E
empeeshano,n,artisan equipment: any item made or shaped by a blacksmith.,artisan equipment,,,E
empembwe,n,locust: small type of locusts that is destructive.,locust,,,E
empembwe2,n,hairly chest: hair that shows on the chest of a human being especially among men.,hairly chest,,,E
empenda-rubango,n,a girl whose bride price is meant for her father alone.,,,,E
empene,n,goat: a hardy domesticated ruminant mammal that has backward curving horns and (in males) beards.,goat,,,E
empengyere,n,a meal of cooked unground maize usually mixed with beans.,,,,E
empengyere-z'abariisa,n,a short plant that grows in the bush especially in the valleys that has small round fruits that are purple in colour and has many small millet like seeds inside them and are normally eaten by children.,,,,E
empere,n,bed bugs: small insects that live on beds or other wooden objects and suck people's blood.,bed bugs,,,E
emperegyeshu,n,cartilage: a tough elastic tissue in animal body especially in meat.,cartilage,,,E
emperekano,n,"a domestic animal such as a goat, a cow or a sheep entrusted tosomeone else's care.",,,,E
emperu,n,the end of anything or the of Day of Jjudgement.,,,,E
empeta,n,"ring: a piece of jewelry worn on the finger as an ornament, engagement for marriage, etc.",ring,,,E
emphasha,n,,,,,E
empihi,n,indigestion: expelling a bad smell from the stomach through the mouth as a result of over eating.,indigestion,,,E
empiigano,n,wild meat: meat brought by hunters from the wilderness.,wild meat,,,E
empiiha,n,"money: means of payment, especially coins and paper notes given and accepted in buying and selling of goods and services.",money,,,E
empiija2,n,elation: celebration over something new.,elation,,,E
empika,n,confidence to do somthing.,,,,E
empika2,n,a messanger: a person who is sent to take news letters.,a messanger,,,E
empinduka,n,change: an act or process through which something becomes different from what it was.,change,,,E
empindura,n,pancreas: one of the stomachs of a remunant.,pancreas,,,E
empingi,n,garden tool: a panga or knife like sickle for cutting trees and grass used in Kigezi with a curved blade.,garden tool,,,E
empingo,n,Shackles or handcuffs: a pair of metal rings joined together with a chain used to fasten people.,Shackles or handcuffs,,,E
empiri,n,puffadder: an African viper snake which inflates the upper part of its body when excited.,puffadder,,,E
empirimbwa,n,log: a round piece of wood.,log,,,E
empitirizo,n,needle: a thin piece of steel used in sewing with one pointed end another with a hole.,needle,,,E
empitirizo,n,syringe: a hollow piece of steel used to inject medicine into the body of a human being or other creatures.,syringe,,,E
empitsi,n,hyena: a wild animal resembling a dog that feeds on meat of other animals.,hyena,,,E
empogo,n,cattle: cows with a straw berry-like colour.,cattle,,,E
empogora,n,,,,,E
empogoro,n,food: banana meal that is prepared unpeeled.,food,,,E
empokya,n,soya bean: a type of beans rich in protein,soya bean,,,E
empoma,n,,,,,E
emponoka,n,survivor: a person who has survived narrowly.,survivor,,,E
empooza,n,an excise duty that is imposed by government or any authority.,,,,E
empotore,n,twisted papyrus: twisted spear blade of papyrus used in weaving mats.,twisted papyrus,,,E
empoza,n,plea: statements made by someone in courts of law in self defence.,plea,,,E
empuku,adv,to eat secretely.,,Bakamushanga naarya empuku.,They found her eating secretely.,E
empumi,n,a blind person: a person whose sight is incapacitated and cannot see.,a blind person,,,E
empunami,n,consonants: letters of the alphabet.,consonants,,,E
empundu,n,chimpanzee: an intelligent animal resembling a monkey but without a tail.,chimpanzee,,,E
empungi,n,refugee: a person who has been forced to leave their home or country due to war or political or religious upheavels.,refugee,,,E
empungu,n,eagle: a large bird of prey common in the tropics.,eagle,,,E
empungurano,n,inherited item: anything that is inherited from a dead person.,inherited item,,,E
empungurwa,n,an inherited widow: a woman whose husband died and is taken over as a wife by a close relative of the dead husband.,an inherited widow,,,E
empikira-kwema,n,heifer: an animal that is of conceiving age.,heifer,,,E
empimbi,n,log: a part of the trunk of a large tree that has been felled.,log,,,E
empimbo,n,walking stick: a stick used for walking especially by the aged or the blind.,walking stick,,,E
empungye,n,extremist: a person with extreme,extremist,,,E
empunika,n,a small weed that rabbits enjoy to eat. It has small yellow flowers and is common in banana plantations.,weed,,,E
empunu,n,a fat short legged animal with a small tail and thick skin with short stiff hairs often kept in farms for meat.,pig,,,E
empurizana,n,communication,communication,,,E
empurizigana,n,"to make opinions, feelings, illnesses, etc known or understood by others through radios, letters, phones, etc.",communication,,,E
empuruutukye,n,a visitor who brings bad luck.,,,,E
empuruzi,n,a messanger or someone who is sent to inform others about the death that has occured.,,,,E
empuuga,n,a spear with different colours.,,,,E
empuuhu,n,inner lining of the mouth when peeled.,,,,E
empuuhu,n,hide thinned by scrapping.,hides and skins,,,E
empuuhu,n,person who has lost wealth.,,,,E
empuukure,n,alcohol that has over stayed and become sour.,alcohol,,,E
empuumo,n,low pitched sound of a fast moving object.,,,,E
empuunisa,n,a speech sound made with the vocal tract open and the tongue does not touch the top of the mounth.,vowel,,,E
empuuta,n,a fish species common in lake Victoria.,nile perch,,,E
empwa-bwoba,n,a person who is willing to do things which are difficult or risky.,a brave person,,,E
empwitsi,n,"to be too old. Being too old e.g. above 100 years, where one has lost all the senses and memory.",senile,,,E
empyora,n,a de-pigmented part of the skin.,,,,E
emungu,n,,,,,E
emungwe,n,a snout beetle often found feeding on stored grain and seeds.,weavil,,,E
emurikamihayo,n,a public declaration of principles and intensions during an election.,manifesto,,,E
emwe,n,the smallest whole number represented numerically as 1.,one,,,E
emyejwera,n,a chronic and highly contageous disease of eyes characterised by redness and painful eyes.,red eyes,,,E
emyerande,n,potatoes uprooted from runners.,,,,E
emyotsyo,n,cooked using heat especially on open flame.,roasted bananas or potatoes,Abarisa ni bakunda kurya emyotsyo.,Herrdsmen like to eating roasted food.,E
enaama,n,information shared by a few people when they don't want others to know.,secret,,,E
enaku,n,a state of ill-being due to affliction or misfortune.,misery,,,E
enamba,n,"any number of bags, suitcases or containers that are accompaied by a passanger.",luggage,,,E
enanaasi,n,a large sweet tropical fruit with a mass of thin and stiff leaves on top.,pineapple,,,E
encaaca,n,,,,,E
encenku,n,,,,,E
encugura,n,very waterly stool defacated by humans and animals as a result of a stomach infection.,diarrhoea,,,E
encuju,n,a small insect that bites animals and sucks blood.,tick,,,E
encumate,n,balls of cow ghee or butter.,,,,E
encumate,adj,thick eye secretions.,,,,E
encumbwe,n,the yellow to greyish brown wax.,bee wax,,,E
encundwa,n,a cow whose milk yields plenty of butter.,cow,,,E
encunku,n,cold beer which has spent a long time after brewing.,sour beer,,,E
encurazaara,adj,a woman who has finished producing and has reached menopause.,old woman,,,E
encuriko,n,local herbs given for threatened miscourage.,medicine,,,E
encuro,n,a mesurable amount of cereals or in a basket.,basketful,,,E
encuubwa,n,a person who has been disowned by relatives due to bad behaviour.,an outcast person,,,E
encuukye,n,a child that is no longer breastfeeding.,weaned child,,,E
encwamba,n,when a person is too ill and almost dying.,death bed,,,E
encwamutwe,n,a young of domestic cattle.,Calf,,,E
encwekye,n,someone who dies childless.,,,,E
encwera,n,a venomous Asiatic and African elapid snakes that can expand the skin of the neck into a hood.,cobra,,,E
enda,n,a small insect that lives on human or animal body and suckle blood.,louse or lice,Aine enda omu ishokye.,He has lice in his hair.,E
enda,n,an organ of the body like a bag into which food passes when swallowed and in which the first part of digestion occurs.,stomach,Naashaasha omu nda.,She has stomachache.,E
enda,n,having a baby or a young animal developing in a womb.,pregnancy,Omukazi ogu aine enda.,This woman is pregnant.,E
enda,n,wanting to eat alone.,greed,Nyowe tingira nda.,I am not greedy.,E
enda y'orurera,n,part of a female's body where a baby develops.,the uterus or womb,,,E
endaaba,n,a form of ornament beads (chain).,ornament,,,E
endaaho,n,an animal whose testicles have been removed.,castrate castrated animal,,,E
endaaki,n,"a long deep hole dug in the ground in which soldiers can be protected from enemies, fire or attacks.",trench,,,E
endaani,n,a hollow space dug in the ground and stretches underground.,a tunnel,,,E
endaare,n,a plantation especially of bananas that has overgrown weeds.,unweeded plantation,Ishe ku yagyenzire abaana orutookye baarureka rwaba endaara.,"When their father left, they left the banana plantation unweeded.",E
endaariro,n,a light evening meal; served at night.,,,,E
endaaro,n,pregnancy concieved before marriage.,,,,E
endaaya,n,,,,,E
endaaya,n,,,,,E
endagaano,n,a contract made with somebody to effect something.,agreement,,,E
endagiiriro,n,a sign at the side of the road giving information about the direction and distance of places.,sign post or map of a place,,,E
endegye,n,,,,,E
endeku,n,calabash that resembles a pumpkin.,,,,E
endeme,n,"a person who behaves badly, dishonest and immoral.",rogue,,,E
endengo,n,a container for measuring quantity of foodstuffs.,,Endengo ei baapimiiremu oburo ekaba eri mpango.,The container for measuring the quantity of millet was too big.,E
endengo,n,the coloured part of maize plant that carries pollen.,maize tussels,,,E
endengwa-mwaka,n,crops that have been kept in store for a longtime.,stored crops,,,E
endengyerezi,n,a person who is so mean with his goods.,miser,,,E
endenzya-mutima,n,an idiomatic way of talking about the end of something or somebody's life.,,,,E
enderema,n,sauce of green vegetables.,vegetables,,,E
endibaariba,n,flowers of a thorny coral tree.,,,,E
endibatiro,n,a mark left on a surface by a person's foot or shoes or by an animal's frot.,footprint,,,E
endiboota,n,large quantity of something pressed tightly together and tied up.,bale,,,E
endiga,n,a sharpened knife that is specifically used in slicing meat.,knife,,,E
endahi,n,a small brown bird whose eggs and meat are eaten.,quail,,,E
endiga,n,,,,,E
endahiro,n,a solemn statement or promise undertaken to do something.,solemn or oath,,,E
endamutsyo,n,a message of good wishes for somebody.,greeting,,,E
endigito,n,sound made of a very fast moving object.,,,,E
endanga-muntu,n,a document that shows the personal identification of somebody.,identity card,,,E
endango,n,a piece of cloth with special colours representing a particular country.,flag,,,E
endihano,n,an object obained as a fine in replacement of what was damaged or stolen.,a fine,,,E
endiira-kukinduka,n,a person who eats too much.,gluttony,,,E
endiiro,n,a small basket where mingled millet or sorghum is served.,eating basket,,,E
endiisa,n,a heron with mainly white plumage.,egrets,,,E
enda-nto,n,part of the abdomen below navel that contains urinary bladder and the womb in women.,,,,E
endarira,n,growth that has not been burnt by fire.,bush,,,E
endatsi,n,"pulse as a sign of life, vigour.",,,,E
endeebeka,adj,the way someone or something looks.,the appearance of somebody or something,,,E
endeeberera,n,activity involved in maintaining something in good working.,maintainace,,,E
endeeberwamu,n,flat glass that you look into in order to see yourself.,mirror,,,E
endeebya,n,A person who is not loyal to his or her people or country.,traitor or betrayer,,,E
endegye,n,a flying vehicle with wings and one or more engines.,an aeroplane,,,E
endiiso,n,a thick hot or cold liquid that you eat on or with food.,sauce,,,E
endimu,n,a yellowish green fruit with sour juice that is used for giving flavour to food and drink.,lemon,,,E
endindi,n,the rods that are moved up and down by hand to operate the bellows in the blacksmiths forge.,,,,E
endindi,n,the rods that are rotated to and fro in a hole in a stationary stick on the ground in making fire by friction.,,,,E
endindi,n,an apparatus for blowing air into or through something.,bellows,,,E
endingiri,n,a musical instrument with one string.,one stringed violin,Omushaija we n'omutezi w'endingiri.,Her husband is a violinist.,E
endinzi,n,a nation of a protectorate.,,,,E
endiza,n,wooden pots used in milking and storing milk.,milk pots,,,E
endogoya,n,donkey: an animal of the horse family with short legs and long ears which is used for carrying heavy loads.,donkey,,,E
endoha,n,(of a person) to fall down flat on the ground.,,,,E
endoki,n,fisheries: the business or industry of fishing.,fisheries,Naakora omu kitongore ky'endoki.,He works with the department of fisheries.,E
endonde,n,cows that like segregating themselves from others when they are grazing.,,,,E
endongo,n,music: sound that is pleasant to listen to or dance.,music,,,E
endongo,n,guitar: a large musical instrument with a nearly closed wooden sound box.,guitar,,,E
endongo-buraaya,n,a very large sauce pan made of a hard metal used for mingling millet or posho.,,,,E
endongoorano,n,a return gift something that is given as a present after a visit.,,,,E
endoora,n,short cows with short horns.,,,,E
endosho,n,scoop: a spoon that is made out of soft wood.,scoop,,,E
endozo,n,a small portion of food or drink taken by mouth to taste its quality.,,,,E
endugiiriro,n,beginnning: the place or time at which something starts.,beginnning,,,E
endugu,n,the bedroom: the bed room in the house which is not a sitting room or kitchen.,the bedroom,,,E
endundo,n,pile: a number of things piled together.,pile,,,E
endungu,n,"large pot: a round container made of glass, plastic, metal, clay etc. for storing things.",large pot,,,E
enduuru,n,alarm: a loud noise or signal that warns people of danger or problem or where one is threatened.,alarm,,,E
endwano,n,wars or conflicts.,,,,E
endwara,n,"disease: a state of poor health in humans, animals and other living things.",disease,,,E
endya,n,nutrition: a process of providing and recieving food necessary for health and growth.,nutrition,,,E
endyaga,n,food: any substance that people or animals eat or drink.,food,,,E
endyangatanisa,adj,an untrust worthy person who takes something which does not belong to him.,,,,E
endyanku,n,axe: a tool used in splitting wood into pieces.,axe,,,E
endyarya,n,hypocrite: a person who uses a sweet tongue to con others.,hypocrite,,,E
enfaano,n,meat from an animal that died of natural causes.,,,,E
enfanabujune,n,a miserable person.,,,,E
enfumu,n,proverb: a condesed but memorable saying with hidden rich meaning embodying some important facts of experience.,proverb,,,E
enfunzi,n,a small redish brown or black birds that usually go or fly in groups of three and above; they like making their nests in plantations especially coffee or banana plantations.,,,,E
enfurebe,n,a handbag made from untanned hide or skin carried by men.,,,,E
engaaniizi,n,a conversationalist teaser: an untrustworthy person who talks a lot and teases using the power of speech in order to have fun by embarrassing or annoying slightly.,a conversationalist teaser,,,E
engaara,n,crab: a water creature that has a hard shell and ten legs two of which are pincers.,crab,,,E
engabi,n,bushback: a wild animal that resembles a kob.,bushback,,,E
engabirano,adj,talent: a natural ability to do something well.,talent,,,E
engabo,n,"shield: a tool that is used for protection against spears, stones in attack during war.",shield,,,E
engagi,n,gorilla: a very powerful and large African ape.,gorilla,,,E
engaito,n,,,,,E
engamba,n,the way of pronouncing the word of a language that shows which country or area a person comes from.,,,,E
engamba,n,the sound produced by something which is always associated with it.,,,,E
engamba,n,style of talking.,,,,E
engamba,n,,,,,E
engamba,n,scales: the outer hard body of a fish.,scales,,,E
engambi,n,a talkative person: a person who talks a lot.,a talkative person,,,E
engambi,n,"verb: a word or group of words that express an action, an event or state of affairs.",verb,,,E
engambisa,n,"vowel: any of the Itters that represent sound a, e, i, o, u.",vowel,,,E
engamira,n,camel: an animal with a long neck and one or two humps used in desert countries for transportation.,camel,,,E
endyo,adj,right hand: part of human body which allows a person to touch.,right hand,,,E
eneema,n,grace: God's mercy and favour towards mankind.,grace,,,E
enengo,n,gorge: a very narrow deep valley with very steep sides.,gorge,,,E
enganda,n,millet bundle: a handful bundle of millet tied together when harvesting.,millet bundle,,,E
engango,n,armoury: a place where weapons are kept.,armoury,,,E
engango,n,a big ring where they put milk pots.,,,,E
enfaakazi,n,,,,,E
engano,n,wheat: a crop whose grain is used to produce flour for baking bread.,wheat,,,E
enganzi,n,Prime Minister: a person who was second to the king of Ankole in line of kingship in Ankole kingdom.,Prime Minister,,,E
enganzi,n,beloved: a person that is most loved and favoured.,beloved,,,E
enganzi,n,a star that is very bright.,,,,E
engaramira,n,a chair which has where to lean on.,,,,E
engaro,n,hand: the part of the body at the end of the arm that includes the fingers.,hand,,,E
engasi,n,,,,,E
engasya,n,,,,,E
engata,n,a spiral roll from banana leaves or grass for carrying things on the head.,,,,E
engiri,n,gospel: one of the first four books in the New Testament bible that talks about Jesus.,gospel,,,E
engiri,n,warthog: a large animal with very thick skin and one or two horns on its nose that is common in tropical Africa and Asia.,warthog,,,E
engobya,n,a deceitful person who behaves in a cunning way by telling lies.,,,,E
engoha,n,tick: a small parasitic insect that feeds especially on animals by sucking blood.,tick,,,E
engoma,n,drum: a musical instrument made with a hollow round frame and a skin stretched tightly across.,drum,,,E
engoma,n,throne: a special symbolic seat also used symbolise authority among leaders.,throne,,,E
engoma,n,the soft part in the middle of the head in the head of a young baby.,,,,E
engonero,n,white substance found on one's face (especially mouth) in the morning or during the day after sleep.,,,,E
engoona,n,algae: a green substance that is slipperly and usually found on stagnant water.,algae,,,E
engozi,n,baby's swaddling cloth: a cloth for carrying a baby.,baby's swaddling cloth,,,E
engozi,n,"stretcher: sticks made in form of a movable bed, used to carry sick people or brides over long distances.",stretcher,,,E
engumba,n,a woman that cannot produce.,,,,E
engurirwa,n,an edible part of sorghum variety that is black in colour.,,,,E
engurukira,n,swollen painful inguinal lymph node: a small swollen painful hard mass of tissue that appear on the joint in the human body caused by having a wound.,swollen painful inguinal lymph node,,,E
engurukizi,n,earthworm.,,,,E
engurumbanyi,n,untrust-worthy person.,,,,E
enguugu,n,an old stock of harvest.,,,,E
enguuri,n,spirit: an alcoholic beverage that is distilled rather than fermented.,spirit,,,E
enguuza,n,disobedient child: a child who cannot listen to advice.,disobedient child,,,E
enguzi,n,bribe: a dishonest payment or inducement made to a person in a position of trust to act in one's favour.,bribe,,,E
engwe,n,leopard: a large wild animal in the cat family with a yellowish coat and dark spots.,leopard,,,E
engwerwa-kagwe,n,tragic victim: a person that has faced a terrible event or sadness.,tragic victim,,,E
engwisa-kagwe,n,somone who causes a terrible event or tragedy.,,,,E
engwiso,n,nape: back part of a person's neck.,nape,,,E
engyemeko,n,a small clay pot for boiling water.,,,,E
engyemeko,n,a conical pot with four sided openings for perfumery functions.,,,,E
engyenda,adj,the manner in which a person walks.,,,,E
engyenda-kiro,adj,an idiomatic way of referring to red safari ants.,,,,E
engyenderwaho,n,Constitution: a system of laws and principles according to which a state or other organisations are governed.,Constitution,,,E
engyenyi,n,a wild creeping plant that stings.,,,,E
engyesho,n,behaviour: the way in which one acts or conducts oneself especially towards others.,behaviour,,,E
engyeso,n,harvesting knife: a knife used for harvesting millet.,harvesting knife,,,E
engyeya,n,colobus monkey: a slender leaf-eating African monkey with a silky fur a long tail and very small or reduced thumbs.,colobus monkey,,,E
engyezi,n,the boggy part of the swamp.,,,,E
engyora,n,"screw: a cylinder with a helical ridge or thread running around the outside that can be turned to seal an opening, apply pressure, adjust position, etc, especially one fitting into a corresponding internal groove or thread.",screw,,,E
enimi,n,bull: male cattle.,bull,,,E
enio,n,buttocks or anus.,,,,E
enjangu,n,"cat: a small carnivorous mammal with soft fur, short snout, and retractable claws, widely kept as a pet for catching mice or rats.",cat,,,E
enjara,n,famine: extreme scarcity of food.,famine,,,E
enjara,n,hunger: the feel for the neccessity to eat.,hunger,,,E
enjebajebe,n,"rattle: round fruits that can be used to make a rapid succession of short, sharp sounds in particular, baby's toys, singing and dancing.",rattle,,,E
enjegyere,n,chains: a connecting flexible series of metal used for fastening or securing objects and pulling or supporting loads.,chains,,,E
enjerere,n,cricket: a butterfly like insect which makes noise in the evening.,cricket,,,E
enjoga,n,hyrax: a small herbivorous mammal with a,hyrax,,,E
enjoga,n,compact body and very short tail found in many arid and semi arid parts.,,,,E
enjoga,n,a sizeable pot used for storing local brew among the Banyankore.,beer pot,,,E
enjogonyo,n,a soft-bodied lava found in decayed matter.,maggot,,,E
enjojo,n,"a heavy plant-eating mammal with a prehensile trunk, long curved ivory tusks and large ears native to Africa and southern Asia.",elephant,,,E
enjoka,n,a long limbless scaly reptile; some are poisonous. Suborder ophidia(serpentes).,snake,,,E
enjoki,n,"a stinging winged insect which collects nector and pollen, produces wax and honey and lives in large colonies.",bee,,,E
enjori,n,the tufed-heads of some plants especially a flower head with prominet stamens at the top on a maize stalk.,tassels,,,E
enju,n,a building for human habitation especially one that is lived in by a familly or a small group of people.,house,,,E
enju,n,"human hair whose colour is between white and black, it usually comes in old age.",grey hair,,,E
enjuba,n,blood that is got from cows and cooked as a meal.,blood sauce,,,E
enjubu,n,a large thick skinned semi-aquatic African mammal with massive jaws and large tusk.,hippopotamus,,,E
enjugano,n,"a payment in form of money, cows, etc that is made by or on behalf of a prospective husband to the prospective bride's family as a sign of appreciation.",bride wealth,,,E
enjuha,n,sorghum that has been soaked in water.,,,,E
enjuma,n,small cultivated seeds used as food.,grain,,,E
enjungu,adj,cows of European type.,fresian,,,E
enjungu,adj,to run at a terrific speed.,,,,E
enjunguri,n,a type of fish that is small in size and has a maroon like tail fin.,,,,E
enjunja,n,,,,,E
enjura,n,condensed moisture of the atmosphere falling visibly in seperate drops.,rain,,,E
enjuuha,n,millet grains that have started to germinate.,germinating millet,,,E
enjwano,n,freshly chunned ghee.,fresh ghee,,,E
enjwara,n,one's unique style of dressing.,code of dressing,,,E
enkaaya,n,,,,,E
enkaba,n,when a piece of land or field that remain when a bush is burnt.,the unburnt patches,,,E
enkaiga,n,the stage of bean development between flowering and maturity.,seed pods,,,E
enkaika,adj,to do something hurriedly especially drinking.,,,,E
enkaitano,adj,"payment made to provide or serve as a substitute or equivalent or as reparation for a loss, injury or suffering.",compensation,,,E
enkaito,n,footwear shaped to fit the foot (below the ankle) with a flexible upper of leather or plastic and a sole and heel of heavier material.,shoes,,,E
enkaitsi,n,money paid over and above what was supposed to have been paid.,"sur-charge, fine",,,E
enkaka,n,a tropical plant with thick leaves and sharp points that contain water and is used as medicine.,aloe vera,,,E
enkaka,n,"a disease that attacks human beings, which causes the eyes and urine to turn yellow.",yellow fever,,,E
enkamba,n,one of the species of Irish potatoes.,,,,E
enkamba,n,a small metallic object that is fired from a gun.,bullet,,,E
enkambi,n,a place where people live in temporary shelter especially while in transit to another place.,camp,,,E
enkamyo,n,a drop of junket used to seed fresh milk to convert it into yorghut.,,,,E
enkana,n,a neck swelling.,,,,E
enkanga,n,"a large African game bird with white spots, plumage and a loud voice.",guinea fowl,,,E
enkangaasi,n,the hard part of a cow's foot.,hoof,,,E
enkangamwase,n,fault lines that occur in hard soils and plastered houses.,crack,,,E
enkangara,n,a big basket in a home usually used for keeping valuables.,,,,E
enkanka,n,the top part of the inside of the mouth towards the glottis.,palate,,,E
enkanya,n,a sticky substance that comes out of an animal's teats when it is pregnant.,colostrum,,,E
enkanza,n,ignited chartimber used to start a new fire.,,,,E
enkara,n,bad things that happen to someone not out of his own making.,bad luck,,,E
enkara,n,porridge or alcohol that has overfermented.,,,,E
enkarabo,n,,,,,E
enkaraga,n,small pieces of bones used in divination.,,,,E
enkarakare,n,trees that are grown in banana plantations and serve as supporters of bananas when there is a storm or over weight bananas from falling. They have broad leaves and the stalk has a hole inside.,castor oil trees or seeds,,,E
enkaranga,n,one of the former regiments of king Ntare of the defunct Ankole kingdom.,,,,E
enkarangye,n,fried food.,,,,E
enkari,n,the waste liquid that collects in the bladder and is passed out through the penis or the vagina.,urine,,,E
enkasi,n,"a short pole with a broad blade at one or both ends, used without a rowlock to move a small boat or canoe through the water.",oar,,,E
enkasya,n,,,,,E
enkazi,n,a structure containing a number of nerve cell bodies typically linked by synapses and after forming a swelling on a nerve fibre.,ganglion,,,E
enkima,n,a member of a group of primates most similar to humans in appearance especially a type with a long tail that climbs trees.,monkey,,,E
enkingo,n,places dug up across hills during cultivation with the purpose of stopping running water from taking away soil.,terraces,,,E
enkoba,n,the outer coats of beans which do shrink when they are cooked ready.,,,,E
enkoba,n,,,,,E
enkobanio,n,wrinkles found on the buttocks especially of the eldery people.,,,,E
enkobe,n,a large typical monkey with a long face resembling that of a dog.,baboon,,,E
enkofiira,n,a tight fitting head dress commonly worn by men or boys or as part of uniform.,cap or hat,,,E
enkogote,n,,,,,E
enkogoto,n,crushed stones that are used in building especially the foundation of a house.,building mortar,,,E
enkogoto,n,any of the two flat bones at the top of the back.,shoulder blades,,,E
enkogotso,n,pot scrapper usually made from broken calabash.,,,,E
enkojo,n,a mark left by the healing of an injured tissue.,scar,,,E
enkoko,n,a domestic fowl bled for its meat and eggs.,chicken,,,E
enkoko nkuru,n,the part of a bird's stomach in which food is broken up into smaller pieces before digestion takes place.,gizzard (as meat),,,E
enkokokazi,n,a female chicken usually kept for eggs or meat.,hen,,,E
enkokora,n,the joint between the upper and lower parts of the arm where it bends in the middle.,elbow,,,E
enkokote,n,,,,,E
enkoma,n,a kind of short poisonous snake that lives in short trees or shrubs..,snake,,,E
enkombe,n,a bird of the pigeon family.,dove,,,E
enkombe,n,soft food made by boiling millet flour or other legumes in water or milk until it becomes thick.,thick porridge,,,E
enkombe,n,protruding part of the forehead.,,,,E
enkomborora,adj,a completely shaven head which has no hair.,,,,E
enkome,n,a fixed number of lines of verses forming a unit of songs.,stanza,,,E
enkomo,n,,,,,E
enkomo,n,back of the head.,nape,,,E
enkomo,n,the end part of a sweet potato.,stock,,,E
enkondo,n,a piece of wood that is stuck in the ground on which animals are tethered.,peg,,,E
enkondo,n,a cooking pot mainly for beans or peas.,pot,,,E
enkondo,n,,,,,E
enkongi,n,the bottom part of the tree trunk that remains after felling the tree.,tree stamp,,,E
enkongooro,n,a small milk pot designed for children to drink milk.,milk pot,,,E
enkongoro,n,a medium size bird species that falls in the category of perching birds.,bird,,,E
enkoni,n,a stick that can be used in walking or in grazing.,walking stick,,,E
enkoni,n,legs that come fast in the process of giving birth by animals.,,,,E
enkoni,n,the beer that is given to the bridegroom's crew after the give-away ceremony.,,,,E
enkoninyabuto,n,wild plant which some people use to make fences. It has white sap that is dengerous when it comes into contact with the eyes and is put on warts.,wild plant,,,E
enkonya,n,the remaining part of a banana tree that has the roots.,banana stump,,,E
enkonzo,n,a hoe made in form of a digging stick that was used before iron smelting.,wooden hoe,,,E
enkoobwa,n,a portion of sweet potato or banana after it has been broken into two or more pieces.,,,,E
enkoora,n,a path created after cows have passed in a bushy area.,cattle trails,,,E
enkoore,n,a species of small brown bean.,,,,E
enkooreera,n,,,,,E
enkoorezo,n,,,,,E
enkora-birungi,n,a person who does good things in society.,,Enkora-birungi ebizimuurirwa.,A good turn deserves another.,E
enkoragana,n,the spirit of working together to achieve a set objective.,co-operation,,,E
enkoro,n,the part of the body between the stomach and the neck.,animal's chest,,,E
enkoma,n,hard maize corns.,,,,E
enkomangwa,n,,,,,E
enkoro,n,a group of banana trees that has grown together.,cluster,,,E
enkomantiriro,n,door posts.,,,,E
enkoro,n,a calabash used to keep milk.,,,,E
enkorogoto,n,dry papyrus reeds.,,,,E
enkoromwaijo,n,type of cattle that is short and stout with a big hump.,zebu,,,E
enkorooto,n,big black ants that live in colonies..,ants,,,E
enkorora,n,,,,,E
enkozi,n,hard working person.,,,,E
enku,n,wood that is cut into pieces to be used for cooking or heating something.,firewood,,,E
enkuba,n,loud roaring noise that is heard after lightning when it is raining or threating to rain.,thunder,,,E
enkubaara,adj,"to swing from one side to another, walking in unstable way.",,,,E
enkubito,n,the act of using strength in beating or cutting.,,,,E
enkufuro,v,,,,,E
enkufuru,n,a type of lock that is used in locking places or items in one place.,padlock,,,E
enkugiro,n,the end point of something woven especially a baskect.,,,,E
enkukuuru,n,cactus tree.,,,,E
enkumba,n,sorghum porridge which is brown.,,,,E
enkumeeme,n,a place where grass has dried up.,bare land,,,E
enkumi-n'enkumi,adj,very many people or things gathered together.,thousands,,,E
enkunamo,n,the action of undressing by an old person with the intension of cursing.,bad omen,,,E
enkundi,n,umblical cord of a baby who has just been born.,cord,,,E
enkundi-katebe,adj,someone who has been left with nothing.,,,,E
enkundwakazi,n,a wife who is most loved in a polygamous family.,loved one,,,E
enkune,n,bums which are pointed and protruding.,battocks,,,E
enkunga,n,long loose structures used for holding pieces of cloth together temporalily before they are sewn firmly.,tack,,,E
enkungu,adj,"an animal that does not have horns when it is supposed to have, for example a cow.",,,,E
enkungu,n,shores or sides of the well or large water body lower than the land near it.,banks,,,E
enkunguru,n,small grasshoppers.,grasshoppers,,,E
enkunguzi,n,somebody or something that is believed to bring bad luck.,bad omen,,,E
enkunyure,n,an area that has been badly eroded or which has been badly affected by overgrazing.,barren land,,,E
enkunzi,n,somebody who is loved.,lover,Nkunzi yangye.,My lover.,E
enkura,n,a severe thick skinned herbivorous mammal of Africa and Asia with one or two upright horns on the snout.,rhinoceros,,,E
enkuraijo,n,a plant species.,,,,E
enkurano,n,lactating cows brought from a moving herd to stationery place for milking.,,,,E
enkura-ruhembe,n,,,,,E
enkuratana,adj,the action of making things following one another in an organised format.,,,,E
enkuratane,adj,children who follow each other in their order of birth.,,,,E
enkuratima,n,the rythmic expansion and contraction of the arteries as blood is pushed through them by beating of the heart or regular rythmical heart beats due to fear or weakness.,pulse,,,E
enkurikizi,n,,,,,E
enkuringizo,n,a round and smooth stone used by potters to smoothen clay pots when they are not yet dry.,,,,E
enkuru,n,new information about something that has happened.,,,,E
enkuru,n,meat scrapping from a hide.,meat,,,E
enkurubure,adj,something that has no cover at all.,bare,,,E
enkurungu,n,"a round shaped item, e.g. a stone.",circle,,,E
enkushu,n,"a bird that lives in tropical and semi tropical climate characterised by short and hooked beak, brightly coloured plumate and in some species with the ability to mimic human speech or other sounds.",parrot,,,E
enkuubirizi,n,a man who causes deliberate pain to another without an acceptable reason.,wanton,,,E
enkuubo,n,a weed type that is common in banana plantations..,nut grass,,,E
enkuubyo,n,,,,,E
enkuuku-mbisi,phr,a person or something that is very difficult to deal with.,being complicated,,,E
enkuuna,n,an area in the farm that does not have grass as a result of overgrazing or barrenness.,bare land,,,E
enkuuna,n,,,,,E
enkuura,n,half of a spear without blade.,spear,,,E
enkuuri,n,an offence or foul common in a football game where rough play is displayed by hanging an open boot to an opponent.,,,,E
enkuute,n,"a cover of milk pots, a mat or basket made with one colour.",,Omuhaiha gw'enkuute.,,E
enkuuto,n,a hard surface route made for vehicles to move on.,road,,,E
enkuuto-nyaigyendwa,n,main road used for travelling long distances and connecting distant places on the mainland.,high way,,,E
enkuyanja,adj,very many people that have gathered in one place.,masses of people,,,E
enkuyo,n,cow brush.,,,,E
enkuzi,n,roots of the papyrus reeds.,,,,E
enkwakakaawe,n,a person who behaves in a dishonest way by telling lies and conning using a sweet tongue.,deceitiful person,,,E
enkwamo,n,the worth of something in monetary terms.,value or worth,,,E
enkware,n,kind of mushroom species that grows on small anthills.,mushroom,,,E
enkwata-buta,n,"someone that possesses or shows courage, undergo or face an action courageously.",brave person,,,E
enkwata-mata,n,a person who is a hero and very strong and can be able to defend people from being attacked by enemies.,brave,,,E
enkwata-ngabo,n,someone who takes part in a physical combat or battle without fear.,fighter,,,E
enkwata-rugo,n,cows given in advance of an impending marriage as a sign of engagement.,,,,E
enkwatirizo,n,something that helps in making fire glow or light up.,kindling material,,,E
enkwatwa,n,someone who is enslaved by strong emotions or passion or one captured and confned as a prisoner.,captive,,,E
enkwekwe,n,a very short hen.,chicken,,,E
enkwenza-muze,n,person fond of disturbing others or someone who likes quarreling for no reason.,,,,E
enkwirwa,n,small insects that live in colonies or highly organised groups.,small red ants,,,E
enkyakaara,n,guinea fowl.,,,,E
enkyebebe,n,small insects living in the ground in large social groups and famous for hard work.,termites,Enkyebebe nizituura omu kikungu.,Termites live in an ant hill.,E
enkyeetero,n,a small bag made from animal skin.,,Maawenkuru naabiika esente omu nkyetero.,My grandmother keeps her money in a small bag made from animal skin.,E
enkyeka,n,"a house utensil that is used for keeping porridge, local beer and other liquids.",gourd,,,E
enkyende,n,a monkey.,,Enkyende nizituura omu kibira.,Monkeys stay in a forest.,E
enkyenga,n,a swelling in the groin.,,,,E
enkyenzi,n,"a type of grass that looks like finger millet, which grows with millet in the garden, and often used to make baskets.",,,,E
enkyera,n,headache or other after effects of drinking alcohol.,hangover,Takaimukire ariire enkyera.,,E
enkyerere,n,soft red small fruits that grow on a low plant and are very sweet.,strawberries,,,E
enkyeru,n,part of a smoking pipe that is filled with tobacco.,,Bakaiba enyungu ye baagihendaho enkyeru.,,E
enogo,n,a bolus of food dimpled by a thumb to contain gravy.,,,,E
enombe,n,red soil.,,,,E
enonko,n,holes in a rock or stone.,hole,Enjoka yaataaha omu nonko.,The snake has gone into a hole in the rock.,E
enono,n,nails for fingers and toes.,,,,E
ensamya,n,simsim.,,,,E
enserere,n,a type of backcloth tree with large leaves.,,,,E
ensha,adj,taste (normally used in the negative form).,,Ebi byokurya tiharimu nsha.,This food is tasteless.,E
ensha,adj,lacking value.,,,,E
enshaagi,n,surplus.,,,,E
enshaaki,n,,,,,E
enshabano,n,something which one posesses after asking for it from another person.,,Ente ezi nyine n'enshabano.,,E
enshabiko,n,a bath made by mixing various herbs boiled to form a baby's bath.,,,,E
enshagarirano,n,the cows given to the bride by her relatives as presents on her wedding day.,,,,E
enshagarizi,n,,,,,E
enshaho,n,a container for carrying things.,a bag,,,E
enshaija,n,a male animal.,,,,E
enshakano,n,something (especially food) obtained from afar.,,,,E
enshama,n,,,,,E
enshamaitu,n,dark brown cows with black hair and white spots.,,,,E
enshambani,n,an adulterous person.,,,,E
enshambu,n,an area of land especially in the country with one owner.,,,,E
enshambya,n,,,,,E
enshandago,n,a cut into flesh as part of traditonal healing or immunisation.,therapeutic incisions,,,E
enshande,n,juice locally made out of a certain type of bananas.,,,,E
enshanga,n,cows with white patches on the lower neck.,,,,E
enshanje,n,,,,,E
ensharo,n,The boundary line or the area immediately inside the boundary.,border,,,E
enshashanure,n,strippings from papyrus stems.,,,,E
enshaya,n,either of the bones that hold the teeth.,jaws,,,E
ensheeka,n,,,,,E
ensheenya,adv,the way of destroying something.,,,,E
ensheko,n,,,,,E
ensheko,n,wage.,,,,E
enshumi,n,period of time in the past characterised by the same features.,,,,E
enshunga,n,big white beads.,,,,E
enshungwe,n,prickly flowers of some grasses.,awns,,,E
enshekure,n,a ram.,,,,E
enshekye,n,"long hallow pipes or cylinder of metal, glass, rubber etc for holding or transporting liquids.",tubes,,,E
enshunu,,a goat like brown animal commonly found in national parks with curved horns.,kob,,,E
enshekyera,n,an inflamation on the age of an eyelid.,a sty,,,E
enshenda,n,,,,,E
enshuri,n,a plant with long pliable stems.,canes,,,E
enshushu,n,"small pieces of dead skin in a person's hair, whitish brown in colour.",dandruff,,,E
enshushu,n,skin that peels usually when the skin is very dry.,,,,E
enshenya-maka,n,someone who is responsible for breaking people's marriages.,,,,E
enshinjo,n,cold chisel or corn cutting tools.,,,,E
enshobe,n,an action or opinion that is wrong.,mistake or error,,,E
enshoberwa,n,a desparate person.,,,,E
enshoboorora,n,a statement that makes something comprehensible by describing the relevant structure or operation or circumstances etc.,explanation,,,E
enshoboorozi,n,someone who explains something.,,,,E
enshohoza,n,an amount of money spent.,expenditure,,,E
enshoigo,n,honey guide bird.,,,,E
enshoma,n,the way of reading.,,,,E
enshonda,n,,,,,E
enshonga,n,an explanation of the cause of some phenomenon.,reason,,,E
enshonga,n,cattle disease.,,,,E
enshonga,n,a tip of a horn.,,,,E
enshonga,n,menstruation period.,,,,E
enshongore,n,a male dog.,,,,E
enshongyezi,n,a person who plays a drum or drums.,accompanist drummer,,,E
enshongyezo,n,,,,,E
enshoni,n,,,,,E
enshonzi,n,,,,,E
enshorekye,n,a woman who stays in the palace and is known for rumour mongering. She is talkative and says things that are not important or not called for.,,,,E
enshorekye,n,an inferior of a Muhima woman.,,,,E
enshugi,n,a piece of land that is too bushy.,barren land,,,E
enshuku,n,pretending to be satisfied and refusing food that has been offered yet you want.,,,,E
enshumbi,n,voilence or force.,,,,E
enshumbi,n,a small pot with a long neck used to keep warm water.,,,,E
enshumbuushano,n,something given to someone to replace what he lost.,,,,E
enshwa,n,small insects living in a complex social colony with one breeding queen that is wingless except for the fatile adults which form a large mating swarm.,flying termites,,,E
ensi,n,the planet on which we live.,earth,,,E
ensi,n,worldly pleasures.,,Naakunda ebyensi.,He enjoys worldly pleasures.,E
ensibuko,n,origin or source of something.,,,,E
ensirabo,n,,,,,E
ensiri,n,,,,,E
ensita,n,a secret.,,,,E
entaaga,n,a finger of millet or sorghum.,,,,E
entaama,n,an animal that is kept on farms used for its wool or meat.,sheep,,,E
entaaniso,n,the difference between two or more things.,difference,,,E
entaara,n,a tray used to winnow unwanted grains or stones from crops.,,,,E
entaasya,n,money recieved especially on a regular basis through work or investment.,income,,,E
entabire,n,a piece of land that has been prepared for planting or sowing.,,,,E
entagahuura,n,"a person who is not talkative, who keeps people's secrets that are told to him or her.",,,,E
entamaare,n,"bracelets, bangles that women wear. They are made of copper or brass and they are of three strands.",,,,E
entambwe,n,steps as made in walking.,stride,,,E
entanaki,n,,,,,E
entandaruwa,n,the upper interior surface of the house or building.,ceiling,,,E
entanga,n,seminal fluids or vaginal secretion produced during sexual intercourse.,,,,E
entanga,n,"a creeping plant with round fruits (not edible) that grow wild, children like playing with them. They look like balls.",,Eibeere ry'entanga.,,E
entangaare,n,an inhibited open large space.,,,,E
entangirizi,n,person who welcomes others on occations by giving them seats or showing them which directions to take.,usher,,,E
entango,n,the base or bottom part of a basket.,,,,E
entango,n,a small cover of a milk pot when it is being woven.,,,,E
entangura,n,,,,,E
entaraga,n,troughs from which cows take water.,,,,E
entaraga,n,a swamp that has salty mud; cows like licking tis mud.,,,,E
entaragaza,n,one of the types of bananas.,,,,E
entarahondo,n,a plant which has yellow flowers usually used as medicine; black insects like hiding in its flowers.,,,,E
entaranta,n,a natural gift.,talent,,,E
entarikye,n,food dried or kept dry by exposure to mild heat.,,,,E
entarire,n,a secluded room in a hut.,,,,E
entarure,n,a wooden bed with four stands that are on the ground.,bed,,,E
entashumbushwa,adj,an irreplaceable cow.,,,,E
entasiima,adj,someone who does not appreciate.,,,,E
entayomba,n,"an ornament-band, hop or chain worn on legs or arms as people dance African dances.",musical instrument,,,E
entazinduka,n,a type of banana tuber which produces very big and long bunches.,,,,E
ente,n,cattle kept on the farm for milk or beef.,,,,E
ente z'omutoozo,n,special cows where the milk for the king comes from.,,,,E
entebe,n,a piece of furniture for sitting on.,chair,,,E
entebeekanisa,n,arrangement or order of things.,,,,E
enteburano,n,plucked young bean leaves for eating.,,,,E
enteegi,adj,a disobedient child who does not want to do anything.,,,,E
enteekateeka,n,one's opinions and ideas.,,,,E
enteere,adj,sweetened porridge that is prepared by mixing millet and sorghum flour. It is prepared mostly in the evening and stays overnight and is taken the following day. It is mostly taken by Bakiga and Banyankore.,,,,E
enteere,n,being very tired.,,,,E
entega-bubiri,n,a person who lays out more than one strategy to make both ends meet.,,,,E
entego,n,treatment for constipation. It is done by putting a syringe containing liquid in someone's rectum to clean out the bowls.,enema,,,E
enteija,n,,,,,E
ente-matako,n,a good female cow.,,,,E
entembarushaka,n,a type of potatoes.,,,,E
entembo,n,a virgin land that is to be tilled the first time.,,,,E
entemere,n,a weaved container for carrying things.,basket,,,E
entende,n,a number of things usually of the same type fastened together.,bunch,,,E
entende,adj,a big bunch of banana.,,,,E
entendere,n,used to refer to a small calabash with a narrow waist.,,Amarwa baaba nibaganywera omu ntendere.,They have been drunking beer from a small pot with a narrow waist.,E
entengakareije,adj,a person who dares where others fear.,,,,E
entengye,n,small beads.,,,,E
entera-burwani,adj,a stubborn cow always disturbing others and fighting them.,,,,E
enteta,n,letters of the alphabet excluding vowels.,consonant,,,E
entetere,n,seeds of a pumpkin.,,,,E
ente-ya-abaana,n,a boil that mostly attacks young children on either the thigh or neck.,,,,E
entiba,n,a wooden material used in making bricks.,,,,E
entigi,n,a disobedient or rebellious child.,,,,E
entiini,n,a frigid vargina that has a hardened membrane that makes sexual penetration difficult.,,,,E
entiini,n,unable to be sexually aroused and responsive.,,,,E
entiitihazi,n,,,,,E
entiitiizi,n,a dull person who is not able to take risks.,cowardly,,,E
entiizano,n,borrowed things.,,,,E
entima,n,the inner layer of a banana fibre or some hard particles in a banana.,,,,E
entimba,n,expression of unhappiness when one is irritated.,anger,,,E
entimbure,n,mixed food.,,,,E
entinika,,,,,,E
entobo,n,a plant of colocynth whose fruit turns yellow when mature.,,,,E
entomi,n,a hand with the fingers clenched in the palm (as for hitting).,fist,,,E
entondaigwa,n,a cultivatable shrub with a slender stem and yielding edible beans.,,,,E
entondaigwa,n,beans of this shrub.,,,,E
entondo,n,type of cricket.,,,,E
entondore,n,fresh beans or peas.,,,,E
entonga,n,an egg shaped fruit eaten as a vegetable.,egg plant,,,E
entongane,n,conflicts: arguements or disagreements.,,,,E
entongane,n,one who has the habbit of quarreling.,,,,E
entongani,n,"the rain that does not seem to cease, rains throughout the day.",,,,E
entongo,n,a piece of meat.,,,,E
entoobeerwa,n,type of mushrooms which are small in size with pointed heads and long stems.,,,,E
entoore,n,the favoured people out of a big group,chosen ones,,,E
entooro,n,a tune without a specific purpose,,,,E
entootoozo,n,flour added to increase the firmness of millet being mingled,,,,E
entorobo,n,pumpkins when they have not yet matured,young marrows,,,E
entote,n,a semi-solid that has more water than is desirable,,,,E
entoto,n,"these are the remains or residues of sorghum that float on top of locally brewed beer (locally referred to as ""tonto"")",,,,E
entsibo,n,to stumble on something when you are walking and you almost fall,snag,,,E
entsibo,n,a wound that developes as aresult of stumbling on something,,,,E
entsibo,n,crashed stones that are mixed with clay to make pottery products,,,,E
entsigo,n,one of the two organs in the body that cleans the blood and removes waste,kidneys,,,E
entsigo,n,small hard parts produced by a plant that can grow into a new plant of the same type,seeds,Ensigo zoona ezi naasigire zikafa.,All my seeds did not germinate.,E
entsigo,n,seedlings,,,,E
entsimbo,n,"a neurological disorder marked by sudden reccurent episodes of sensory disturbance, loss of conciousness or convulsions associated with abnornal activity in the brain",epilepsy,,,E
entsimbo,n,a half cut calabash used for keeping ghee,,,,E
entsinduka,n,"a house that is badly built, inclined on one side",a leaning tower,,,E
entsyorera,n,to slap using the back of the hand,,,,E
entubu,n,a penis with a retracted foreskin,,,,E
entukura,n,a banana type whose plant has a red colour and is usually cooked (not used for brewing beer),,,,E
entukuru,n,a container made from interwoven strips of cane or wire used for catching fish,fishing basket,,,E
entumba,n,a loud fart,,,,E
entumbi,n,a corpse of cattle,,,,E
entunguuka,n,to grow and become advanced and elaborate,development,,,E
entunguuta,n,upper part of the sugarcane,,,,E
entunika,n,an illness which normally attacks fingers and toes and is very painful,whit low,,,E
entuntunu,n,small wild juicy fruits with small seeds,goose berries,,,E
enturagara,n,the sharp stalks of old grass in a burnt field,,,,E
enturature,n,a bird with mottled brown spots all over the body with long legs,,,,E
enturegye,n,an African wild animal with long legs and neck and with dark patches on its back,zebra,,,E
enturi,n,big eyes,,,,E
enturire,n,porridge or local beer mixed with honey,,,,E
enturugunyu,n,a swelling or mass normally of blood or muscels under the skin,,,,E
entuuha,n,a large bird with long legs and neck,crested crane,,,E
entuumuuki,n,blankshot,,,,E
entuuriishwa,n,a wild plant with tubers underground like those of cassava,,,,E
entuuru,n,a fall,,,,E
entuuru,n,a wild cat,,,,E
entuutu,n,,,,,E
entwiga,n,a long-necked animal that eats leaves in tall trees,giraffee,,,E
enumi,n,a male cow,bull,,,E
enushu,n,metallic currency,coin,,,E
envuna,adj,"one's personal cows, not communal",,,,E
enwa,n,an insect that stings,wasp or hornet,,,E
enyaaruju,n,a lizard-like creature that changes colour depending on the colour of its sorroundings,chameleon,,,E
enyakibabi,n,a green coloured snake,,,,E
enyama,n,the flesh of animals or bird eaten as food,meat,,,E
enyamaishwa,n,an animal,,,,E
enyamutsimbi,n,a small insect that smells badly,,,,E
enyanja,n,"a big water body; a lake, sea or an ocean",,,,E
enyanjazo,n,a forklike tool for removing grass in the compound,rake,,,E
entumbure,adv,the state of being stark naked,,,,E
entumbwe,n,calf muscle of the leg between one's knee and ankle,,,,E
entumwa,n,someone who delivers a message,messanger or embassodar,,,E
entundu,n,a type of banana for making juice or beer,,,,E
enyankole,adj,cows with long horns especially those from Ankole,,,,E
enyawaawa,n,a large wading bird with a long neck and long legs,ibis,,,E
entundubaare,n,a large sheet of canvas that is water proof,tarpaulin,,,E
entungo,n,very tiny seeds which are edible either roasted or in sauce (usually grown in eastern region of Uganda),simsim,,,E
enyegamo,n,a garment that covers the head and face,veil,,,E
enyeru,n,a banana plant which is red in colour,,,,E
enyibano,n,that which is got through theft,,,,E
enyikiriza,n,strong feeling that something is true or real,belief,,,E
enyikiriza,n,a Christian prayer that identifies one as a Christian and reveals what he or she believes in,creed,,,E
enyima,adv,behind or backwards,,,,E
enyindo,n,the part of the body used for smelling and breathing,nose,,,E
enyindo-y'omukono,n,upper part of the leg of a cow,,,,E
enyineemwe,n,brothers and sisters of the same mother,siblings,,,E
enyogori,n,worms widely found in latrines and in most rotten or decayed matter,maggots,,,E
enyohoore,n,a plot from which potatoes have been harvested,,,,E
enyombeka,n,the way something is constructed,design,,,E
enyondo,n,a tool with a handle and a metalic head used for breaking things or hitting nails,hammer,,,E
enyonero,n,the art of being tidy,,,,E
enyongarwizi,n,a water insect that bites,,,,E
enyongore,adj,an extremely pretty person,beautiful,,,E
enyongyerero,n,an additional item on top of what was expected,,,,E
enyongyezi,n,a word that expresses an attribute of something,adjective,,,E
enyongyezo,n,anything extra added to the expected,bonus,,,E
enyonjo,n,,,,,E
enyonyi,n,creature with feathers and wings and is able to fly,bird,,,E
enyonyi,n,an aircraft that has a fixed wing and is powered by propellers or jets,aeroplane,,,E
enyonyoozi,n,celestial body of gases that appear and shine in the sky at night,stars,,,E
enyonza,n,a plant with thorns that bears fruits which when ripe are brown or purple but green when unripe,,,,E
enyorekyerero,n,table of contents,,,,E
enyota,n,star worn by a military officer to indicate his or her rank,pip,,,E
enyugunyu,n,the middle part of the human body between the ribs and the hips,waist,,,E
enyuguta,n,each of the letters of the alphabet,,,,E
enyungu,n,"container made of clay for cooking food, fetching and storing water or beer",,,,E
enyungu,n,a craft used for smoking tobbacco,smoking pipe,,,E
enyungu-egoya,n,a pot which is used to mingle millet,baking pot,,,E
enywaisa,n,a cow whose milk is consumed by a specific individual,,,,E
enza,n,hair that grows on the private parts of adults,pubic hair,,,E
enzaana,n,way of playing,,,,E
enzaire,n,a cow that has just given birth,,,,E
enzamba,n,a brass musical instrument with a brilliant tone; has a narrow tube and a flared bell and is played by means of valves,a trumpet,,,E
enzaza,n,an animal with long horns,reed buck,,,E
enzibira-busha,n,a cartapillas cacoon,,,,E
enziga,n,"a wheel of a bicycle, motocycle or vehicle",,,,E
enziga-mubiri,n,cosmetics used on the hair or skin,,,,E
enzigu,n,the act of taking revenge (harming someone in retaliation for something harmful that they have done),vancour,,,E
enzigye,n,tiny sects that fly in swarms and often destroy crops,locusts,,,E
enziika,n,strong feeling of hatred,,,,E
enziku,n,a common venereal disease caused by the bacterium Neisseria gonorrhoeae; symptoms are painful urination and pain around the urethra,gonorrhea,,,E
enzimu,n,a sacred cow dedicated to a ghost,,,,E
enzimuurano,n,dowry usually in terms of cows that is paid back to the man who has divorcsepaed his wife,,,,E
enzinduka,n,black patches on the face,skin disease,,,E
enzinga,n,high yields when the harvest is good,,,,E
enzini,n,,,,,E
enzinzimiya,n,containers where soldiers carry drinking water,,,,E
enzira-bushera,n,type of banana plant that looks powderly,,,,E
enzira-kabi,n,a holy person,,,,E
enzira-kareju,n,a man who has reached marriegeable age but has not yet married,a bachelor,,,E
enzirigi,adj,muscular and strong,,,,E
enziro,n,dirt as a result of uncleanliness,,,,E
enzirwa,n,an anti-social and unfriendly person,,,,E
enzito,n,,,,,E
enzizi,n,wound,,,,E
enzizio,n,someone who sulks and takes sudden mood swings. He refuses take things especially food because of anger,,,,E
enzo,n,a type of bird with a sharp beak,a grey eagle,,,E
enzonzya-mutima,n,deep sorrow or bitterness,,,,E
epa,n,a woman with no breasts,,,,E
epipa,n,container used for keeping water,a drum,,,E
eraatiri,n,"low, heavy or light weight",weight,,,E
eranda,n,a machine used to smoothen wood or timber,plane,,,E
erangi,n,the appearance of something resulting from how it reflects light,colour,,,E
erangi,n,paint,,Yegyendesereze aha kisiika aho hariho erangi etakoomire.,"Be careful, there is wet paint on that wall.",E
ereegano,n,cattle blood cooked and eaten as food,,,,E
ereka,n,shrub with much syrup,,,,E
erende,n,spoilt beer or porridge,,,,E
eriiba,n,a pigeon,,,,E
eriigyenda,adv,"these days, nowadays",,,,E
eriino,n,hard bonelike structures in the jaws of vertebrates; used for biting and chewing or for attack and defence,tooth,,,E
eriisho,n,the organ of sight,eye,,,E
eriisho-ry'ensi,n,abyss,,,,E
eriizooba,n,a word used to refer to this particular day,today,,,E
erooro,adj,thin or not fat,,,,E
eryana,n,indicating a lack of maturity,childishness,,,E
eryanda,n,a dry cell,,,,E
eryandaazi,n,bun,,,,E
eryato,n,a boat,,,,E
eryaya,n,a place where lions live,den,,,E
eryombera,n,season of weeding millet,,,,E
eryozi,n,a round vegetable with orange seeds,pumpkin,,,E
esaabiiti,n,a period of seven consecutive days,week,,,E
esha,n,bandle of grass,,,,E
eshaabo,n,animal urine mixed with dung,,,,E
eshaaga,n,a type weed which can be used as sauce during food shortage periods,,,,E
eshaaha,n,a duration of time in terms of 60 minutes,hour,,,E
eshaaha,n,"a mechanical or electrical device for measuring time, indicating hours, minutes and sometime seconds, typically by hands on a round dial or by displayed figures",watch,,,E
eshaaki,n,an adult male domestic fowl,cock,,,E
eshaara,n,solemn request for help or expression of thanks addressed to God or an object of worship,prayers,,,E
eshabwe,n,ghee sauce,,,,E
eshagama,n,blood,,,,E
eshaho,n,a carrier made of a soft material e.g. leather,bag,,,E
eshamba,n,"a large bird, which looks like an eagle and eats meat and other birds",,,,E
eshambu,n,,,,,E
eshande,n,banana juice,,,,E
eshande,n,type of a bird,,,,E
eshando,n,a forked walking stick with two pointed ends used mainly by the elderly,,,,E
eshanduuko,n,a box in which clothes are kept,suitcase,,,E
eshanduuko,n,a long box in which the dead are burried,coffin,,,E
esharishari,n,urine in droplets,,,,E
esharo,n,"boundary, border that marks where one area of land ends and another one begins",,,,E
esaabuuni,n,the substance used with water for washing or bathing,soap,,,E
esaano,n,a white or brown powder,flour,,,E
esaasi,n,"sympathy, mercy, kindness",,,,E
esaati,n,shirt,,,,E
esaatumba,n,aheap of unorganised things,,,,E
eshata,n,a sudden voilent rainstorm,cloud burst,,,E
esafaari,n,travelling especially long distance,journey,,,E
esheegu,n,a musical instrument,"whistle, flute, fife",,,E
esheeka,n,a seed of Uganda coral tree,,,,E
esafuriya,n,a deep round metal pot,saucepan,,,E
esaiso,n,upper grinding stone,,,,E
esaiso,n,convex bone in front of the knee joint,knee-cap,,,E
esheija,n,little milk left in vessels for retainer,,,,E
esheko,n,sound made when a person is laughing,laughter,,,E
esheko,n,the sound of laughing,laughter,,,E
esande,n,,,,,E
esanga,n,a hat made from leaves,,,,E
esapuri,n,a string of beads used by catholics for counting prayers as they say them,rosary,Esapuri yangye niyo enkuuma.,My Rosery is the one that keeps me safe.,E
esasi,n,sparks,,,,E
esasi,n,birds which feed on blood but they are extinct,,,,E
eshekuro,n,a bowl-shaped vessel in which substances can be ground and mixed with a pestle,mortar,,,E
eshekyera,n,,,,,E
eshekyeraenshongo,n,,,,,E
eshenda,n,type of small vegetable that is hot on the tongue,red pepper,,,E
eshengye,n,an animal that looks like a pig. It kills cows without teeth,,,,E
esente,n,what you earn by working or selling things and use to buy things,money,,,E
eshenzya,n,cane rat,,,,E
esheshe,n,an infection of the bowels that causes severe diarrhoea with loss of blood,dysentery,,,E
esheshemi,n,a feeling of wanting to vomit,nausea,,,E
eshi,int,"an expression used to introduce words of challenge, wonderment",,,,E
eshinya,n,a small brown jumping insect that makes noise by rubbing its wings together,cricket,,,E
eshinyanya,n,,,,,E
eshinyanyi,n,natural gap between human teeth,diastemer,,,E
eshisha,n,a tuffed head of some plants especially a flowerhead with prominent stamens at the top of a maize stalk,tassel,,,E
eshoha,n,a membrane bag that contains the foetus in the womb and ruptures when the baby is born,,,,E
eshohera,n,a common small fly found around human habitation. Musca domestica,housefly,,,E
eshokondwa,n,caterpillar,,,,E
eshonda,n,part of something where two edges meet,corner,,,E
eshongo,n,a spot in the eye,,,,E
eshongyezo,n,any of the four pointed teeth next to the incisors,,,,E
eshoni,n,having or showing nervousness or timidity in the company of other people,shyness,,,E
eshonzi,n,any of the number of elongated fish that are able to survive long periods of drought by burrowing in the mud,mudfish,,,E
eshooro,n,a woven piece of material used for carrying a baby,shawl,,,E
eshuha,n,,,,,E
eshumba,n,when one is gripped by fear or when one is cold,goose pimples,,,E
eshushure,n,type of yellow bananas,,,,E
eshuubi,n,a herd of cattle not kept where the owner is living,,,,E
eshuuka,n,bed sheets,,,,E
eshuura,n,"Arabic numeral. 1, 2, 3, 4, etc",,,,E
eshuuruuru,n,a tool used for tilling stones,pick axe,,,E
eshweta,n,sweater,,,,E
eshwiga,n,A plant that is biiter and is eaten as a vegetable,a shrub with a bitter taste eate as a vegetable,,,E
esi,int,a sound made when one is calling a dog,,,,E
esi,n,,,,,E
esiba,n,section of a book,,,,E
esigiri,n,charcoal stove used for cooking,,,,E
esiha,n,a certain specie of animal that collects metallic objects and takes into its dwelling place,a big mole,,,E
esiime,n,for the preasure of it,,,,E
esika,n,much luggage that is bulky,luggage,,,E
esikina,n,,,,,E
esimooni,n,a fifty shilling coin,,,,E
esimu,n,a system of talking with somebody over a long distance using wires or radio,telephone,,,E
esindo,n,the state of being drunk,drunkardness,,,E
esiraare,n,beans which are not fresh,,,,E
esirabo,n,common duiker,,,,E
esiri,n,a slender long-legged insect with aquatic lanai some of whose species transmit malaria through their bites,mosquito,,,E
esitooha,n,a room where things are kept,store,,,E
esiyaani,n,,,,,E
esohaani,n,a platter where food is served and eaten,plate,,,E
esonzi,n,,,,,E
esowaaani,n,,,,,E
esuhaani,n,,,,,E
esuuka,n,,,,,E
esuunuunu,n,a shrub with orange coloured flowers,,,,E
esuuruuru,n,,,,,E
esuwaani,n,,,,,E
etaaba,n,,,,,E
etaabe,n,"dried leaves of this plant are used for making cigarettes, smoking or chewing",tobacco,,,E
etaamu,n,"a period of time a year is divided into, for students",term,Taamu y'okubanza neetandika okwakabiri kwatandika.,First term commenses at the beginning of February.,E
etaara,n,used for giving light,lamp,,,E
etaayi,n,a long narrow piece of cloth worn around the neck,neck tie,,,E
etabaaro,n,the afterbirth,placenta,"Akazaara gye, kwonka etabaaro yaatinda kushohora.",She produced very well but the afterbirth delayed to come out.,E
etabaaza,n,a light inside a transparent container,"lantern, lump",,,E
etadooba,n,a locally made lamp that uses kerosene,,,,E
etahuro,n,a piece of cloth used to dry one's body,towel,,,E
etangaaza,n,an optical devices such as a pair of field glass designed for both eyes to detect or see things that are far and make them seem as they are near,binoculars,Bakeejunisa etangaaza,,E
etarabuushu,n,a turkish hut,,,,E
etawaaza,n,,,,,E
eteija,n,a plant with sticky liquid that is drought resistant,,,,E
etuutu,n,"sweat, perspiration",,,,E
etyo,adv,like that,,,,E
fa,n,the sixth letter of the Roman alphabet,,,,F
fa,adv,just,,Fa kuzayo.,Just go there.,F
faa,adj,"carelessly, doing something anyhow",,Omurimo akagukorera eryo faa.,He did the work anyhow.,F
fene,n,a tropical fruit with a hard cover,jack fruit,,,F
foomu,n,form,,,,F
forogo,n,,,,,F
evangiri,n,,,,,E
eyaago,n,"things that you give a person who has lost a dear one, as a sign of sympathy",condolences,,,E
eyojwa,n,a soft type of grass that in former times was was used to make a grass carpet in people's huts,,,,E
ezaabu,n,gold,,,,E
furungu,n,a type of cloth material that has stripes not of any other colour but stripes with the plain colour of the material itself,corduroy,,,F
furuweero,n,free wheel,,,,F
fuuti,n,a unit used for measuring length,feet,,,F
g,n,the seventh letter of the Roman alphabet,,,,G
ga,adj,a possessive adjective,,,,G
gaaju,n,a brown cow,,,,G
gandangire,n,a person who goes throughout the whole village looking for alcohol even if it is at the burial,,,,G
garagi,n,a place where cars are parked on a building,garage,,,G
garagi,n,a place where motor vehicles are repaired from,,,,G
gata,n,a rubber used in repairing inner tubing of bicycle or motor vehicle tyre,,,,G
gavana,n,a person who governs,governor,,,G
gavana,n,administrative head of an organisation,,,,G
gavana,n,a miltary commandant,,,,G
gavana,n,a device that regulates the operation of a machine,,,,G
gavumenti,n,governing body or organisation,government,,,G
gavumenti,n,the political administration of an area,,,,G
gavumenti,n,а system of a political unit,,,,G
geheena,n,"a place of condemned souls; the place of punishment of the wicked after death. A place of evil, misery",hell,,,G
gogori,n,a toy vehicle made out of a banana stem,,,,G
gomesi,n,a traditional dress of the Baganda women,,,,G
gongo,n,floods,,,,G
gongo,n,a supernatural being like god,,,,G
gonja,n,a type of banana eaten cooked or roasted,plantain,,,G
goonya,n,a large reptile that lives especially in rivers and lakes in the tropical areas,crocodile,,,G
gotogoto,adv,the sound made on the throat when one is gulping something quickly,,,,G
gudiiri,adj,a high heeled shoe for men,shoes,,,G
-gufu,adj,adjectival stem for short or brief,,,,G
gunyweka,n,a person who drinks a lot of alcohol,drunkard,,,G
guriini,n,,,,,G
guroofa,n,a storied house,,,,G
gyambura,n,a tree with large leaves that produces fruits which turn purple when ripe,plant,,,G
gye,adv,to act in a satisfactory way,well,Nimukundira okugamba gye.,I like her because she speaks well.,G
gyenereta,n,a machine that converts mechanical energy into electric energy,,,,G
ha!,int,often used to show annoyance,,,,H
ha!,int,a word often used to express surprise,,,,H
ibiri,n,a cardinal number equivalent to the sum of one and one,two,,,I
igana,n,ten ten times,one hundred,,,I
ihinda,n,a cow with large white patches on the face,,,,I
ijo,adv,the day before yesterday,,,,I
ijweri,adv,three days ago,,,,I
ijweriho,adv,two days before yesterday,,,,I
ikumi,n,the tenth numeral,ten,,,I
ikumi,n,to catch or to arrest,,,,I
ikuura,n,exaggeration,,Aine nyinazaara n'omurogi ikuura.,She has a mother-in-law who is an outstanding witch.,I
imwe,pron,used to refer to people that the speaker is addressing,you,,,I
ina,n,"equivalent to the product of two and two, one more than three",four,,,I
-ingi,adj,an adjectivial root for many,,,,I
ira,adv,formerly: long time ago,,,,I
ishe,n,his or her father,,,,I
ishebo,n,their father,,,,I
ishe-abaramuzi,n,a public officer who heads those appointed to decide cases in law court,chief justice,,,I
ishe-butaka,phr,a phrase used to mean down on the ground,,,,I
ishenkuru,n,his or her grandfather,,,,I
ishento,n,his her paternal uncle: a brother to one's father,,Akeeta ishento tareetsire nyinarumi.,He invited his paternal uncle and did not invite his maternal uncle.,I
ishezaara,n,the father of one's husband or wife,father-in-law,,,I
ishabareeberezi,n,"a bishop of the highest rank, responsible for all the churches belonging to a religious group in particular",archbishop,,,I
ishatu,n,"equivalent to the sum of one and two, one more than two",three,,,I
itaano,n,"equivalent to the sum of two and three, one more than four or half of ten",five,,,I
itwe,pron,the first person plural,we or us,,,I
iwe,pron,second person pronoun singular,you,,,I
-ire,,perfective aspect or the present perfect tense,,"twiz-ire, twari-ire.","we have come, we eaten.",I
irooko,v,move from one place or point to another,go,Irooko oze aha ishomero.,Go to shool.,I
juba,adv,"hastly, quickly or in a short time",,,,J
ka,v,"let, short form of reka",,,,K
kaabandize,n,name usually given to the first born twin,the first born child,,,K
kaabutumbiguru,adv,sky wards,,,,K
kaahakaira,n,a person that is a native of a place,,,,K
kaahereera,n,the last born child,,,,K
kaaka,n,grandmother,,,,K
kaaki,n,cotton fabric of a dull brownish-yellow colour,cloth,,,K
kaaki,n,a dull brownish colour,,Ajwaire empare ya kaaki.,He is putting on khaki.,K
kaamugye,n,an animal with a long tail in the class of rats,squirrel,,,K
kaamunywamaizi,n,large wading bird of the sand piper family with a long curved bill brown streaked plumage and frequently a distinctive ascending two-note call,curlew,,,K
kaamurari,n,,,,,K
kaamuruguya,n,a very small portion of food,,,,K
kaamushungushungu,n,a bird seen with a group of feathers standing on its head.,crested eagle,,,K
kaamuterengye,n,any of several African birds with predominantly black plumage and a long tail feathers. It is also called window bird.,bird,,,K
kaanyonza,n,a bird that is orange at the chest and grey at the top.,robin,,,K
kaaririirwe,n,a girl with attractive qualities that every man wishes to marry.,,,,K
kaarureeta,n,a person who habitually causes trouble to others.,rogue,,,K
kaaruziika,n,the official residential house of the king of Bunyoro and Tooro.,,,,K
kaarwenda,n,an evergreen caniferous tree with small rounded woody cones and flattened shoots bearing small scale-like leaves.,,,,K
kaaryasha,n,a plant which grows in hilly places.,,,,K
kaasha,n,a heifer which has small white spots on the forehead.,,,,K
kaasha-k'abakwe,n,a good looking heifer fit for offering as a prime gift in the process of securing a bride.,,,,K
kaashangirwe,n,a person who has lived many years in an area compared to other people.,,,,K
kaashwa,conj,how much easier.,,,,K
kaatambuga,n,February: the second month of the year.,,,,K
kaatankoro,n,style of tying a person with arms behind him or her.,,,,K
kaaturi,n,a Y shaped stick with a piece of elastic rubber for shooting stones.,catapult,,,K
kaawa,n,roasted and grounded coffee used as a bevarage.,coffee,,,K
Kabakangyagara,n,a tree specie that is normally planted in compounds.,,,,K
kabakura,n,a medicinal plant that is given to children to cure stomachache.,,,,K
kabamba,n,a heifer with grey and white patches.,cattle,,,K
kabambura,n,Ankole regalia drum.,drum,,,K
kabamugobe,n,a type of grass that looks like emburara.,,,,K
kabango,n,a heifer with a prominent hump.,,,,K
kabara,adj,typical.,,,,K
kabaragara,n,yellow bananas.,,,,K
kabeera,n,a type of irish potatoes.,,,,K
kabeerera,n,an old cow that has been in calf.,,,,K
kabegi,n,any of various types of cabbage.,cabbage,,,K
Kabembura,n,"a name to one of the royal drums of BAGYENDANWA, Ankole kingdom.",,,,K
kabiiko,n,a chamber below the fire place to catch charcoal embers.,,,,K
kabiri,adv,two times.,twice,,,K
kabogo,n,a name fora claf or heifer with wide head like that of a buffalo.,,,,K
kabohe,n,"a carnivorous mammal of the dog family, with a pointed muzzle and bushy tail.",fox,,,K
kabohe,n,a cattle disease where a cow makes a sound like that of a fox and sleeps all the time.,nagana,,,K
kabujeeme,n,a certain design of a mat.,,,,K
kabukunyukye,adv,speaking of yourself.,,,,K
kabumba,n,the excretory opening of the elementary canal.,anus,,,K
kabunu-mpamaguru,adv,very fast.,,,,K
kaburamuriro,n,a place where people are kept as a punishment for crime.,prison,,,K
kabuuti,n,a long big coat used to proect one from rain.,raincoat,,,K
kabwanjare,n,a liquid with high alcoholic content especially the local brew.,traditional beer,,,K
kabweseeri,n,a variety of beans with red seeds.,,,,K
kabwondera,n,a type of rat.,,,,K
kacu-kakye,adv,a short while.,,,,K
kacweka,n,name of a cow with horns broken or cut at the tips.,,,,K
kafaana,n,"a weed that has long leaves, brown flowers.",nut grass,,,K
kafiifi,adj,something that is small and ugly.,,,,K
kafoora,n,"an infectious disease of the throat, causing difficulty in breathing.",sore throat,,,K
kafuba,n,"a seriuos infectious transmitted by air which causes swellings on the body tissues, especially the lungs.",tuberclosis,,,K
kafuba,n,,,,,K
kafumba,n,a flowering weed with medium size leaves and a weak stem. It is eaten by rabbits.,macdonald eye weed,,,K
kagaaju,n,name of a brown heifer.,,,,K
kagaaju,n,a brown heifer.,,,,K
kagaama,n,a type of lice that is found in pubic hair of unclean people.,,,,K
kagaaza,n,someone who causes confusion.,,,,K
kagambigambi,n,,,,,K
kagambirizi,n,a person who comments on a game or an activity e.g. on a radio or television.,commentetor,,,K
kaganga,adj,exceedingly large or extensive as to suggest a giant or mammoth (usually to do with human beings).,gigantic,,,K
kagarura,n,,,,,K
kagire-enkuru,n,stock phrase used by a listener to express his/her interest in the story.,,,,K
kagodo,n,"a domestic or wild animal with different skin colours, short legs, a broad nose and a short tail.",,,,K
kagoma,n,a short tailed African eagle with mainly black plumage and a bare red face.,bateleur eagle,,,K
kagondo,n,a spotted snake.,,,,K
kagondo,n,a type of cow with small white spots.,,,,K
kagoobe,n,grey and white brown cow.,,,,K
kaguma,n,a type of finger millet.,,,,K
kagyampunu,n,a low growing plant that produces many underground bulbs. Oxalis latifolia.,,,,K
kagyega,n,a specie of potatoes.,root tuber,,,K
kagyenza-nda,n,a thorny plant with small leaves.,,,,K
kahangaare,int,a word used to show appreciation to someone who has given you something and you bless him or her.,benediction,,,K
kahara-karwegiriire,n,a purple orchid.,,,,K
kahaya,n,name of the king of Nkole who welcomed colonialists to the kingdom.,,,,K
kahaya-ka-ruguru,int,a way of showing surprise.,,,,K
kahaya-ori,int,exclamation used when something happens suddenly or un expectedly.,,,,K
kahega,n,desire for food.,,,,K
kahembe,n,a girl who is playful or cunning and does not respect people.,,,,K
kahembura,n,a variety of sorghum.,,,,K
kahembwe,n,a type of locust.,,,,K
kahendarwiko,n,a variety of finger millet that is sticky when it is being baked.,,,,K
kahindurabisya,n,a goat that is given to the bride's family by the bridegroom's family as a fine for taking their daughter at night.,,,,K
Kahingo,n,June: the sixth month of the year.,,,,K
kahonaho,n,one who lives through infection mostly affliction.,survivor,,,K
kahoora,n,a certain specie of grass.,,,,K
kahumpuri,n,an infection mostly transmitted by the rat flea.,plague,,,K
kahunda,n,a set of outer clothes made of the same fabric and design to be worn together.,safari suit,,,K
kahunda,n,a short sleeve suit.,,,,K
kahungyezi,n,a type of sweet potatoe with a pink colour.,,,,K
kahurire,n,a type of irish potatoe that is round and has a white colour.,,,,K
kahuruga,n,yellow bananas which are small in size.,,,,K
kahuuba,n,a large open cart with one wheel and two handles that is used for moving loads.,wheel barrow,,,K
kahuura,n,a name of a female calf or a young heifer with mottled white and brown colour.,,,,K
kaicokomba,n,hopping on one leg.,,,,K
kaije,adj,a word used when people are greeting; usually said when one is holding another one's hand or hugging and used mostly if people's have spent a long time without meeting.,greeting word,,,K
kaikorokonyo,adv,,,,,K
kaimire,n,an insect usually found in coffee plantations.,,,,K
kainganabusha,n,something very small or little in quantity.,,,,K
kaingi,adv,often doing something many times.,,,,K
kaisho-mpande,v,look with an intention of doing something wrong and serves as a warning.,,,,K
kaishondeeba-nyenka,n,if the eye was to say whatever it see...,expression,,,K
kajagaata,n,a name of a female goat with long fur.,,,,K
kajanja,n,a type of edible banana plant.,,,,K
kajeregye,n,a variety of beans with small seeds and usually black and white in colour.,,,,K
kajugujugu,n,a type of aircraft with large revolving blades but no wings.,helicopter,,,K
kajukaanyima,n,the place behind the house.,,,,K
kajumba,n,a goat with a grey-black colour.,,,,K
kajunde,n,a banana disease that darkens a banana fruit and causes it to ripen premarurely.,,,,K
kajurujuru,n,a name of a female kid brown in colour.,,,,K
kajwengye,n,"with much hair, like a lion.",,,,K
kajwiga,n,something small and ugly.,,,,K
kakari,n,a sickness in human beings that makes someone urinate frequently.,,,,K
kakire,int,a word said when someone sneezes or stumbles on something.,,,,K
kakoba,n,a certain variety of potatoe or cassava; they originated from Kakoba in Mbarara.,,,,K
kakobe,n,the colour of red and blue mixed together.,purple,,,K
kakome,adv,(of horns of cattle) that are facing each other.,,,,K
kakome,n,(of contestants) to end in a draw.,,,,K
kakondo,adj,high heeled shoes.,shoes,,,K
kakondo,n,a cow with inward and upward shaped horns.,,,,K
kakooto,n,a skin disease in animals.,anthrax,,,K
kakunga,n,"a name given to a carnivous mammal of the dog family with a pointed muzzle and bushy tail, for its cunningness.",fox,,,K
kakuyege,n,house to house or person to person campaign: a serries of planned activities that are inteded to achieve a social or political aim.,campaign,Abantu bari omu kakuyege k'oburuuru.,People are in election campaign.,K
kakwisi,n,one of the names given to a dog.,dog,,,K
kakyakyanyi,n,a variety of cassava.,,,,K
kakyerengye,n,name of a grey female calf or heifer.,,,,K
kamaramahano,n,a medicinal plant given to people to protect them from the effects of a bad omen.,,,,K
kamba,n,sisal.,,,,K
Kamena,n,"September: The nineth month of the year, after August.",September,,,K
kamera,n,"an apparatus for taking photographs, moving pictures or television pictures.",camera,,,K
kamereere,int,a word used to wish someone an everlasting li 'may you live longer'.,,,,K
kameshu,n,a wooden chair that can be folded common among Banyankore.,,,,K
kamina,n,a place or lavatory where someone can go for convenience usually dug in the ground.,pit latrine,,,K
kamosho,n,a cow with horns that are facing in front or foward and not matching.,cattle,,,K
kampeyini,n,"an organised course of action aimed at achieving something either social, political or commercial.",,,,K
kampu,n,a place for temporary accomodation usually made of tents or grass thatched houses.,camp,,,K
kampu,n,a group of people with the same ideas.,,,,K
kampuni,n,people working together or united for business purposes.,company,,,K
kamutungutungu,n,the top or apex of something.,,,,K
kamuzinzi,n,"a brown African marsh bird related to the storks, which has a crest that looks like a backward projection of the head.",bird,,,K
kana,adv,four times or four days.,,,,K
kanaaba,n,a name of a cow with a white patch on the face going around the head.,,,,K
kandi,conj,"a word used to bring together two sentences, phrases, clauses, etc.",and,,,K
kanduro,n,"a stick of wax, enclosing a wick or string which is burnt to give light.",candle,,,K
kanena,n,a round white vegetable with brown or red skin.,,,,K
kankomangwa,n,a bird with a long beak which it uses to make holes in dry trees when it is looking for insects to eat and for breeding.,woodpecker,,,K
kankurye-mbarukye,n,"a variety of beans small, round and brown in colour that enlarges after it has been cooked.",,,,K
kanuuka,n,a plant used to chase away bees and red safari ants because of its strong smell.,,,,K
kanwakagamba,n,the person speaking.,,,,K
kanyaamunyu,n,a bird of a black-and white variety of the white wagtail.,,,,K
kanyaananga,n,a small worm that feeds on leaves and developes into a butterfly.,caterpillar,,,K
kanyaanya,n,a daughter or son of the same parents as oneself or the person mentioned.,,,,K
kanyaasi,n,a variety of potatoes with long divided leaves and a long tuber whose outer part is red.,potatoes,,,K
kanyabibaya,n,a type of tree whose stem is used for making baking sticks.,,,,K
kanyabwengye,n,a book or set of books giving information on many subjects or on many aspects of one subject arranged alphabetically.,encyclopaedia,,,K
kanyamuhebe,n,,,,,K
kanyamushungushungu,n,secretary bird.,,,,K
kanyansi,n,,,,,K
kanyantwarire,n,a big basket usually made by the bride when she is going to get married.,,,,K
kanyarurimi,n,a person who studies and writes about the whole system and structure of a langauge.,linguist,,,K
kanyeenye,n,type of fine salt that is added into food.,,,,K
kanyogombwa,n,a worm that feeds on maize stalks or cobs.,,,,K
kanyogombwa,n,,,,,K
kanyoobwa,n,a type of weed.,plant,,,K
kanywataabe,n,a small bird with a thin long beak that feeds on honey and juice from flowers.,,,,K
kapere,adj,a design of strips at right angles to each other.,checked design,,,K
kapuripwisi,n,a type of tall thin tree that is ever green.,cypress tree,,,K
Karaca,n,favour seeker.,,,,K
karadaari,n,a small plant with yellow flowers grown for its seeds that are crushed to make mustard.,mustard seed,,,K
karakita,n,a motor vehicle with large back wheels and thick tyres used on farms for pulling machinery and for ploughing fields.,tractor,,,K
karamaare,int,a word used to wish someone long life.,,,,K
karanda,n,a wondering shrub which produces foam when squeezed and was used for washing clothes in ancient days.,,,,K
kare,adj,belonging to ancient days.,adjectival phrase,Omu biro bya kare abantu bakaba bataine nkaito.,Long ago people did not have shoes.,K
kare,adj,"a word used to express assent, agreement ог acceptance.",alright,Kare nitwija kukumanyisa.,Alright we shall inform you.,K
kare,adj,goodbye.,,,,K
kareebi,n,a person who sees an event take place and is therefore able to describe it to others.,witness,Omushaija ogu ni kareebi w'omushango gwangye.,This man is my courtcase witness.,K
karema,n,the month or period of fasting for christians.,lent,Omu bwire bwa karema abantu nibaza munonga omu Kerezia.,During the period of lent people regularly go to church.,K
kaributi,n,a polite way of referring to the dead.,deceased,,,K
karicumu,n,a horny plant that produces fruits with thorns around them and is used to clean baby's eyes when they have a lot of secretion.,,,,K
kariigobe,adv,a sitting posture where one puts a leg on top of the other.,,,,K
kariishoriisho,n,"a governmemnt official whose work is to recieve reports and complaints made by ordinary citizens, investigate them and make recommendations to government or public authorities.",Inspector of Governmen; Ombudsman,,,K
karimi-kagamba,n,,,,,K
karindagire,int,an abusive word used when wishing someone to become mentally deriled.,,,,K
karituusi,n,a fast-growing evergreen soft tree commonly used for firewood and building.,eucalyptus,,,K
karondoozi,n,a person who does systematic investigations into something in order to establish facts and conclusions.,researcher,Owaahandiikire katondoozi egi akaba ari karondoozi murungi.,The person who wrote this dictionary was a good researcher.,K
karongyero,n,,,,,K
karonkwa,n,a person with a natural habit of stealing other people's things.,thief,Ogwo mushaija n'omushuma karonkwa.,That man is a habitual thief.,K
karoori,n,a scavenger bird.,marabou stock,,,K
karoti,n,a tapering orange coloured root eaten as a vegetable.,carrot,,,K
karukaata,n,a machine that compacts soil and makes the place very smooth.,compacter,,,K
karwenda,n,a cypress-like evergreen tree that grows in warm climate with needle like leaves.,,,,K
karyabusaire,n,a person who does not want to be involved in preparing food but wants to eat.,,,,K
karye-okahurire,n,a charm that is put in food with an ill intention.,,Omushaija ariire karye-okahurire omu byokurya atyo yaaba omugweiraro.,The man ate a charm in food and became mad.,K
kasaano,n,a type of banana that is very white.,,,,K
kaseeri,n,a game of wrestling.,,Akoojo kakye kaateera omwojo muhango kaseeri.,The small boy wrestled one big boy to the ground.,K
kaseeri,n,a game of wrestling.,,Akoojo kakye kaateera omwojo muhango kaseeri.,The small boy wrestled one big boy to the ground.,K
kasesa,n,skin rash.,,Akarwaa kasesa yaateekateeka ngu n'obusheru.,He suffered from skin rash and thought it was measles.,K
kashaato,n,a woman with small breasts that do not contain enough milk to breast feed by a child.,,,,K
kashagama,n,a varety of maize with red seeds.,,,,K
kashaho,n,a variety of tree that has small leaves and fruits; it is usually found on anthills.,,,,K
kashamaitu,n,a dark brown heifer with white spots between the legs and the abdomen.,,,,K
kashatu,adj,three times; thrice.,,,,K
kasheenyanku,n,fern caterpillar.,,,,K
kashenda,n,ash that remains after something especially tobacco or firewood has burnt.,ash,Iju rya kashenda.,White ash.,K
kashinya,n,a type of salt mined from lake Kashenyi.,,,,K
kashoboorozi,n,a book in which words are listed alphabetically with their meanings.,dictionary,,,K
Kashwa,n,October: the tenth month of the year.,October,Naateekateeka kwija kushwerwa omukwezi kwa kashwa.,she is planning to get married in the month of october.,K
kasiina,n,a brown heifer.,,Enyana yaitu kasiina neeyenda kwema.,Our brown heifer is on heat.,K
kasiitagirizi,n,,,,,K
kasimba-bwara,n,,,,,K
kasinga,n,an old person who is not yet married.,,,,K
kasingye,int,a word expressing praise.,,,,K
kasuku,n,African grey parrot.,,,,K
kasurubana,n,a fish variety which is bonny and with a long and sharp mouth.,,,,K
kasyosyo,n,the hottest part of a hot spring.,,,,K
kataano,adv,five times.,,Akamaara kataano owa mukuru we.,She spent five days at her sister's place.,K
kataara,n,a cow with small horns facing backwards.,,,,K
katacweka,adj,something that cannot break or tear however much one pulls.,,,,K
katagyeshwa,n,a variety of finger millet with hard stems which are hard to harvest.,,,,K
kataitwa-munigo,n,a person with very short neck.,,,,K
katamba-mahano,n,a shrub that grows in short bushes and is believed to prevent bad omen.,,"Obu yaareeba enju neesya, bakamugira ngu arye katamba-mahano.","When she saw the house burning, she was avised to eat a weed that grows in short bushes to prevent bad omen.",K
katanga,n,it is a white spotted young she-goat which has not yet given birth,,,,K
katara,n,local beer that has been brewed with insufficient sorghum,,,,K
kataranga,n,branded item,,empare yangye nkagitaho kataranga obunagigura.,I labelled my trouser when I bought it.,K
kataza,n,a small tree that has thorns and normally grows in savana land,,,,K
kateerana-nganda,n,someone who causes conflicts among people,trouble causer,,,K
kateera-rume,n,a person who represents a bridegroom in the girl's home to ask the girl's parent for their daughter's hand in marriage,go between,,,K
kateerweiju,n,a type of banana that has a greyish colour,,,,K
kateete,n,a name given to a person born near lemon grass,,,,K
kateeyamba,n,a disabled person,,Mukuru w'eihanga akaragaanisa baakateeyamba ebyokurya bya busha kumara omwaka.,The president promised the disabled people free food for one year.,K
katema-mbiire,n,a pair of trousers that is not too long to reach the feet and not short to be called shorts,,,,K
katembwe,n,tallish and small person,,ogu omwojo nikatembwe.,this boy is tall and small.,K
katendeere,n,a type of fish,,,,K
kateta,n,a dumb person,,,,K
katiina-bakwe,n,a small plant that opens and closes the leaves when it is touched,,,,K
katika,v,to overwork,,Eriizooba waakatika kuhinga aha hoona.,Today you have worked beyond your capacity to dig the whole of this.,K
katobo,n,a female goat that has spots,,,,K
katondoozi,n,,,,,K
katongana,n,a finger next to the thumb,index finger,Akarabura omutabani arikumworekyereza akakumu ka katongana.,He cautioned his son pointing at him with his index finger.,K
katu-katu,adv,a sound made by moving animals,,,,K
katuku,n,a skin disease common among children,,,,K
Katumba,n,the third month of the year,March,Hakabaho enjara omu kwezi kwa Katumba.,There was famine in the month of March.,K
katungurucumu,n,a vegetable of the onion family with very strong smell and taste used for cooking to give flavuor to food,garlic,Katunguru-cumu neeyamba abarwaire b'omutima.,Garlic helps high blood pressure patients.,K
katungye,int,an expression used to wish someone prosperity,,,,K
katunkuma,n,a variety of eggplants that produces small sour berries,,,,K
katwara-mafuuni,n,a type of rat that collects things and takes them to its dwelling place,,,,K
katwara-maju,n,a heavy storm which takes away houses,heavy storm,,,K
kavuuvu,adj,very black,,,,K
kayenje,n,a black heifer with white patches,,,,K
kayongo,adj,a very dark person,,,,K
kazengyerera,n,a game played by children by rotating in the same position,,,,K
kazinio,n,a style of wrestling,,,,K
kaziriikwe,n,a type of banana,,,,K
kazooba,n,one of the names of God who is believed to have created the universe,,Kazooba niwe yaahangire abantu boona.,All people were created by God.,K
keenyini,adj,exact,,ninyenda ongurire akateteeyi nk'akaawe keenyini.,I want you to buy me a dress like yours exactly.,K
keera,n,a white goat,,,,K
ki,int,an interrogative adjective asking for information,what,Yaija nairuka naamubuuza ngu haabaho ki?,He came running and I asked him what happened.,K
kibaako,n,a kind of local brew that is a result of double distillation,,,,K
kibabi,n,green colour,,John aguzire esaati ya kibabi.,John bought a green shirt.,K
kibenyi,adv,doing something in an illegal way,illegally,,,K
kibibi,n,a cow with a patch on any part of the body,,,,K
kibikindi,n,a person being talked about spitefully in his presence,,,,K
kibirikibi,adj,an ugly person,,,,K
kibooko,n,coffee beans which still have their husks,,,,K
kibooko,n,a thin stick used for caning people,whip,,,K
kibuzi,n,a banana tree that has long and curved fruits,,,,K
kibwankurata,n,a charm allegedly used by women to make their husbands love them,,,,K
Kicuransi,n,the eighth month of the year,August,,,K
kifaaru,n,a devil that some people worship and is believed to have power over nature and control over human affairs and is owned by individuals,,,,K
kifeerwa,n,"a person who has lost a family member, friend, relative, etc",,Kifeerwa agarukire.,The person who lost someone has come back.,K
kifuba,adv,the act of getting an activity done by means of force,forcefully,Akataaha omu nju kifuba.,He entered the house forceully.,K
kigabo,n,something with spots,,,,K
kigamba,n,a person who is talking or who talked,,Kigamba byona ashutami aha naitwe.,The person who said everything is seated with us here.,K
kigamba-obugyenyi,n,,,,,K
kigambo-kya-diisi,n,a delegate with high authority,,Kigambo-kya-diisi yaashoma aha rupapura ebi atumirwe byonka.,The delegate only read what he was asked to deliver.,K
kigingi,n,someone who loads and off loads luggage on the vehicle and keeps an eye on the load as the vehicle moves especially lorries,turnboy,,,K
kigufa,n,a type of sorghum,,,,K
kigutiya,n,an infection in form of skin rush,,,,K
kihababirwa,n,a person or authority in a trial who is accused of committing a crime or who is being sued by another,defendant,,,K
kihaha,n,a disease in cows that affects the lungs,,,,K
kihana,n,a person who counsels or gives advice to others,,,,K
kihendwangisha,n,a person who is most favoured,,,,K
Kihimba,n,title of a district administrative officer in the former Ankole kingdom,,,,K
kihongwa,adj,yellow colour,,Ajwaire esaati ya kihongwa.,He is putting on a purple colour.,K
kihooza,n,a person who collects money on behalf of government,tax collector,,,K
kihuguura,adj,a person who advises other people and brings them to the correct path,,Akabona kihuguura yaamuhuguura.,He got someone to guide him.,K
kihuura,adj,colour of white and red mottled streaks,,,,K
kihwehwe,n,someone who talks a lot and usually tells lies,,,,K
kiihuza,n,a creditor,,Kiihuza akaba naatwihuza esente zirikuhika akakaikuru.,The creditor was demanding for money worth one million.,K
Kiiza,n,a name given to a person who is born after the twins,,,,K
kijubwe,adj,having the colour that resembles grass,green,,,K
kijurijuri,adj,a very dark colour,,,,K
kikanda-ky'omurofa,adj,a dirty person,,,,K
kikara,adj,the dark colour that resembles charcoal,black,Akaija ajwaire empare ya kikara.,Не came putting on a black pair of trousers.,K
kikazi,adj,it is used to refer to a girl or woman with affectionate passion,,Webare kikazi.,Thank you my dear.,K
kikora,n,workman,,,,K
kikumi,n,one hundred,,,,K
kikwaya,adj,a person who lacks courage to face a dangerous or tough situations,,"Ogwo mushaija ni kikwaya, ku arikuhika aha barwaire.",He is a terrible corward when it comes to dealing with sick people.,K
kimbo,n,cooking fat,,,,K
kimere,n,a rough skin caused by foot and mouth disease and similar ailments,,,,K
kimwe,adj,completely,,Akeyererera kimwe byona byahwamu.,He swept everything completely.,K
kinganente,n,a variety of beans with seeds which are big and dark in colour,,,,K
kinyoozi,n,a person whose job is to shave or cut people's hair,barber,Ninza owa kinyoozi kushara eishokye.,I am going to the barbers shop to have my hair cut.,K
kinyubure,n,a cow whose end position of its tail is white,,,,K
kinywani kya-bwita,n,food in combinination of baked cassava and fish sauce,,,,K
kinzaari,n,orange,,,,K
kiraarira-oseire,n,"one who is lazy and detests work and wants to be in company of those who can offer him something, especially food",,,,K
kirahura,n,a person who commits an offence or causes a fight,,N'obu araabe yaasingire omushango niwe yaabaire ari kirahura.,"Although he won the case, he was the offender.",K
kireereetsi,n,a person who is lazy and does not work but moves aimlessly,vagabond,"Omwana yaaba atakuziibwe kurungi, naaba kireereetsi.",When a child is not brought up well he/she becomes an idler.,K
kiremba,n,a brown or black cow with white patches covering both sides of the hind body,,,,K
kiriibwa-mbeba,n,a variety of sweet potato,root-tuber,,,K
kiriibwa-ogwejegyeire,n,a type of beans,,,,K
kiriro,v,a type of bananas grown for sweet bananas,,,,K
kiriya,adj,that (thing) over there,,Ndeetera kiri kintu.,Bring me that thing over there.,K
kiruuku,n,type of plant that is very bitter but used as a vegetable,,,,K
kishaayuura,n,a wild and medicinal plant that bears orange flowers,,,,K
kishoga,n,type of beans,,Kishonga enuzire.,This kind of beans is very nice.,K
kishurira,adj,a situation where one is among strangers,,Akafa kishurira.,He died among strangers.,K
kitaara,n,a cow with big horns spreading sideways,,,,K
Kitami,n,a woman who is believed to have founded the kingdom of Mpororo. She is believed to have become a god,legendary,,,K
kitanga-kya-mbaare,n,a big goat.,,,,K
kitapo,n,a hide and seek game.,game,,,K
Kitara,n,"The ancient Bunyoro kitara kingdom, which originally covered present day Bunyoro, Toro Ankore and Karagwe.",,,,K
kitiini,n,a person who cannot control his fear and who runs away from danger.,coward,,,K
kitiiri,n,a large intestine.,,Bakamushemeza orura rwa kitiri.,Her large intestine was operated upon.,K
kitika,n,a banana plant type.,,,,K
kiziriziri,adj,extremely black.,,Munywani wangye ajweire empare ya kiziriziri.,My friend is wearing a black pair of trousers.,K
kondakita,n,bus or taxi conductor.,,,,K
konsityushoni,n,a system of laws and principles according to which a state or other organisation is governed.,constitution,Mukuru w'eihanga ahindwire konsityushoni.,The president has changed the constitution.,K
koona,n,corner-kick.,Football,,,K
kooro,n,a written statement accepting a person into an institution of learning.,admission letter,Kooro za siniya zaashohora.,Admission letters for senior one are out.,K
kooyakooya,adj,moderately warm.,lukewarm,Amaizi gaaba kooyakooya.,The water is getting luke warm.,K
kopi,n,something made to look like something else.,copy,Egi niyo kopi ei nyine.,This is the only copy I have.,K
Kristu,n,Christ.,,,,K
ku,conj,if or when.,,"Ku oraazeyo, omugambire aije.","When you go there, tell him to come.",K
kuba akaramata,phr,to become attached to someone or something.,,,,K
kubi,adv,a word used to express how serious a situation or an event was.,badly,Akafa kubi.,He died badly.,K
kunu,conj,while.,,Naaba niimugambira kunu we ari omu bye.,I was talking to him while he was doing other things.,K
kunu,adv,"this side, this way.",,Ija kunu.,Come this side/this way.,K
kureka,conj,except.,,Boona bakahikira omu idaara ry'okubanza kureka omwegi omwe.,They all passed in first grade except one student.,K
kuri,adv,if.,,Tukaba nitwija kuheza ogu murimo kuri twabaire twine okukwatanisa.,"If twe were united, we would have finished this task.",K
kuriiya,adv,there.,,Tihaine eki nareebire obu naaza kuri.,There is nothing I saw when I went there.,K
kuruza,n,a type of irish potatoes.,Irish potatoes,,,K
kushi,int,a sound used while scaring a way things like birds.,,,,K
kutu-kumwe,v,a type of grass with one leaf.,,,,K
kutwaza maguru-makye,phr,the situation where rain has started to rain slowly at the end.,,Enjura yaija neetwaza maguru-makye.,The rain is almost stopping to fall.,K
kwekwekwe,adv,to laugh heartly.,a way of laughing,,,K
kwete,n,a local brew made out of maize flour.,local brew,,,K
kweteera-eishaija,v,to be brave and courageous.,self-made,,,K
kwezi-kumwe,n,a variety of potatoes that grow quickly.,,,,K
kwoga,v,to bathe.,,Ninyenda Kwoga.,I want to bathe.,K
kwokwo,int,existing or occuring as a fact.,,Kwokwo aboneire.,She is really beautuful.,K
kwombeka,v,to put up a structure or to make a building.,build,Ku araakure naaza kwombeka eirwariro..,"When he grows up, he will build a hospital.",K
kwonka,conj,but.,,Noobaasa kumweta aha bugyenyi kwonka otagambira munywani munywani.,You can invite him to the party but please don't tell his friend.,K
kwonka2,conj,just/only.,,Noobaasa kumweta aha bugyenyi kwonka otagambira munywani munywani.,You can invite him to the party but please don't tell his friend.,K
kya,adv,refering to a specific person or things especially when he or she is not near the speaker.,,Kya kintu.,That thing.,K
kya2,pron,derogative prefix.,,,,K
kyabahezi,n,May: the fifth month of the year.,,,,K
kyakahiire,adv,fortunately; by good luck.,,Akaba yaaza kuhambira omwana omu nju kyakahiire omuntu yaateera kodi.,He was about to defile anyoung girl in the house but fortunately someone knocked at the door.,K
kyakasaana,n,one of the types of finger millet.,finger millet,,,K
kyakiro,n,the last meal of the day eaten before going to bed.,supper,Tuze ahari kyakiro.,Let us go for supper.,K
kyakutema,n,a disease which affects the neck and makes it stiff.,meningitis,,,K
kyakwera,n,a light skinned woman.,,Omugore ni kyakwera.,The bride has a light complexion.,K
kyamubambaigwa,n,gleeful play of children. Kuteera kyamubambaigwa. To gamble.,,,,K
kyamukwikwi,n,a coffee brown caterpillar with a sharp head.,,,,K
kyamushana,n,a meal eaten in the middle of the day.,lunch,Niturya kyamushana shaaha mushanju z'eihangwe.,We eat lunch at 1.00Pm.,K
kyamutabura,n,a bean type.,,,,K
kyamutwara-bwaseesire,n,a very small temporary hut where the occupants do not fit with ease.,a type of hut,,,K
kyangwe,n,a reddish vegetable type.,,,,K
kyankaraata,n,sorghum bread.,,Nkarya kyankaraata nteine mboga nyingi.,I ate sorghum bread without sauce and it chocked me.,K
kyankoote,n,millet type.,,,,K
kyantsya,n,the first meal of the day.,breakfast,Erizooba tinaatunga kyansya.,I did not have breakfast today.,K
kyanyeherere,n,a type of sorghum.,,,,K
kyapa-mbaraasi,n,a brand of oil which is used to massage the body to reduce pain.,,,,K
kyarimwe,adv,completely: for good.,,Omukazi we akagyendera kyarimwe.,His wife went away for good.,K
kyasha,n,,,,,K
kyasha-kyebembera,n,a cow with awhite spot on its forhead which normally moves infron of the rest.,,,,K
kyasha-rukamwa,n,a cow with a white spot on the forehead.,,,,K
kyasooka,n,tobbacco which is rolled in a piece of paper or a dry banana leaf.,cigar,,,K
kyata-nombe,n,a type of Irish potatoes.,,,,K
kyatootera,int,used to refer to something that has become a routine and is irritating.,,Yashabiriza kyarugaho kyatootera.,His begging has become a daily routine and it is beginning to irritate.,K
kyatwa,n,"name given to a spear with broad, short blade.",spear,Akamucumitisa kyatwa.,"He pierced him using a spear with broad, short brade.",K
-kye,adj,an adjectival stem for small in size or quantity.,,Omwana akateema obutokye bukye munonga bwonka.,The child harvested only small-sized banana bunches.,K
kyebembera,n,,,,,K
kyegarikye,n,"a person who is too stubborn, bigheaded and strong and does not take advice from others.",,Omuhara ni kyegarikye nikyo kyatumire yaatwara.,His daughter is stuborn that is why she became pregnant.,K
kyegoya,adj,"a way of walking, slowly and graceful.",,Omwishiki ogu naatambura kyegoya.,This girl walks so slowly and gracefully.,K
kyenda,n,ninety: written in Roman as 90.,,,,K
kyereeta,n,one of the royal drums of the Ankole kings which is of a medium size.,drum,,,K
kyetutumura,n,a type of sweet potatoes.,,,,K
kyeyagarire,adv,an 'I dont care' attitude.,,Ogu mukozi naakora kyeyagarire.,This employee does things as he pleases.,K
kyeyamaani,n,a person who leads an executive committee or an organisation or company.,chairman,,,K
kyeyombekyeire,n,"an independent woman who is not married, may or may not have children, or may bring men to her house.",,,,K
kyo,int,an exclamation usually made by Bakiga to express surprise.,,,,K
kyomuzaaza,adj,a description of a girl who is light skinned.,,,,K
kyomya,n,"a medical plant which is mixed with cow ghee to be applied on an injury, wound, etc. so that it dries quickly.",,,,K
kyoya,n,a type of grass that is sticky.,,,,K
kyozi,n,a black cow with no other colours on the skin.,,Abariisa nibakira kwanga za kyozi omu masyo gaabo.,Herdsmen do not usually like black cows in their herds.,K
lita,n,litre; a unit of measuring volume or liquids.,measurement,Nimbaha lita itaano z'amate buri izooba.,I give them five litres of milk everyday.,L
maama,n,a child's word for a mother,mummy,Maama otantsigaho.,Mummy dont leave me alone.,M
maapu,n,a representation of the earth's surface on a flat sheet of paper,map,Abeegi bashabirwe kuteera maapu y'eishomero.,Students were asked to draw a map of the school.,M
maarimi,n,a brother to one's mother,my maternal uncle,Maarimi akataaha embaga yangye.,My maternal uncle attended my party.,M
maarwa,n,a type of sweet fruity plant,plant,,,M
maawe,n,my mother,,,,M
maawenkuru,n,one's mother to his father or mother; usually used when one is refering to his or her grand mother,my grandmother,Obu naaza omu kyaro tindareebire maawenkuru.,When I went to the village I did not see my grandmother.,M
maawento,n,a sister to one's mother. used when one is refering to his or her aunt,my maternal aunt,,,M
maaya,n,the largest African bird with a long neck and long legs that cannot fly but runs fast,ostrich,,,M
maazaara,n,the mother to one's wife or husband,my mother-in-law,,,M
mabaati,n,,,,,M
mabeere,n,a type of banana,,,,M
mabuushu,n,,,,,M
mabuzi,adv,doing things in a foolish way like a goat,,,,M
macura,n,,,,,M
madabada,adj,,,,,M
madigadi,n,,,,,M
mafeera,adv,behaving like a coward,,,,M
mafuka,n,the boy who goes with the groom to the bride's parents home after the honey moon,,,,M
magabari,n,"a sweet potatoe specie which is yellow, and very sweet",,Nyekiro turiire ebitakuri bya magabari.,Last night we ate potatoes that were very sweet and yellow.,M
magana abiri,n,a number written as 200 in Roman numerals,two hundred,Ekibiina kyabo kirimu abeegi magana-abiri.,Their class has two hundred students.,M
magana ana,n,a number written as 400 in Roman numerals,four hundred,,,M
magana ashatu,n,a number written as 300 in Roman numerals,three hundred,,,M
magana ataano,n,a number written as 500 in Roman numerals,five hundred,,,M
magaro,n,"a metal tool with handle used for holding things firmly, twisting and cutting them especially wires",pair of pliers,Yanshaba magaro kukomoorora enati.,He asked me for a pair of pliers to untie a nut.,M
maguru-ana,phr,It is used in story telling to refer to four legged creatures,four-legged,Enyamaishwa za maguru-ana zoona zikeeta orukiiko zaateisa okuza kurwanisa ba maguru-abiri.,All four-legged animals convened a meeting in which they discussed how they can fight the twoo-legged creatures.,M
maguru-gantuuha,phr,a variety of fungusplant with a round flat head and a long stem commonly called mushroom,mushroom,,,M
magyendo,n,"a crime of taking, sending or bringing goods secretly and illegally into or out of a country",illicit trade,Uganda eteire abaporiisi aha nyatano yaayo na Kenya kwenda kurwanisa magyendo.,Uganda has stationed policemen at her boarder with Kenya to fight smuggling.,M
mahega,n,a finger millet variety,,Muhingye oburo bwa mahega bunuzire.,"Sow that type of millet, it is very taste.",M
mahinda,n,maize with coloured grains,maize variety,Ebicoori bye ebingi nibya mahinda.,Most of his maize is coloured.,M
mahogane,n,a tropical tree that produces hard timber,mahogany,,,M
mahonde,n,rock salt,salt,,,M
mahugye,adv,a situation where one behaves in a confused manner,,Naahandiika mahugye.,He writes in a confused way.,M
mahumahu,n,a type of chicken without feathers on the neck,,,,M
mahumpu,adv,"extravaganttly watsteful use of things, e.g. money",,Ishe akamutwarira esente aha ishomero yaazirya mahumpu.,His father gave him money at school but he used it extravagantly.,M
mahwehwe,n,a perpetual liar,,,,M
maino-mpango,adj,a person with very big teeth,,,,M
maisho,n,a variety of peas,,,,M
maisho-ana,n,a small conical pot with four side openings among the Banyankore marriages for perfumery,,,,M
maisho-na-maisho,adv,face to face,,Akamureeba maisho-na-maisho.,He saw him face to face.,M
majuta,n,a bean variety with big seeds,,,,M
majuuju,n,,,,,M
maka,n,"an internal organ of an animal that is red in colour, and is not edible",offal,,,M
makaasi,n,,,,,M
maka-marungi,n,an aphrodisiac plant,,,,M
makamba,n,a type of finger millet,cereal plant,,,M
makanika,n,a person who repairs machines,mechanic,Makanika yaatwara emotoka yangye kugikora.,The mechanic has taken my car for repair.,M
makansi,n,a pair of scissors,,,,M
makara,n,a type of finger millet,cereal,,,M
makatara,n,an activity or task aportioned to an individual to do it and finish it in a specified time,marked line,Yaakora makatara.,,M
makeba,n,a type of dress that is long,cloth,Naakunda kujwara makeba.,She likes putting on long dresses.,M
makeke,n,something that is extra ordinally in nature,,,,M
makoma,n,a round fruit with a thick skin,,,,M
makorogo,n,,,,,M
makunku,n,a banana variety that has small fingers,bananas,,,M
makyere,adv,a way of jumping like a frog,,Akaguruka makyere.,He jumped like a frog.,M
mandigadi,n,a part of a bicycle closer to the tyre that guards it against mud,mudguard,,,M
mangada,n,a fruit of the orange family with a soft outer layer and usually smaller and sweater than oranges,tangerine,Mutumire omu katare kugura mangada yaareeta emicungwa.,I sent her to market to buy tangerine but she brought oranges.,M
manya,phr,by the way,,,,M
maraaya,n,a prostitute who indulges in sex for money,,,,M
maraika,n,a spirit who is believed to be a servant of God and is sent by God to deliver message or perform a task,angel,,,M
mareeto,n,a person whose parents are from different races with one a black and another a white,mulatto or half cast,,,M
marekaane,adj,Americn calico heavy white cloth. A kakhi cotton material. Heavy white cloth.,,Omwenda gwa marekaane nimurungi.,,M
maridaadi,adj,someone who is very smart and fashionable,stylish,Naakunda ebintu bya maridaadi.,He likes stylish things.,M
mashaaba,n,a big long round dress usually worn by pregnant women,dress,,,M
mashurubu,n,a hen with big glands below the ears,,,,M
masyoro,n,a steep part of a course,,,,M
Mataagi,n,the sunday before Easter,Palm Sunday,,,M
matarisi,n,a person who informs people about something through oral communication (especially on the radio),advertiser,,,M
matarisi,n,relay,game,,,M
matarizi,n,,,,,M
mawenkuru,n,,,,,M
mayenje,n,a cow with white and black spots,,Twine ente ya mayenje.,We have a white and black spoted cow.,M
mayiro,n,a unit of measuring distance equal to 1600 metres,mile,Kuruga omuka kuhika omu tauni hariho mahiro ibiri.,There are two miles between home and town.,M
mayongo,n,a type of finger millet with creamish or yellowish seeds,,,,M
mayonja,n,a type of a beans,,,,M
mayumbu,n,a drum that would allegedly play itself to determine who should be the next king in Ankole and this was an instrument of power,royal drum,,,M
mayumbu,n,a goat that gives birth to twins all the time,,,,M
mazima,adv,a way of emphasising that something is true,really,Hoona mazima wantsiga?,Are you really leaving me?,M
mbaare,n,a type of fingure millet that originated from Mbale (one of the districts in the eastern part of Uganda),,,,M
mbaaya,n,a cow with mottled cloudy white patches everywhere on the body,,,,M
mbaba,phr,they (people) are here,,Aba mbaba bakaija.,,M
mbaganire,phr,an opening remark or introduction to storytelling that draws the attention of the people to whom the story is being told. The audience's response is 'tebere'.,,"Mbaganire, mbaganire!","Let me tell you a story, let me tell you a story!",M
mbaguta,n,a name of one of the former kings of Ankole,,,,M
mbahi,int,a way of greeting by children to show politeness and respect,,,,M
mbamba,n,a cow with white and grey patches,,,,M
mbari,phr,there they are; referring to people,,,,M
mbarwa,adj,very few things or or people in number,,Abahekyera bakaita abantu haatsigara mbarwa.,The rebels killed people and very few remained.,M
mbazi,n,fawn grey brindle,,,,M
mbega,n,"a person who tries to get secret information about another country, organisation, person especially somebody who is employed by a government, or police",a spy,Ab'eby'okwerinda bakoohereza mbega aha ishomero ryaitu.,The defence committe sent a spy to our school.,M
mbindi,n,a black cow,,,,M
mbwenu shi,phr,now what?,,Mbwenu shi ngire nta?,"Now, what should I do?",M
me!,int,finished,,Ku baamushabire amaizi yaabagambira ngu me!,When they asked him for water he told them that it is finished.,M
mehe,int,,,,,M
mememe,int,taking something carefully,,Mememe tezaaza mwojo.,Handling with kid gloves does not always yield the best results.,M
mhu,int,"an expression to show surprise, fear, excitement, sarcasm, exclamation, etc",,,,M
mihi,adv,really,,Mihi baija?,Have they really come?,M
minzaani,n,weighing scale,,,,M
mirankwongyere,n,"a type of calabash, big with a long neck",,Obushera bu baamuteereire omuri mirankwongyere akaba atarikubasa kubuheza.,He could not finish the porridge they had put for him in the big calabash.,M
miru,int,"keep silence, keep a secret",,Gira oti 'miru'.,Keep silence.,M
miru,int,to swallow: to gallop at once,to swallow,Akakwata ekikopo kya caai at miru.,,M
mirundi,n,one with long legs,,,,M
Misa,n,mass: a church service especially for the Roman Catholics,mass,Misa y'okubanza neetandika shaaha ina z'akasheeshe.,The first mass starts at 10.00am.,M
misingiriro,n,beans: type of beans with mixed colours normally with white and brown,beans,,,M
mita,n,metre,,,,M
mpaha,adv,here: usually used as 'aha mpaha',here,Mushangire aha mpaha.,I found him here.,M
mpaho,conj,then: a word used in conversations to urge someone to continue with the story,then,,,M
mpaka,prep,time lag: until,time lag,Toraarye egi nyama mpaka omazire ogu murimo.,You are not going to eat this meat until you finish this job.,M
mpango,adj,size: big or large in size,size,Egi mpare ni mpango.,This pair of trousers is big.,M
mpara,n,cattle: a cow that is light brown in colour,cattle,,,M
mpariya,adv,over there,,Mpariya ahu twabaire nitutuura.,We used to stay over there.,M
mpenwaki,int,I wish,,Mpenwaki enjura egwa tutunga amaizi.,I wish it could rain and we get water.,M
mpirima,n,a bean variety with round cotyledons and a brownish coat and sometimes mixed colours,,,,M
mpora,adv,slowly,,"Yetware, ngyenda mpora.; Naatwaza mpora.",Please walk slowly. H is a soft spoken person.,M
mpungira,n,sleeping sickness: a disease transmitted by tsetse flies,sleeping sickness,,,M
mpuuga,n,"the name of a cow with a single white patch on the udder, sometimes extending on both sides of the abdomen, chest, flanks",,,,M
mpuura,n,a cow with grey skin,,,,M
-mu,adv,suffix meaning 'in',,,,M
-mu-,n,singular class marker for nouns in class 1 and 3. e.g. o-mu-ntu(class 1) and o-mu-ti (class 3),,,,M
mucomo,n,meat: roasted meat,meat,,,M
mugore,n,name normally given to a newly wedded woman by her in-laws,,,,M
muguma,n,potato: type of irish potato,potato,,,M
mugurusi-rya-kimwe,n,a type of sweet potato that is white outside and yellow inside,,,,M
muha,n,"fox: one of the carnivorous mammals that has straight ears with a long tail with fur, that looks like a wolf",fox,,,M
muhabo,n,a strange place,,Enjura egwire naaraara muhabo.,It rained and made me sleep in a strange place.,M
muhago,n,,,,,M
muhago,n,a disease usually in young children who lack some food nutrients,,Omwana we arwaire muhago ahabw'obutarya gye.,Her child is sick because she does not eat a balanced meal.,M
muhanami,n,,,,,M
muhancuju,n,,,,,M
muhara,n,daughter,,Muhara wa Baguma aine emicwe mirungi.,Baguma's daughter is well behaved.,M
muheru,n,end result,,Akagira muheru nungi.,He had a good end result.,M
muhikirwa,n,an opinion leader: a person who is believed and respected by many people within a locality,an opinion leader,Bamwemekire nka muhikirwa w'ekyaro.,He has been elected an opinion leader in the village.,M
muhinya,n,Polio: an infectious disease that affects the central nervous system and can cause temporary or permanent paralysis,Polio,,,M
muhogo,n,cassava. Manihot Esculenta,,,,M
muhomberwa,n,fire: a weak burning fire,fire,Ogu muriro ni muhomberwa tigurikuza kuhiisa byokurya.,This fire is too weak to cook food.,M
muhurubu,n,a banana with big fingers,,,,M
mujuba,n,a banana variety that has long fingers which are scattered on the cluster,,,,M
mujuuju,adj,"extravagant, wasteful: eating or using something without sparing anything for the future","extravagant, wasteful",Omushaija ebintu bye akabirya mujuuju.,The man used all his things unsparingly.,M
mujwago,n,a shabby person,,Oyehindwire mujwago ebire ebi.,These days you are very shabby.,M
muka,n,wife of,,Kyakwera ni muka Katarihwa.,Kyakwera is Katarihwa's wife.,M
mukaabaro,n,your co-wife: a woman with whom you share a husband in marriage,your co-wife,,,M
mukaaga,n,six: the cardinal number after five and before seven,six,,,M
mukaaka,n,grandmother: the mother of one's father or mother,grandmother,Mukaaka nankunda ahab'emicwe mirungi.,My grand mother loves me because of my good behaviour.,M
mukaasho,n,your stepmother,,Mukaasho aine abaana bangahi?; Your step mother cannot be your mother.,How many children does your stepmother have?,M
mukaatata,n,my stepmother: the wife of one's father,my stepmother,Mukaatata azaire omwana w'omwishiki.,My stepmother gave birth to a baby girl.,M
muk'abangye,n,,,,,M
mukaiba,n,her co-wife,,Kentaro naakunda mukaiba.,Kentaro likes her co-wife.,M
Mukama,n,Lord: the supreme being or the creator of the world,Lord,,,M
mukama,n,owner: a person who has or owns something,owner,Mukama w'ente ezaayona emisiri yaaruga aha.,The owner of the cows that destroyed the garden has been here.,M
mukana,n,sweet potato that is not sweet and it is very hard with leaves which are purplelish,,,,M
mukazi-murofa,n,a plant variety which has a bad smell,,,,M
mukira,n,a variety of peas,,,,M
mukomanshaija,n,a shrub used for making grazing sticks,,,,M
mukonogaamun,n,a miser: a person who loves money and hates spending it,a miser,Aine esente kwonka ni mukonogaamu.,He has money but he is a miser.,M
mukoona,n,,,,,M
mukundante,n,a bird species that is normally found where cows graze,,,,M
mukuru w'eishomero,n,headteacher: the person who heads a school,headteacher,Mukuru w'eishomero abingire abeegi abatakahaire bishare by'eishomero.,The headmaster dismissed students who had not yet paid school fees.,M
mukuru w'eitware,n,bishop: the highest ranking catholic clergyman at the diocese,bishop,,,M
mukuru w'entebe,n,chairperson: a person who presides over a meeting,chairperson,,,M
mukuru w'entebe,n,a person who heads a committee,,,,M
mukuru w'omugongo,n,an elder in society especially at village level,,Bakeebuuza obwengye ahari mukuru w'omugongo.,They sought wisdom from an elder in society.,M
mukuru-otaitwa-ebye,n,a plant species,,,,M
mukwe otajugire,n,a traditional wooden stool,,,,M
mukwe yebumbe,n,"a small plant, when one touches it, it comes together and after a while it spreads out again",,,,M
mukwe-wa-mwanure,n,dragon fly: a large insect that has long and slender body that looks like a dragon fly,dragon fly,,,M
mukyara,n,my wife; title or honour given by a husband to his wife,,,,M
munaana,n,"eight: one of the cardinal numbers which comes after seven and before nin, normally writen as 8",eight,,,M
muneti,n,a plant species,,,,M
munomuno,adv,especially,,Mureete abaana omu mushomo gwa siriimu na munomuno eminyeeto.,"Bring children to the seminar on HIV/AIDS, especially the youths.",M
munonga,adv,very,,Naamukunda munonga.,He loves her very much.,M
muntu 'we,int,my dear,,,,M
munu,adv,,,,,M
munyaanya,n,his sister or brother,,Munyaanya n'omushomesa.,Her brother/sister is a teacher.,M
munyaanyoko,n,your brother (if you are a female) or your sister (if you are a male),,,,M
munyampa,n,the flowers of a spear grass,,,,M
munywengye,n,disease; AIDS: Acquired Immune Deficiency Sydrome. A serious disease that destroys the human immune system. It is caused by HIV,disease,,,M
muramba,adj,full; whole,,Akabagurira akashaho ka shukaari muramba.,He bought a whole sack of sugar for them.,M
muranga,n,the public,,Yaakikora muranga neereeba.,He did it openly as the public method.,M
murangaaro,n,"a disease of birds and mammals that greatly affects the intestines, caused by coccidia.",coccidiosis,,,M
mureefu,n,a tall person.,,Muhara wangye akashwerwa mureefu.,My daughter got married to a tall man.,M
murenzi,n,a bean variety.,,,,M
muriyo,int,"a form of greeting; literally meaning 'are you there?"".",,,,M
murokore,n,a nick name given to a christian who is born again.,,,,M
murungi we!,phr,dearest.,,,,M
muryangombe,n,a type of washing soap that is blue in colour.,soap,,,M
musa,n,a whitish green banana used for brewing local beer.,,,,M
Musenene,n,November: the eleventh month of the year.,,Enseenene zikira kugwa omu kwezi kwa Musenene.,Grasshoppers normally appear in November.,M
mushaija-aranda,n,banana species.,,,,M
mushanju,n,one of the cardinal numbers written as 7. It comes after 6 and is before 8.,seven,,,M
mushare,n,the sister-in-law who goes with the bride to her home after her honeymoon.,,Nkaba mushare wa muka munyaanyazi twamarayo ebiro bishatu.,I went with my brother's wife to her parents home and we spent there three days.,M
mushinja,n,a person who sees something happen and can tell other people about it later.,witness,Akareeta nyina kuba mushinja we.,He brought his mother to be his witness.,M
mushorongo,n,severe famine.,,,,M
mushunju,n,a hen with few short feathers on its head.,,Mushunju yangye bagiibire.,My hen with a few feathers on the head was stolen.,M
mushushu,n,"a small rodent with a long pointed nose, mouth and small eyes.",shrew,Mushushu esiisire omusiri gw'ebitakuri gwona.,A shrew destroyed the whole garden of sweet potatoes.,M
musimbiriro,n,a bed whose legs are fixed in the floor.,,Omutsigazi ku yaagiire kushwera yaakora ekitanda ky'omusimbiriro omu kishengye kye.,"When a boy was going to marry, he made a bed fixed in the ground in his bedroom.",M
mutaahi,n,a person who lives near another.,neighbour,,,M
mutaahi,n,a friend or colleague.,,,,M
mutabani,n,one's son.,boy or man,Mutabani w'Omugabe.,The king's son.,M
mutare,n,a light colour e.g. of fresh snow or milk.,white colour,Yaija ajwaire akafuuraano ka mutare.,He came putting on a white pull neck.,M
mutare,n,a type of finger millet.,cereal,,,M
mutemante,n,a sharp and straight tool made of metal with a curved edge used for cutting.,machete,Omuhoro gwangye gwa mutemante gubuzire.,My sharp curved machettes is lost.,M
mutiikye,n,an extra amount of money that one must pay in addition to the usual charge as a penalty for not paying in time.,surcharge,,,M
mutiki,n,"a bean variety with compound leaves, white, purple or yellow flowers and bearing pods with red seeds.",,Embibo ya mutiki neeyera munonga.,Beans with red seeds do well when grown.,M
Mutima-Orikwera,n,,,,,M
mutinzi,n,to raise a thumb as a result of contempt.,scorn contempt,,,M
mutinzi,n,a feeling that one is inferior and undesirable.,,,,M
mutuku,n,a disease of infants normally caused by protein deficiency.,kwashiorkor,,,M
mutunda,n,second-hand clothes and shoes that are available for sale.,used clothes,,,M
muyegu,n,,,,,M
muzaanira,n,a person who plays lullabies for the young children so as to intertain them.,,,,M
muzeeyi,n,a person who has lived for a long time.,"old person, elder",Baamuzeeyi nibaheebwa ekitiinisa.,Elders are respected.,M
muziiki,n,the last tooth on each side of both jaws in human beings.,wisdom tooth,Muziiki niryo riino eririkuhererukayo.,Wisdom tooth is the latest tooth.,M
muzima,adj,a strong and bold person.,,N'omushaija muzima.,He is a strong and bold man.,M
Muzimbeezi,n,the 12th and last month of the year.,December,,,M
mwamba,n,"a brick, square or rectangular house usually roofed with iron sheets.",house,,,M
mwami,n,a wife's title of endearment for her husband equivalent to darling.,,Mwami agiire Buraaya.,My husband went to Europe.,M
mwayaya,adv,the remains of something in a scattered and unsorted manner.,,,,M
mwena,pron,all of you.,,Mwena mwije.,All of you come.,M
mwenda,n,"one of the cardinal numbers, written as 9. It comes after 8 and is before 10.",nine,,,M
mwene maawe,n,refering to one's sister or brother.,sister or brother,,,M
mwene-ishe,n,refering to someone else's sister or brother.,sister or brother,,,M
mwene-waitu,n,belonging to the same family or clan group.,,Nkaba ntarikumanya ngu ogu ni mwene-waitu.,I did not know that this was my relative.,M
mwengye-bigyere,n,local beer made out of ripe bananas.,,,,M
mwere,adv,having failed to obtain or achieve what one wanted.,empty handed,Akaaza kukora yaagaruka ari mwere.,He went to work and came back empty handed.,M
mwirima,n,related to darkness.,,,,M
Mwisyo-Orikwera,n,,,,,M
Mwoyo-Orikwera,n,the third person of the Trinity.,Holy Spirit,,,M
mya-mya-mya,int,"light coming on and off, as that by lightening.",,,,M
N,n,one of the letters of the Roman Alphabet.,,,,N
na,conj,"used to connect characters, symbols, words, clauses or sentences that are to be taken jointly.",and,Naayeta omwana na nyina.,I have called the child and her mother.,N
nabi,n,"a person who foretells, forecasts or predicts what is going to happen.",a prophet,Banabi bakaranga okwija kwa Yesu Kristo.,The prophets announced the coming of Jesus Christ.,N
nabwo,conj,even though.,,Nabwo ninza kwija n'obu otaanyeta.,"Even though you did not call me, I will come.",N
n'ahabw'ekyo,conj,a logical way to introduce something that has just been mentioned.,therefore,Akagira ngu naaba atariyo n'ahabw'ekyo tindikuzayo.,"She told me she will not be there, therefore I am not going there.",N
naikondo,n,a deep narrow hole in the ground made mainly to get water.,borehole,Bakashashura esente nyingi z'okwombeka naikondo.,They paid a lot of money for the construction of the bore hole.,N
nainga,conj,used to link alternatives.,or,Nyekyakare nimbaasa kwija nainga ntaija.,Tomorrow I might come or not.,N
nairooni,n,nylon.,cloth,,,N
naiwe,pron,you too.,,Ija naiwe.,You too come.,N
nangwa,conj,not even.,,,,N
ndagara,int,an exclamatory expression.,,,,N
nda-nda-nda,adj,extremely hard.,,,,N
nderera,n,"a variety of sweet potatoes with sticky sap and yields well within three months and after that period, it begins to rot.",,,,N
ndi,phr,I am.,,,,N
-ndi,adj,the reference to the rest of the things.,,,,N
ndikaitwa,int,a word used to show affection and love.,,,,N
ndori,int,the sound made by a stone when it falls in water.,,,,N
nende,n,a brown cow.,,,,N
n'enki,pron,what is it? used to indicate that something is quite the opposite of what is being specified.,,Omrishi akamureeba. Ngaaha!,Did you see the lady? No!,N
nfundo,n,a person who has short and fat legs.,,,,N
nfuruuto,n,a pet name for women with stretch marks as a sign of beauty.,,,,N
nga maawe,int,an expression used to say no in a polite way.,,,,N
ngabira-abanyaata,n,large pockets on a man's trousers.,,,,N
ngabo,n,a cow with large white and black or white and brown patches all over the body.,,,,N
ngabusha,int,no.,,,,N
-ngahe,suffix,"how many. e.g. bangahe(people), bingahe (things), etc.",,,,N
ngambanyenka,n,a person who does things alone and rejects other people's advice.,dictator,,,N
ngarama,n,a potatoe variety that grows in swamps and is very big.,,,,N
ngaro z'abakama,phr,a poisonous mushroom.,fungi,,,N
ngino y'abahima,n,a type of maizi where the cob is purplish close to black and it lookes like black gums.,,,,N
ngoobe,n,brown cow with white patches on the neck.,,,,N
ngu,conj,that.,,,,N
ngugu,adj,here he or she is.,,,,N
ngugwo,adj,there he is.,,,,N
nguri,adj,he or she is over there.,,,,N
nguriya,adj,that one over there.,,,,N
ngurorushwero,n,bean variety.,,,,N
nibwo,pron,that is when.,,,,N
nibyo,pron,they are the ones.,,,,N
niinye,pron,I am the one.,,,,N
nikwo,pron,in that way.,,,,N
nikyo,adj,that is the one.,,,,N
nimarungi,int,"(greeting) I am fine, or we are alright.",,,,N
nimwo,pron,that is where (referring to inside a place).,,,,N
ninkahoorwe,phr,a statement or a word of swearing,,,,N
nitwo,pron,referring to things which are small in size or quantity,diminutive,,,N
niwe,pron,it is him,,,,N
niyo,pron,it is the one,,,,N
niyo,pron,that is the place,,,,N
njagu,n,a cow with cut ears,,,,N
njeru,n,a cow which is grey in colour,,,,N
njeru ya buremba,n,one of king's drums in Ankole,,,,N
njeru-eyera,adj,a grey and white cow,,,,N
njororo,adj,a sound produced when pouring liquids down especially when urinating,,,,N
njumba,n,a grey-black nanny,,,,N
nkaija-na-mbaguta,n,a type of eucalyptus tree that is hard,,,,N
nkana,adv,doing something deliberately,,Naamutuma kutaha amaizi yaayanga nkana.,I have sent him to fetch water but he has deliberately refused.,N
nkara,n,a cow with a black and brown colour,,,,N
nkira-zoona,n,the middle finger out of the five fingers of the hand which is longer than the rest,tall fingure,,,N
nkome,n,a cow with horns facing forward,,,,N
nkondo,n,a cow with short horns facing forwards,,,,N
Nkore,n,"a name that combined the counties of Kashaari, Isingiro, Nyabushozi and Rwampara",,,,N
nkorongo,n,a cow with twisted horns,,,,N
nkumbi,n,a black goat,,,,N
nkumuunye,n,"a human infection that is sexually transimitted and attacks the sexual organs. If not treated early, the parts affected fall off.",chancroid,,,N
nkungu,n,a hornless animals especially cows and goats,,,,N
nkurugutu,n,a sheep with no or very small ears,,,,N
nkwerere,n,a colour that is not exactly white,off white,,,N
nkweshumbire,int,go away!,,,,N
nkyerengye,n,a black and brown coloured cow,,,,N
nobu,conj,even if,,,,N
nohiri,n,a holiday celebrated by Christians as the anniversary of the birth of Jesus on December 25 every year,Noel or christmas,,,N
nooti,n,"a numerical number which when added to any number, you remain with the same number",zero,,,N
nseeri,n,across from one side to another or the other side,,,,N
nseeri-mayanja,n,,,,,N
nsha,adj,the act of being empty handed or not possessing anything,,,,N
nshaiga,n,"a cow with a very big patch from the neck to the tail and the legs, and brown patch from the back to the face and front legs",,,,N
nshakama,n,a cow with a white patch on the back,,,,N
nshamaitu,n,"a female cow with white spots on both sides of the waist, or neck",,,,N
nshanju,n,the cardinal number that is the product of ten and seven and written as 70,seventy,,,N
nshara,n,a cow with small and short loose horns falling downwards,,,,N
nsheshera,n,a sweet potato variety,,,,N
nta,adj,used as an interrogative word to mean in what way or manner or by what means; used to ask about the extent or degree of something,how,Ekyoma eki nkitemu nta?,How should I insert this metal?,N
ntaara,n,a female cow with horns set apart at a wide angle,,,,N
ntabangi,n,a cow with mixed spots of white and black colour,,,,N
ntabo-yaago,n,a person who drinks too much alcohol and is addicted to it,alcoholic,,,N
ntahi,adj,an expression used to show that one does not approve of something,,,,N
Ntare,n,a name given to one of the kings in Ankole,,,,N
ntega-akagyega,n,a sweet potato variety with high yields,,,,N
nti,adv,a word used to demostrate the way something was done,like this,,,N
nturubure,n,someone with no ears,,,,N
ntyo,conj,used as a filler,then,,,N
ntyo,conj,like that,empty handed,Nkaija ntyo ntaine sente.,"I just came like that, without any money.",N
nurinuri,adv,tasty food,very delicious,,,N
nyaabura we,phr,an expression used in polite request,please,Nyaabura oteebwa eki naakugambira.,Please do not forget what I have told you.,N
nyabayangwe,n,a primate that lives in trees and is a taboo to some tribes,velvet monkey,,,N
nyabeene,n,such people of that calibre,others like these,,,N
Nyabihekye,n,the fourth month of the year,April,,,N
nyabingi,n,"a supernatural being who is worshipped by people, particularly a deity thought to control some part of nature",,,,N
nyabitote,n,a heavy downpour that leaves the place very wet,,,,N
nyabo,n,a form of address to show respect to a female person,madam,,,N
nyabucureera,n,a humble person,,,,N
nyabukye,adj,someone or something that is very small,,,,N
nyaburezi,n,one of the traditional small gods or idols invoked in retribution,,,,N
nyabwangu,adj,a person who works or acts in an excessively hasty manner,,,,N
nyabwekonora,n,an edible banana variety,,,,N
nyabwerundarunda,n,a plant whose leaves fold when touched and after a few minutes it turns back to is original form or shape,,,,N
nyaigyendwa,adj,a highly traversed road,,,,N
Nyaikoma,n,the fourth month of the year,April,,,N
Nyairurwe,n,the seventh month of the year,July,,,N
nyaishaija,adj,a male person who possesses or has the qualities,,,,N
nyakabara,adj,typical of something of or a true replica of something,proper,,,N
nyakaju,n,a guest room,a chief's small house,,,N
Nyakanga,n,the eighth month of the year,August,,,N
nyakashaija,n,one of the traditional drums in the palace of the kingdom of Ankole,,,,N
nyakatagara,n,a tittle of the traditional doctor among the Banyoro,,,,N
nyakazaana,n,name referring to a female slave,,Nyakazaana ayerinza ogu araakore.,A female slave procrastinates over chores she knows she must do.,N
Nyakazigye,n,a person born during the time of locusts,,,,N
nyakibaka,n,a weather condition where the sun has been hot and very bright,,,,N
nyakibazi,n,a tree whose bark is chewed to treat cough in human beings,,,,N
nyakiinika,n,a type of banana plant grown for food,,,,N
nyakikoko,n,a tree with an outer hard cover that is used to heal stomachache,,,,N
nyakimwe,n,the head of a colony of monkeys,,,,N
nyakinyonyoozo,n,the brightest celestial object after the sun and moon; morning star,Venus,,,N
nyakizooba,n,name of historical famine,,,,N
Nyakubaho,n,the Almighty God,Lord,,,N
nyakufa,n,the deceased,the late,,,N
nyakumirwa,n,a word used to curse enemies that they cease to exist in their midst,,,,N
Nyakusinga,n,,,,,N
nyakwegyendera,n,,,,,N
nyakwenkuru,n,,,,,N
nyakwera,n,,,,,N
nyakwesikurira,n,a person who does things and they backfire,,,,N
nyakwetakuriza,n,,,,,N
nyakyetengwa,n,a very short banana type,,,,N
nyamaarwa,n,a tree with succulent fruits,,,,N
nyamabondo,n,a toad with a big stomach,,,,N
nyamagoye,n,person with congenital white hair and pink skin,albino,,,N
nyamashore,n,Queen's mother,,,,N
nyamateeka,n,something that actually exists,fact,,,N
nyamazima,adj,a truthful person who says what is true and does not lie,,,,N
nyambata,adj,something extreme,,,,N
nyampara,n,a person who exercises control over laboures,foreman,,,N
nyamugyendanootwe,n,a snail that moves with its shell,,,,N
nyamuhaibona,n,star that disappears as soon as it appears,shooting star,,,N
nyamuhanga,n,the Creator,,,,N
nyamujuni,n,a sweet potato variety,,,,N
nyamukangayo,n,a person who returns promptly when sent on an errand,,,,N
nyamukwikwi,n,a tiny black insect that is normally found in gardens during evening hours especially in rainy seasons,,,,N
nyamunegyere,n,only one and nothing more,,Ruhanga akoohereza omwana we omwe nyamunegyere kufeera abasiisi.,God sent his only begotten son to die for sinners.,N
nyamunjuuri,n,a grain eating bird,wax bill,,,N
nyamuraingwa,adj,a tall person in a specified group of people,,,,N
nyamurunga,n,a white bird with a black patch around its neck,bishop bird,,,N
nyamurungi,n,a beautiful person (especially a woman),,,,N
nyamutahatwa,n,a name given to a calabash that is small enough to be carried under the arm,a calabash,,,N
nyamuteza,n,a grave,,,,N
nyamwari,n,a small round insect that lives in dust,,,,N
nyamwegyendaho,n,a person who fends for himself with no one else to help him,,,,N
nyamwenga,n,,,,,N
nyamwingi,adj,"plenty, much, many",,Akatunga bwe ente nyamwingi aha bugyenyi bw'okugaitwa.,He got many cows on his wedding.,N
nyang'abaribatyo,n,a finger millet species,,,,N
nyanga-ente,n,a type of panga which has a pointed end,,,,N
nyangye,n,a locally made carpet on which witchdoctors treat their patients or the mat on which witch doctors practice their magic powers while offering services to their clients,,,,N
nyankokora-itahigwa,n,an obstinate person,,,,N
nyankurukurumbi,n,a star that shines 24 hours,,,,N
nyantagambirwa,n,ill-behaved or stubborn person who cannot heed to people's advice,,,,N
nyantahurira,n,,,,,N
nyanzika,adj,revengeful: keeping a grudge with an intention to hurt someone,revengeful,,,N
nyarubombwa,n,a grass species that grows in forests,,,,N
nyaruju,n,a big establishment or building e.g a church,,,,N
nyarumaga,n,a King's drum,,,,N
nyarumaga,adj,"a word used to refer to someone who cannot keep his/her word, and who is not consistent",,,,N
nyaruntu,n,a kind of rat that usually lives in potate gardens,,,,N
nyarwefoora,n,a plant that grows in swampy areas and is reddish-pink in colour,,Erangi ei baasiiga enju baagiiha omuri nyarwefoora ei baajunga.,The paint they put on the house was got from squeezing the reddish-pink plant got from the swamp.,N
nyarwegye,n,"a mature pregnancy between seven and eight months, and about to be born",,,,N
nyarwehindura,n,"a plant which, when cooked, its water turns red",,,,N
nyarwehumbarika,n,someone who pretends to behave in a particular way,,,,N
nyarwehungura,n,a plant species which is thorny,,,,N
nyarwezambiza,n,one who invites trouble to himself or herself,,,,N
nyarwino,n,a red ant: a mature red ant with a very big head,a red ant,,,N
Nyeikoma,n,,,,,N
nyekiro,adv,night: the time between sunset and sunrise,night,Ti kirungi kutambura nyekiro.,It is not good to move at night.,N
nyenka,adv,me alone: refering to myself,me alone,Omu bugyenyi nkazayo nyenka.,I went to the party alone.,N
nyenkyakare,adv,tomorrow: the day that follows or that is after today,tomorrow,,,N
nyensya,adv,far future: a period of time that is far from the day one is talking about,far future,,,N
nyensya,adv,the day after tomorrow,,,,N
nyentsya,adv,,,,,N
nyina,n,his or her mother: someone's female parent,,,,N
nyina,n,owner,,Nyina n'omushaho.,His mother is a nurse.,N
nyinabangye,n,my wife: a word used by someone to refer to his wife,my wife,,,N
nyin'abangye,n,the mother of my children,,,,N
nyinabwengye,n,a woman who exhibits unique and extraordinary characteristics in what she does,,,,N
nyinabwengye,n,to refer to mothers,,,,N
nyina-iguru,n,God: the mother of heaven,God,,,N
nyinakamanzi,n,a sweat potato species,,,,N
nyinamaka,n,mother in the home,,,,N
nyinamaniina,n,a stingy person; not generous,,,,N
nyinamuku,n,a grass species,,,,N
nyinamwiru,n,a legend about a woman with extraordinally features,,,,N
nyinarumi,n,,,,,N
nyinazaara,n,his or her mother-in-law,,,,N
nyindo z'abaraaro,n,a sweet potato species,,,,N
nyine,adv,I have,,Nyine abaana bataano abaoojo babiri n'abaishiki bashatu.,"I have five children, two boys and three girls.",N
nyine,adv,"an expression used to mean ""yes, I agree with you""",,,,N
nyineeka,n,master of the house or head of the family,,,,N
nyinekiriga,n,the rightful owner the one who is in the know,,,,N
nyinenda,n,womb or uterus: a hollow muscular organ in the pelvic cavity of females in which babies develop before they are born,womb or uterus,,,N
nyinenkuru,n,his or her grandmother,,,,N
nyinento,n,maternal aunt: his/her mother's sister,maternal aunt,,,N
nyinesaasi,n,a type of sweet potato,,,,N
-nyini,adj,exactly: typical of something,exactly,,,N
nyoko,n,your mother,,,,N
nyokoromi,n,your maternal uncle,,,,N
nyokozaara,n,your mother-on-law,,,,N
nyokwenkuru,n,your grandmother,,,,N
nyokwenkuruza,n,the mother of your grandmother,,,,N
nyokwento,n,,,,,N
nyomushana,adv,the time when there is natural light between dawn and dusk,,,,N
nyomwebazyo,adv,yesterday: the day before today,yesterday,,,N
nyonga,n,cow that is black,,,,N
nyowe,pron,me: first person singular pronoun,me,,,N
nyowe,pron,I: pronoun used to refer to yourself,I,,,N
o,n,one of the letters of the alphabet,,,,O
obeho,int,a way of saying farewell to someone who is going away and wishing them well,,,,O
obu,adv,"when, while: at that time or as soon as","when, while",Akaraba omu katare obu yaaruga aha.,She past in the market when she left here.,O
obubaagi,n,"the occupation of slaughtering animals like sheep, goats, cows, etc",,,,O
obubaagi,n,being extravagant or a spendthrift,,Owaabo bakaitwa obubaagi.,They are all extravagant in their family.,O
obubaani,n,incense,,,,O
obufumu,n,witchcraft: the practice of using special powers (believed to be derived from the devil) to make things happen,witchcraft,,,O
obufunda,n,narrowness: the state of being without space,narrowness,,,O
obufundi,n,artisanship: the art of making or repairing things,artisanship,,,O
obufura,n,hospitality: affable and generous behaviour towards other people,hospitality,,,O
obufute,n,breach delivery: the abnormal delivery of a child by the legs first,breach delivery,,,O
obubaizi,n,carpentry: the occupation of making or repairing things in wood,carpentry,,,O
obubi,n,,,,,O
obubundamo,n,a place where one falls after collapsing; where one falls after loosing control due to sickness or shock,,,,O
obubundamo,n,"a place where one crouches to avoid sight, being seen or recognised",,,,O
obubuzi,n,creases in clothes when they are not ironed,,Eshaati aine obubuzi bwingi gigorore.,The shirt has many foldings you must iron it.,O
obubya,n,acute craving for sodium chloride,,,,O
obucancabari,n,tarters: clothes that have been worn out and are in tarter,tarters,,,O
obucecezi,n,night dancing done while performing recitations,,,,O
obucumita-mbogo,n,a plant with small leaves and small thorns,,,,O
obucura,n,a term that refers to old age in cattle,,,,O
obucureera,n,"calmness: being quiet, not agitated or excited; not ruffled by the wind",calmness,,,O
obucureezi,n,humility: the gentleness of living without chaos or agitation,humility,,,O
obucwekacweka,n,small pieces: things that remain after something has been torn or broken,small pieces,,,O
obudongo,n,"kneaded mud, which is used for construction of mud and wattle houses",,,,O
obufa-matu,adj,deafness: a situation where one is unable to hear at all,deafness,,,O
obufu,n,foolishness or doing foolish things; lacking wisdom,,,,O
obufu,n,a cow dung: cow's waste product,,,,O
obufuki,n,coldness: the relative lack of heat produced by low temperature,coldness,,,O
obufuki,n,lacking affection or enthusiasm; being in low,,,,O
obufuuhi,n,jealousy: excessive jealousy in respect of one's spouse or lover,jealousy,,,O
obufuuzi,n,a state of being an orphan,,,,O
obuga,n,tight sensation when food is taken after a long fast,,,,O
obugabe,n,kingship: having to do with monarchies or royal life,kingship,,,O
obugabe,n,freedom or liberty: the state of being free to do anything one wants without limitation,freedom or liberty,,,O
obugagye,n,food that has gone bad and has lost its actual taste or is rotten,,,,O
obugamba,n,rack: a structure made above the fireplace in the kitchen,rack,,,O
obugambiro,n,freedom of speech: a state of having a chance or a right to say what one wants to say,freedom of speech,,,O
obuganga,n,gun powder,,,,O
obugangaazi,n,disobedience: being obstinate,disobedience,,,O
obugangaazi,n,stiffness: a situation where something is so hard that it cannot bend,stiffness,,,O
obugangye,n,"thrush: an infection of the mouth and throat by a yeast-like fungus, causing whitish patches especially in children",thrush,,,O
obugaragwa,n,a condition of being loved by a chief,,,,O
obugigi,adv,being compeled to do something,,,,O
obugiizi-bwa-buryo,n,,,,,O
obugimu,n,manure: any animal waiste or plant material used to make land fertile,manure,,,O
obugomokye,n,fatness: possessing a lot of flesh on the body,fatness,,,O
obugore,n,a period of time when one has just married or is about to get married,,,,O
obugoro,n,snuff: tobacco in form of powder that is taken into the nose to sniff,snuff,,,O
obugumba,n,barrenness or infertility: a woman or female animal incapable of producing,barrenness or infertility,,,O
obugumi,,offsprings,,,,O
obugumi,n,"being firm, solid or rigid and difficult; requiring a lot of effort",hardness,,,O
obugumi,n,being mean; not generous,being mean,,,O
obugumira-naku,n,keeping strong as much as one can despite the difficulties one meets,perseverance,,,O
obugurusi,n,being old,old age,,,O
obugwagye,n,being healthy and happy,peace,,,O
obugwairaro,n,"being mentally deraged, insane, very foolish, unable to differenciate between bad and good",madness,,,O
obugwizi,n,a feeling one gets after being tickled,feeling tickled,,,O
obugyega,n,containers where fresh picked tea leaves are put,,,,O
obugyega,n,being devoid of good sense or judgement,foolishness,,,O
obugyemu,n,"the routine of taking milk or food to someone, for example in hospital, in a new place, etc",,,,O
obugyeragyere,n,,,,,O
obugyeya,n,a sensitive plant,,,,O
obuhamahama,n,secrets,,,,O
obuhambwe,n,black tree ants,,,,O
obuhandiiki,n,secretarial work,,Bakamuha omurimo gw'obuhandiiki aha gomborora.,He was given secretarial work at the sub county head quarters.,O
obuhangangukye,n,the act of expelling a person from their native land,exile,,,O
obuhangu,n,"skill in a particular subject, activity or job",expertise,Omwishiki ogu aine obuhangu omu by'okunogoora.,This girl has expertise in pottery.,O
obuhatamo,n,a place where people are protected from bad weather or from danger,shelter,Enjura ku yaagwire yaaronda obuhatamo bwabura.,"When it rained, she failed to get shelter.",O
obuheehe,n,fine and less dense and particles of sorghum husks which can be easily blown away by wind,sorghum husks,,,O
obuhendagurika,n,"broken pieces of something especially a tree, glass, sticks, etc",,,,O
obuhiigiro,n,the place or area where people go for a particular purpose or thing,,,,O
obuhiima,n,,,,,O
obuhikiro,n,a room where visitors go first when they arrive in a place,reception,,,O
obuhindihindi,n,a climbing edible plant with beans,,,,O
obuhingura,n,a round area of flesh at the top of the back of an animal,hump,,,O
obuhome,n,building made out of mud and wattle,,,,O
obuhonda-mabaare,n,a place where large rocks are dug out of the ground and crushed,quarry,,,O
obuhundame,n,state of being dull and inactive,,,,O
obuhunga,n,"fine white, powder made from maize grains",flour,,,O
obuhuta,n,wounds one gets after an injury,bruises,,,O
obuhuuha,n,certain arrangement of banana leaves when steaming bananas in a pan,,,,O
obuhuumuriro,adj,a place for resting,,,,O
obujagujagu,n,being cunning and tricky,wit,,,O
obujenjemere,n,being unwilling to work or do anything that involves physical labour,laziness,,,O
obujuga-nyonza,n,a period in the past when cows in Ankole died of an epidemic thought to have been rinderpest,,,,O
obujunja,n,"laces, tussels",,,,O
obujunzya,n,ornaments,,,,O
obujurizo,n,marks used within or after sentences or phrases,punctuation marks,nikibi kuhandiika otatireemu obujurizo.,its bad to write without punctuating your work.,O
obukamba,n,a disease which if not treated can cause blindness and roughness of the skin,riverblindness,,,O
obukangaga,n,a grass species that is hard and has sharp tips and grows in the swamps,,,,O
obukanja,n,a tree species with very many small edible berries,,,,O
obukaragye,n,ability to make a good choice,,Ogu omwishiki aine obukaragye bw'engoye.,This girl knows how to make a right combination of clothes.,O
obukiika,n,the size or measurement of something from one end to another with a horizontal or diagonal orientation,width,,,O
obukire,n,the state of being rich and affluent,wealth,Obukire bwe nibwo bwamuheise oburuuru.,His wealth is what earned him votes.,O
obukomeraniro,n,the point where two or more ropes or strings are tied together,,,,O
obukomo,n,a piece of jewellery worn loosely around the wrist,bungles,,,O
obukomooko,n,origin of a person or something in terms of geographical location or lineage,,,,O
obukonjangure,n,too many scars on the body as a result of being stubbed,,,,O
obukono,n,the pair of bars joining the front hub to the frame in a bicycle,forks of a bicycle handle bars,,,O
obukoro,n,a set of people or things that are considered as a group,groups,Bakeebaganisamu obukooro batakatandikire kurya.,They grouped themselves before they started eating.,O
obukubuuzi,n,the process where a powerful state takes over another one and administers it,colonialisation,Obukubuuzi omu Uganda bukatandika omu 1894.,Colonialisation in Uganda started in 1894.,O
obukumi,n,playing a ball by making it repeatedly bounce on the knee,,,,O
obukumiirizi,n,"guarding, or keeping an eye on something",,,,O
obukungu,n,being a leader in a community,chieftainship,,,O
obukunguutwa,n,small amount of something that remains at the end of a process,residue,,,O
obukurura,n,"seeds of a plant species which have hooks and are dispersed by people, animals and birds. Bidens pilosa",black jack seeds,,,O
obukuumeeme,adv,being extremely dry,,,,O
obukuutu,n,the trait of being rude and impertinent; inclined to take liberties,insolence,,,O
obukwatiro,n,a part of an object used to hold it or carry it,handle,Enshaho yangye teine bukwatiro.,My bag lacks handles.,O
obumanyi,n,special skill or knowledge about a particular activity or topic,expertise,,,O
obumare,n,a cow disease that attacks the teats and they get blocked,mastitis,,,O
obumuga,n,,,,,O
obumwe,n,being together and showing a high degree of co-operation,unity,Obumwe nigwo musingye gw'entunguuka.,Unity is the fopundation of development.,O
obunabi,n,what is foretold by somebody who is belived to possess spiritual powers,prophecy,,,O
obunafu,n,expressing unwillingness to work,laziness,,,O
obunaku,n,used to refer to a time when something will or is likely to happen,specified time,,,O
obunaku,n,"the state of being impoverished unable to to meet the basic necessities of life e.g. food, shelter and clothing",poverty,,,O
obunanukye,n,a state of being satisfied in life,contentment,,,O
obunanukye,n,"reassurance and relaxation from distress, anxiety, fatigue or tension",relief,,,O
obundi,adv,another time in future or again,next time,,,O
obundi,adv,perhaps,,,,O
obuneene,n,ornaments for children made in palm leaves,bungles,,,O
obunena,n,"roasted or fried legumes e.g. soya beans, groundnuts, maize, etc",,,,O
obunono,adv,flour that is fine or well ground,,,,O
obunono,n,roof top (seen from within),,,,O
obuntu,n,the quality of humane,compassion,,,O
obunuzi,n,pleasant taste,sweatness,,,O
obunyaata,n,scarcity of sauce,,,,O
obunyaatsi,n,common wild low-growing plants with green blades and stalks that are eaten by ruminants,grass,,,O
obunyabangye,n,a variety of mushrooms that is big in size but short,,,,O
obunyabwengye,n,the state or condition of being wise,wisdom,,,O
obunyadiini,n,believing in supernatural being- God,religiousness,,,O
obunyagashani,n,black round seeds shaped like peas,,,,O
obunyakabungo,n,edible mushrooms with purplish colour,,,,O
obunyakantu,n,the habit of not letting others share your property,selfishness,,,O
obunyakare,adv,long ago,,,,O
obunyampagara,n,banana bunches with few fingures,,,,O
obunyamurera,n,musical instruments shaped like a thin pipe,flutes,,,O
obunyamurwa,n,a responsibility given to someone to do something,,,,O
obunyamurwa,n,a religious activity especially in the Catholic church where a person appointed can offer the sacrament of eucharist even when he is not an ordained priest,,,,O
obunyancooni,n,underdeveloped banana fingers that are found at the bottom of a banana bunch and are of poor quality,,,,O
obunyangarara,n,lines on the surface of something that has broken but not yet split,cracks,,,O
obunyantabo,n,small mushrooms that grow where local brew is fermented,mushrooms,,,O
obunyarara,n,stripes,,,,O
obunyarume,n,a fungal infection that attacks the skin in between the toes,athletes foot,,,O
obunyarume,n,a fungal infection causing sores between the toes especially due to damp conditions,athretes foot,,,O
obunyigita,n,the narrowest part of a calabash,,,,O
obunyugwita,n,sensations associated with orgasm,,,,O
obunyuunya,n,shrubs like cicanda liked by goats. Yellow Oxalis,,,,O
obunyuunyambuzi,n,,,,,O
obunywani,n,friendship,,Obunywani nibukira,,O
obuzaare,,Friendship is more important than brotherhood,,,,O
obuporiisi,n,police profession: the practice of maintaining law and order in the state as performed by a department of government concerned,police profession,,,O
oburaakaare,n,echo: reflection of sound off a wall or inside an enclosed space so that a noise appears to be repeated,echo,,,O
oburaara,n,feebleness: physical weakness or laziness of the body,feebleness,,,O
oburaare,n,mishap: an unpredictable outcome that is unfortunate,mishap,,,O
oburaaro,n,accomodation: used to refer to shelter given to one either for a night or a long period of time,accomodation,,,O
oburaaza,n,a herbal concoction that was used in conferring blessings in the past,,,,O
oburabo,n,passage: a place left for people to pass through,passage,,,O
oburagarikira,n,crumbs: small pieces of food,crumbs,,,O
oburagi,n,stupidity: lack common of knowledge neccessary in doing things,stupidity,,,O
oburagwa,n,will: a written document containing instructions as to what has to be done to the property after one's death,will,,,O
oburahuzi,n,bullying: the behaviour of making one annoyed or angry through verbal or physical actions,bullying,,,O
oburaingwa,n,length: the vertical length of something,length,,,O
oburaingwa,n,height: the horizantal length of something,height,,,O
oburamaazi,n,long life: living for a long time,long life,,,O
oburamata,n,goose grass that produces sticky red liquid,,,,O
oburamuzi,n,judicial profession: an occupation for people who preside over cases,judicial profession,,,O
oburanga,n,resemblence: some similarity or anything that makes a person to be recognised as being related to someone else,resemblence,,,O
oburanga,n,servitude: being forced to obey another person,servitude,,,O
oburangura,n,trachoma: a contegeous disease of the eyes,trachoma,,,O
oburare,n,home desertion: the behaviour where one is interested in staying away from home,home desertion,,,O
oburari,n,trail: used to refer to small marks left behind by the passage of somebody or something in a certain place,trail,,,O
obureeberezi,n,diocese: an area of jurisidiction headed by a bishop in the Anglican Church,diocese,,,O
obureeberezi,n,help: the assistance given to a needy person,help,,,O
obureebero,n,vintage point,,,,O
obureebya,n,betrayal: the act of giving information about somebody to an individual,betrayal,,,O
obureemeezi,n,weight: how heavy something is measured in some scale as tons and kilograms,weight,,,O
oburefure,adj,wet: something which is soaked,wet,,,O
obureju,n,beards: hair of the lower part of the face excluding the moustache,beards,,,O
oburema,n,disability: a condition that limits a person's movements ог activities,disability,,,O
oburengye,adv,"excessively: used to refer to unsual, too much or remarkable",excessively,Akamukunda oburengye.,He loved her excessively.,O
oburengye,adv,use to refer to legs when they appear first instead of the head,,,,O
oburengyerwa-izooba,n,west: used to refer to the direction where the sun sets and on the left hand side of the person facing North,west,Bunyoro eri omu burengyerwa-izooba bwa Uganda.,Bunyoro is found in Western Uganda.,O
oburera-ngaro,n,laziness: a state of being lazy,laziness,,,O
oburezi,n,baby sitting: the activity of looking after very young children,baby sitting,,,O
oburiba,n,"heaviness: something that has great weight, or which is hard to lift from one place to another",heaviness,,,O
oburibatiro,phr,available space: usually used to refer to a squeezed place that has many people,available space,Tihariho buribatiro.,There is no space at all.,O
oburiga,n,"dried starch food: food that is cut into pieces and dried e.g. cassava, matooke, potatoes, etc",dried starch food,,,O
oburiho,adj,cash: money at hand,cash,Baamushaba emitwaro etaano z'oburiho.,He was asked fifty thousand in cash.,O
oburiiro,n,a place where one can eat from,,Tinyine buriiro.,I don't have where to eat from.,O
oburiiro,n,particles of food that stick to lips and to fingers when one eats with hands,,,,O
oburiisa,n,a parish: a small administrative unit with a church that has a pastor or a priest in the Anglican Church,a parish,,,O
oburiisizo,n,grazing land: pasture or grazing land for cattle,grazing land,,,O
oburiite,,"difficult, complicated and almost impossible",difficult,Akatandika enju yaamubeera oburiite.,He started a house and it became almost impossible to finish.,O
oburikwera,adj,holiness,,Obushwere oburikwera.,holy matrimony.,O
oburimi,n,speaking out uttering out words properly,,,,O
oburimiro,n,soil that sticks on legs and hands of a person digging,,Ku yaaherize kuhinga yaanaaba oburimiro.,He washed off soil from his legs after digging.,O
oburindi,n,fire-making sticks,,,,O
oburingaaniza,n,"justice: fair, equal and just treatment of people",justice,,,O
oburingiri,n,used to refer to small particles of crumbled baked blood cake,,,,O
oburinzi,n,defence: protecting a community or people,defence,,,O
oburo,n,finger millet: a type of plant grown in tropical countries and produces very small seeds,finger millet,,,O
oburo,n,millet bread: prepared out of millet flour that is mingled and is ready for eating,millet bread,,,O
oburo,n,millet garden: a garden where finger millet is planted,millet garden,,,O
oburo-bw'enkombe,n,a plant with compound leaves and small fruits,,,,O
oburofa,n,dirt,,,,O
oburogo,n,charm: magic power,charm,,,O
oburomborombo,adj,"fuss, complaints: to make fuss over anything; to complain about small details","fuss, complaints",,,O
oburondo,n,a type of mushrooms,,,,O
oburondogozi,n,insenity,,,,O
oburondogozi,n,moral decay,,,,O
oburooro,n,chicken fleas: small jumping insects without wings that feed on the blood of birds especially chicken,chicken fleas,,,O
oburugo,n,source or origin,,,,O
oburugwa-izooba,n,East: direction from which the sun rises,East,Kenya eri oburugwa-izooba bwa Uganda.,Kenya is in the east of Uganda.,O
oburuhe,n,fatigue: the state of being tired or worn out,fatigue,,,O
oburuhuukiro,n,a resting place,,,,O
oburumba,adv,used to describe how big something/someone is,,,,O
oburungi,n,goodness,,,,O
obururuma,n,water falls: steep inclines in the river course that causes water to fall at a height,water falls,,,O
oburwaire,n,sickness,,,,O
oburwani,n,tendency of fighting,,,,O
oburyambuzi,n,moustache: a line of hair that a man grows on the upper lip,moustache,,,O
oburyancebebe,n,small insects red in colour that eat white ants,,,,O
oburyane,n,conflicts and intrigues within a party,,,,O
oburyangatanisa,n,embezzlement: the fraudelent use of funds,embezzlement,Oburyangatanisa niburemesa entunguuka.,Embezzlement retards development.,O
oburyarya,n,"deceit, dishonest: behaviour that is intended to make somebody believe something that is wrong","deceit, dishonest",James aine oburyarya.,James is full of mistrust.,O
oburyo,n,usefulness: being helpful in a given activity,usefulness,,,O
obusaasi,n,pain: physical suffering or discomfort caused by illness or injury,pain,,,O
obusaasingo,n,"particles, fragments, or rubbish",,,,O
obusasangira,,,,,,O
obuseeri,adv,across,,,,O
obuseetura,n,local beer made out of banana juice mixed with millet flour,,,,O
obusenzi,n,stupidity: dullness of mind,stupidity,,,O
obusere,n,charm: powdered charm given to to a man by a woman to win his love,charm,,,O
obushaagure,n,"menopause: the period when a woman ceases to go into menstruation periods, and cannot give birth",menopause,,,O
obushaakure,n,a disease associated with menopause that causes blisters on the legs and feet among women,,,,O
obushaariizi,n,bitterness,,,,O
obushagiki,n,support: giving someone or a candidate your mandate,support,,,O
obushaho,n,doctor: the profession of treating an ailment,doctor,,,O
obushahuzi,n,looting: the act of hacking or grabbing anything tangible,looting,,,O
obushaija,n,manhood: male sexual organs,manhood,,,O
obushakurukye,n,curdled milk: milk that has stayed for long and has become sour,curdled milk,,,O
obushambani,n,fornication: to have sex with someone you are not married too,fornication,,,O
obushanjagure,n,"scars obtained from fighting using spears, where a person is pierced with a spear several times",,,,O
obushanshabari,n,,,,,O
obushaza,n,,,,,O
obushazi,n,madness: the state of being insane,madness,,,O
obusheeshe,n,morning,,,,O
obushegu,n,venom,,Encwera eine obushegu bw'amaani.,A cobra has deadly venom.,O
obushekyere,n,millet: millet planted on land that has not been tilled before,millet,,,O
obushema,n,igonarance: limited knowledge about something,igonarance,,,O
obushenda-bagyenyin,n,high cheek bornes: two bones at the top of the cheeks just below the eye and towards the ear,high cheek bornes,,,O
obushera,n,porridge: the mixture of millet and other cereals with hot or cold water,porridge,,,O
obushezya-migyere,n,behaviour where one likes to lament and cry,,,,O
obushoberwa,n,a situation where one cannot facilitate oneself with the basic needs of life such as food and clothes,,,,O
obushoboorozi,n,authority or power: having power,authority or power,,,O
obushomankuzi,n,the act of being corrupt and having fraudulent behaviour.,,,,O
obushomesa,n,the teaching profession.,,,,O
obushomesa,n,religious leadership.,,,,O
obushongokye,n,enlightened though tutelage.,,,,O
obushugaane,n,possessing virginity.,,,,O
obushuma,n,theft: the crime of stealing.,theft,,,O
obushuma,n,being mean: a situation of not giving out one's things to people even if they are in need.,being mean,,,O
obushuuriita,n,threads which have come out of a piece of cloth and are hanging.,,,,O
obushuuru,n,"tribute: a gift that is intended to show gratitute, respect or admiration.",tribute,,,O
obushwere,n,marriage: the legal relationship between a husband and wife.,marriage,,,O
obusibuko,n,origin: one's ancenstry.,origin,,,O
obusinde,n,small tills: Pieces of cultivated land as one prepares land for crops to be planted.,small tills,,,O
obusindura,n,beads usually blue in colour.,,,,O
obusinguzi,n,success or victory: a state of prosperity or fame.,success or victory,Ninkwendeza obusinguzi.,I wish you success.,O
obusingye,n,peace: a state of calm or rest without any problem.,peace,Abantu baine obusingye.,People have peace.,O
obusingye,n,a situation in which there is no war between countries or groups of people.,,,,O
obusinzi,n,habitual intoxication: prolonged and excessive intake of alcoholic drinks leading to a breakdown in health and an addiction to alcohol such that abrupt deprivation leads to severe withdrawal symptoms.,habitual intoxication,,,O
obusiri,n,hook worms: long thin creatures that live in the intestines of humans and other animals which can cause disease.,hook worms,,,O
obusiru,n,stupidity: inability to understand or to learn from experience.,stupidity,,,O
obusito,n,young pregnancy of a heifer or cow.,,,,O
obuso,n,forehead. the part of the face above the eyebrows and the normal hair line.,,,,O
obusukusuku,n,edible mushrooms that tends to grow singly in banana plantations.,,,,O
obusuzi,n,bed bugs: these are small blood sucking bugs that infests especially beds and feeds on human blood.,bed bugs,,,O
obusya,n,newness: the quality of being new.,newness,,,O
obuta,n,an instrument used to shoot arrows.,,,,O
obutaahi,n,neighbourliness: a sorrounding or nearby area.,neighbourliness,,,O
obutaahiro,n,entrance: something that provides access (to get in or get out).,entrance,,,O
obutaaho,n,shelter or dwelling place.,,,,O
obutaanyi,n,indecent play of young girls.,,,,O
obutaanyure,n,trachoma.,,,,O
obutaara,adj,used to mean very big.,,,,O
obutagatsi,n,warmth: the quality of being warm.,warmth,,,O
obutahurira,n,being obstinate and stubborn: refusal to obey rules.,being obstinate and stubborn,,,O
obutahurira,n,deafness: lacking the power of hearing or impaired hearing.,deafness,,,O
obutaijuka,n,failure to remeber.,,Obutaijuka bwawe nabwo butukabize.,We are tired of your failure to remember.,O
obutaitsya,adj,hard working: to work very hard without giving yourself a break.,hard working,,,O
obutaka,n,"to be on the ground, usually used in a fight, wrestling or slides.",,Mutamba akakiriza Bwengye yaamuta obutaka.,Mutamba lifted Bwengye and put him down on the ground.,O
obutakura,n,retarded growth: failure to grow.,retarded growth,Obutakura bwa Jacinta butumire omurumuna yaamukira.,Jacita's sister has grown faster than her because Jacita has a stanted growth.,O
obutamanya,n,ignorance: lack of knowledge or information about something.,ignorance,Bakamwiba ahabw'obutamanya bwe.,They cheated him because of his ignorance.,O
obutami,n,"weaving fibres or materials used to make baskets, usually from papyrus reeds.",,,,O
obutare,n,iron ore: a rock containing iron.,iron ore,Omuri Karamoja nibatimbayo obutare.,They mine iron ore in Karamoja.,O
obutariza,n,"bracelets: ornamental bands, hoop, or chains worn in the waist or arm.",bracelets,Muhara wa Muhumuza ajwire obutariza aha mukono.,Muhumuza's daughter is wearing bracelets on the arm.,O
obutatiina,n,fearlessness: a quality of spirit that enables you to face danger or pain without showing fear.,fearlessness,Obutatiina bukamureetera kwita ekicuncu.,His braveness led him to kill a lion.,O
obutatiina,n,failure to respect.,,Obutatiina bazaire be kikamureetera kubingwa omu kika.,His lack of respect for his parents led him to being disowned from the clan.,O
obutatsi,n,espionage: the act of monitoring or spying on someone.,espionage,,,O
obuteebaasa,n,the state of being unable to do something on your own or inability to fend for oneself.,,Obuteebaasa n'endwara.,Inability is a disease.,O
obuteegi,n,,,,,O
obuteeka,n,orderlineess: a condition of regular or proper arrangement.,orderlineess,,,O
obuteera-kishaka,n,money given to someone who has looked for herbs in the bush in search of medicine.,,,,O
obuteerante,n,a grass specie: this grass is tall and is used to make brooms.,,,,O
obutega-maisho,n,a condition where one waits to be provided and looked after.,,Okumanyiira obutega-maisho ishe ku yaafiire owaabaire amuha yaabonabona.,"His habit of waiting to be provided brought him misery after his father's death, who used to provide for him.",O
obutegyeki,n,governance: the act of governing; exercising authority.,governance,,,O
obutegyeki,n,regime.,,Akafa omu butegyeki bw'Amin.,He died during Amin's regime.,O
obutembwe,n,sores that appear on the throat as a result of an infection.,,Akarwara obutembwe bwamuremesa kurya.,She could not eat because she has sores on the throat.,O
obutemu,n,murder: the unlawful premeditated killing of one human being by another.,murder,Obutemu bukanyire omu ndembo.,There is increased murder in towns.,O
obutere,n,sores that appear in the mouth due to an infection.,,Obutere bwanzibira okurya.,Sores in the mouth have stopped me from eating.,O
obuterezi,n,a slippery ground especially when it rains.,,,,O
obuteta,n,a state of speech impairment caused by sickness or abnormality at birth.,,Mugisha ebi arikugamba tibikayetegyerezibwa ahabw'obuteta.,You cannot understand what Mugisha says because of his speech impairment.,O
obutetsi,n,pampering: a state of being spoilt out of having been attended so much in early childhood.,pampering,,,O
obutiini,n,fear or cowardice: a state of being a coward.,fear or cowardice,,,O
obutiiti,n,small round beads with a hole inside that are put on a thread and worn by women in the waist.,,,,O
obutingwa,n,sodomy/homosexuality: having sexual intercourse with a person of the same sex.,sodomy/homosexuality,,,O
obutingwa,adv,being promiscuous: having many sexual partners.,being promiscuous,Omukazi ogu aine obutingwa.,This woman is promiscuous.,O
obutirigye,n,it refers to the style of hair dressing.,,,,O
obutirima,n,the bubbles the baby makes in its language development.,,,,O
obutiti,n,coldness: having a lower than usual temperature. This weather is very cold.,coldness,Obwire obu n'obw'obutiti.,,O
obutitizi,n,feeling coldness: the sensation produced by low temperatures.,feeling coldness,Kigezi hariyo obutitizi bw'amaani omu kasheshe kare.,Kigezi is always very cold early in the morning.,O
obuto,n,youth: the time of life between childhood and maturity.,youth,Omu buto bweitu tukaba nituriisa embuzi.,During our youth we used to graze goats.,O
obutoigo,n,millet sowing time.,,,,O
obutojo,n,chickenpox: a disease that attacks children with a mild fever and a lot of red spots or rash on the skin.,chickenpox,,,O
obutoko,n,porridge from sorghum that is cold at the time of drinking it.,,,,O
obutonaatone,n,dots: small round marks especially when printed on a cloth or paper.,dots,Omu kiteeteeyi kyangye harimu obutonaatone.,There are dots in my dress.,O
obutondagiriro,n,a big piece of wood put across the rivers so that people can cross from one side to the other.,,,,O
obutondogozi,n,"features abnormality: or charasteristics in a person's body or behaviour that is not usual and may be harmful, worrying or cause illness.",features abnormality,obutondogozi bw'omwana tibukumwikiriza kushoma.,a childs abnormality can not allow him or her to study.,O
obutone,n,,,,,O
obutongore,n,doing something officially.,,Yaamwanjura omu butongore.,He was introduced officially.,O
obutooka,n,period of germination.,,,,O
obutooro,n,"the way out of a situation, problem.",,Akaita omuntu mbwenu hati taine butooro.,He killed a person now he does not have where to go for hiding.,O
obutoosha,adv,always: at all times.,always,Naaza aha ishomero obutoosha.,She always goes to school.,O
obutoroogo,n,prematurely born foetus or children.,,Nakira kuzara obutoroogo.,She usually produces premature children.,O
obutsigazi,n,the state of being a youth in male humans.,,,,O
obutunda,n,passion fruits: fruits used for making juice.,passion fruits,,,O
obutunda,n,passion fruit plants.,,,,O
obutungi,n,wealth.,,,,O
obutunguru,n,onions.,,,,O
obuturukiro,n,the place or moment when something appears and becomes visible.,,Obuturukiro bwe tiburikumanywa gye.,His origins are not well known.,O
obuturuturu,n,dawn: very early in the morning at around 6 a.m.,dawn,,,O
obutuuku,n,pumpkins: young ог immature pumpkins.,pumpkins,,,O
obutuura,n,settlement: a place where people live.,settlement,,,O
obutuzi,n,"edible fungi that grow on antihills, are white in colour and have small short stems",mushrooms,,,O
obutwa,n,a substance that causes harm or death if it is swallowed or absorbed in the body,poison,,,O
obutware,n,a system of government in place at a particular time in a defined territory,,,,O
obutwariro,n,a box or anything in which something can be stored or transported,container,,,O
obutwire,adv,an indefinate period of time,,Bakaija kutuura aha obutwire.,They came to live here forever.,O
obutwire,adv,often times,,,,O
obuyonjo,n,the condition of being without dirt,,Aha muheru gwa taamu mukuru w'eishomero akagaba ebirabo by'obuyonjo.,At the end of the term the headmaster gave out presents for cleanliness.,O
obuyoobe,n,small groups,,Ogwo mwishiki aine obuyoobe bwingi.,This girl has many small groups.,O
obuyungiro,n,a point where different things have been joined together,,,,O
obuzaahe,n,the state and period of being in exile,,,,O
obuzaana,n,the condition and period of being a slave,,,,O
obuzaare,n,the way a person is related to another in the family or clan,kinship,,,O
obuzaariranwa,n,inheritability,an inborn quality or trait,,,O
obuzaarwa,n,the place where a person was born,place of birth,Obuzaarwa bwangye ni Kanungu.,My place of birth is Kanungu.,O
obuzahambuki,n,acting as a rogoue,,,,O
obuzaire,n,the state of being a parent,parenthood,Aine emirimo y'obuzaire mingi.,She has many responsibilities of parenthood.,O
obuzibira,n,a plant that has small leaves and it has medicinal properties,,,,O
obuzigu,n,enmity,enmity,Ogu mwana aretsireho obuzigu omuka yaitu.,This child has caused enmity in our family.,O
obuzimba,n,being swollen,,Akahendeka okuguru obuzimba bwahika omu kuju.,She broke her leg and it swell up to the knee.,O
obuzimya-kwezi,n,eclipse of the moon,,Nyomwebazo habaireho obuzimya-kwezi.,Yesterday there was an eclipse of the moon.,O
obuzinio,n,bones showing below hips,,Omshuma bamuteire eisasi omu buzinio yahutaara.,Te thief was shot below the hips and he got injured.,O
obuzinzi,n,violent behaviour intended to hurt or kill someone,bandity,Beetegwire kukora obuzinzi aha muntu weena oraabahemure.,They are ready to do violence to anyone who stands in their way.,O
obuzire,n,"useless, hopeless, rubbish or devastating things",,,,O
obuzo,n,a place of refuge,,Bakamubinga omuka yabura obuzo.,She was chased away from home and she failed to get where to take refuge.,O
obwabe,n,pain that is felt in the head,headache,,,O
obwagi,n,the condition in which one is in serious need of help without which one may not survive,desparate need,John agira obwagi bw'ebyokurya haihi buri mwaka.,John is always in desparate need for food almost every year.,O
obwagimba,n,sorghum covers,,,,O
obwahati,adv,presently,currently,obwahati nyine omurimo ogu ndakora.,Currently I have a job I am doing.,O
obwajaaba,adj,plenty or ample amount of something,,Embaga yangye ekaba erimu obwajaaba bw'ebyokurya.,My party had plenty of food.,O
obw'akanwa,n,an infection of the mouth with sores that often affect young children,,Omwana we arwaire obwakanwa.,His child has a sore infection in the mouth.,O
obwaku,n,the sound that is reflected or repeated after the original one has stopped,echo,Nimpurira obwaku bw'enyondo omu kibira.,I am hearing the hammering echo in the forest.,O
obwamanga,n,an alarm that is made to scare birds,,,,O
obwamaraaya,n,the habit of sleeping with different sexual partners for money,prostitution,Obwamaraaya bwe naabukorera omu rurembo.,She practices prostitution in town.,O
obwambari,n,state of being of mixed parentage between subgroups in Ankole,,,,O
obwambari,n,service offered in the palace,,,,O
obwambere,adv,long ago,,Obwambere abakazi bakaba batarya enkoko.,Long time ago women were not supposed to eat chicken.,O
obwambizo,n,material things that are given to the people in need as aid or help,,John akaha obwambizo bwa burangiti ikumi abantu b'omu nkambi y'empungi.,John gave out ten blankets to the people living in refugee camps.,O
obwambure,n,"a feeling of emptiness or lack e.g. when one feels the lack of something he or she is used to, like a watch",,Eshaaha yangye bagiibire nimpurira obwambure.,they stole my watch I feel my arm is empty.,O
obwami,n,the state of being a leader of a group of people,chieftainship,Akarya obwami akiri muto.,He became a chief when he was young.,O
obwamushinja,n,evidence for prosecution,,Nyine obwamushinja ngu niwe ayibire ekitookye kya ishe.,I have evidence that he is the one stole his father's bunch of banana.,O
obwana,n,a state of being young,childhood,,,O
obwancooni,n,underdeveloped banana fingers at the bottom of a bunch of banana,,,,O
obwanda,n,place used for brewing sorghum beer,,Mwana we booneza obwanda obwo tuteekye.,You clean the fire place so that we can use it to cook.,O
obwanga,n,tobbacco tar,nicotine,Enyungu yeye yokuresa eyijwiremu obwanga.,His smoking pipe is full of nicotine.,O
obwangacuucu,n,small oblong shaped beads,,,,O
obwangane,n,a feel of dislike between people,mutual hatred,Obwangane bwaba bantu burengaine.,The hatred between these people is too much.,O
obwangu,adv,haste,haste,Baamutuma amaizi omu bwangu.,They have sent her to bring water quickly.,O
obwanjurane,n,millet which you remove from the grinding stone before you finish grinding,,,,O
obwarikye,n,water that is being boiled for mingling millet,,Reeta esano yoburo obwarikye bwahiire.,"Bring millet flour, water for mingling is ready.",O
obwarire,n,grass for carpeting spread on the ground inside the house,,Obwarire bw'enju yaawe buboniire.,The grass that is spread in your house looks nice.,O
obwaruura,n,muscles with a thin layer that holds the intestines of animals in their position in the stomach,,John yaagura obwaruura bw'ente aha katare.,John has bought the muscles that hold intestines of cows from the butchery.,O
obwase,n,vaginal tears suffered by a mother during childbirth,,,,O
obwase,n,split pieces of wood,,Mureete obwase tuhembe omuriro.,Bring split pieces of wood so that we make fire.,O
obwasiisi,n,an extra amount of money that is added to a payment,bonus,,,O
obwasiisi,n,anything pleasant that is given as an extra after buying something,,,,O
obwasimba,n,a tool with a wooden handle and a heavy metal blade for chopping wood,axe,Taata akantuma obwasimba kukonda omuti.,My father sent me for an axe to cut down a tree.,O
obwasingo,n,cow dung that is dry and crushed into very small particles,household refuse,Mugyende mweyerere obwasingo omu rugo.,Go and sweep the dry crushed cowdung from the kraal.,O
obwatamatako,n,firstborn child,,,,O
obwate,n,,,,,O
obwatika,n,special crack or opening; in the surface of something,,,,O
obwato,n,a trough for animals to feed or drink from,,Ente niinywa amaizi aha bwato.,The cattle are drinking water from the trough.,O
obwato,n,boat: a small vessel used for travelling on water,,Obwato bugwire omu nyanja abantu boona bafa.,The boat sunk into the lake and all the people died.,O
obwato,n,a wooden structure in which banana fruits are pressed with feet to extract juice,,Obwato bugwire omu nyanja abantu boona bafa.,The boat sunk into the lake and all the people died.,O
obwatumba,adj,something very huge,,Yaatuha obwatumba bw'ekitookye.,He has given us a very huge banana.,O
obwebembezi,n,the status or position of a leader,leadership,Obwebembezi bwe ni bubi.,His leadership is bad.,O
obwecooki,n,being extremely neat and organised; self appraisal,,,,O
obwecumi,n,smartness or cleanliness,,,,O
obwecurengi,n,the quality of being a hardworking person,,Bakamuha ekirabo ahab'obwecurengi.,He was given a present because of being hard working.,O
obwecuriko,n,a place to lay one's head,a resting place,,,O
obwegamo,n,a structure that provides protection from rain,shelter,Abantu bakaraba aho enjura erikugwa twabeeta ngu tubahe obwegamo.,We provided shelter for them because they were moving in the rain.,O
obwegande,n,the state of being hesitant or lazy,laziness,,,O
obwegyeme,adj,an act done by forcing forcing,,Omu rurembo naazayo omu bwegyeme.,I forced myself to go to town.,O
obwegyendesereza,n,doing something while paying attention to detail,care,Oije n'obwegyendesereza embwa zitakurya.,Be careful when you are coming dogs might bite you.,O
obwehatiko,n,any place where one can hide or force oneself,,Obwehatiko bwe babunjumbwire.,His hinding place has been discovered.,O
obwehigiro,n,tiny place where to turn,,Omshomo gw'aha paasika abantu bakaijura haabura obwehigiro.,The Easter service had so many people that there was no single space left.,O
obweishemwe,n,brotherhood,brotherhood,,,O
obwekanasi,n,"a state of being sulky, worried or agitated",peevishness,,,O
obwekorerero,n,a crown of the head,a crown of the head,Yaayegura,,O
obwekoro,,,,enyungu aha bwekorerero.,He has carried the pot on the crown of the head.,O
obwekoro,n,being able to do something to sustain oneself without other people's help.,,,,O
obwekuumo,n,food of a ruminant regurgitated to be chewed again.,cud,,,O
obwemi,n,the measurement from the bottom to the top of a person or thing.,height,Ngambira obwemi bwawe.,Tell me your height.,O
obwengura,n,very bitter local beer made from yellow bananas.,,Omu baara ye ainemu amaarwa g'obwengura gonka.,He has only bitter beer in his bar.,O
obwengye,n,wisdom or intelligence.,knowledge,Omwana ogu aine obwengye bwingi.,This child is very knowledgable.,O
obwengye,n,,,,,O
obwereere,n,the state of being a child.,infancy,,,O
obwerinzi,n,security or defence.,,Abashuma baibire ebintu byaitu ahabw'okugira obwerinzi bubi omuka.,The thieves stole our property because of having bad security.,O
obwesigye,n,having too much faith in someone or something.,confidence,,,O
obweteeka,adj,few cows; not a big herd.,,,,O
obweteeka,adj,(of homes) small scattered homesteads.,,,,O
obwetunukye,n,putting a lot of energy into doing something.,determination,Omurimo ogu naagukora n'obwetunukye.,I have done this job with a lot of energy.,O
obwezigooro,n,a road junction at which traffic streams circularly around a central island.,round about,Tubuganire aha bwezigooro omu mwebazyo.,We met at the round about in the evening.,O
obweziriki,n,quality of spirit that enables you to face danger or pain without showing fear.,courage,,,O
obwezirikiro,n,the part of the human trunk between the bottom of the rib cage and the pelvis.,,,,O
obwibi,n,the act of taking something from someone unlawfully.,theft,Bakamukoma ahabw'obwibi.,He was imprisoned because of theft.,O
obwigiranju,adj,a situation where a man marries the sister of his late wife.,,,,O
obwigura-nda,n,the firstborn child.,,Obwigura-nda bwangye n'omwishiki.,My first born child is a girl.,O
obwiguuga,adj,something that is very heavy.,,"Emotoka ku yaayangire kugyenda, twagisindika kwonka ekaba eri obwiguuga.","When the car failed to start, we pushed it but it was very heavy.",O
obwihirire,n,something that happens accidentally or unexpectedly.,mishap,,,O
obwijagashe,n,millet grown especially around April when the actual season should be in August.,,,,O
obwijukuru,n,the kinship relation between an individual and the individual's progenitors.,ancenstry,Obwijukuru bw'eka yaitu bugumire okukuratira.,The ancestry of our family is hard to trace.,O
obwijuranda,n,a state when the food is not properly digested.,indigestion,Omwana wangye obwijuranda bumubaire kubi ninyenda kumutwara omu irwariro.,My child has constipation and I would like to take her to the hospital.,O
obwijura-nju,n,marrying a sister of the late wife.,,,,O
obwijwire,n,in full.,,John atuhaire amakuru omu bwijwire.,John gave us the news in its fulness.,O
obwijwire,n,in detail.,,John atuhaire amakuru omu bwijwire.,John gave us the news in its fulness.,O
obwimba,n,friendship that is not genuine.,supericial relationship,,,O
obwimi,adj,the quality of being deliberately mean.,meanness,Obwimi bwe butumire yaaferwa ebintu bingi.,His meanness cost him a lot of things.,O
obwina,n,small openings.,,Nyine obwina omu maino gangye.,I have small holes in my teeth.,O
obwina,n,small holes in the surface of the road that is formed by bad weather or traffic.,,Orukuuto rurikuza owaitu rurimu obwina.,The road which goes to our home has potholes.,O
obwinazi,n,a strong feeling of hatred or ill will.,malice,Obwinazi bwe nibwo butumire abantu baingi bamwanga.,His malicious acts made him to be hated by many people.,O
obwingi,n,the quantity of something.,,Tukiine obwire bwingi twaza kuhikayo.,We still have plenty of time to get there.,O
obwira,n,being in a hurry.,haste,,,O
obwira-kabiri,n,eclipse of the sun.,,Kwiha azaarwa takabonaga bwira-kabiri.,"Ever since he was born, he has never seen the eclipse.",O
obwire,n,a period of time.,,"Obwire ku bugumire nibuhwaho kandi hatariho amakuru goona, twayeyongyera kweraarikirira.","As time passed and there was still no news, we got more worried.",O
obwiririmba,n,time when dark grey clouds bearing rain appear.,cloud overcast,,,O
obwiriza,n,grass used to cover the house.,thatch,Akaiba omuhoro yagushereka omu bwiriza.,Не stole a knife and hid it in the roof.,O
obwiru,n,state of subjection to an owner or master; forced labour imposed as punishment.,servitude,Obworo nibwo bumureteire obwiru.,Poverty is the cause of his servitude.,O
obwirukiro,n,a place to run to for help or protection.,refuge,,,O
obwirungu,n,places of worship hallowed by association with some sacred thing or person.,shrines,Bashwenkuru-itwe bakaba baramya zanyabingi omu bwirungu.,Our forefathers used to worship small gods in shrines.,O
obwishiki,n,the time between childhood and womanhood.,girlhood,Omu obwishiki bwe akaba ari mirungi.,In her girlhood she was beautiful.,O
obwisho-bw'enjoki,n,small cereals in the millet finger that have not yet matured.,,,,O
obwitane,n,intense mutual hatred.,,,,O
obwitizo,n,grass for smoking milk pots.,,,,O
obwitsi,n,the habit of killing people.,murder,,,O
obwitumba,adj,the state of being big and heavy.,,,,O
obwo,adv,then.,,Ndaija obwo.,I will come then.,O
obwo,pron,"those, that.",,Twara obwo bwana bw'enkoko.,Take those little chicks.,O
obwo,conj,yet; inspite of that; at the same time.,,Naakunda kurahura abandi kandi obwo ari omunyabwoba.,He likes to provoke others yet he is a coward.,O
obwoba,n,an emotion experienced in anticipation of some specific pain or danger (usually accompanied by a desire to flee or fight).,fear,Akaba naatetema n'obwoba ahanyima y'enju kusya.,He was shaking with fear after the house got burnt.,O
obwogi,adj,sharpness of the edge of a blade.,,Akakozesa omusyo gwine obwogi kuhaata ebitookye.,She used a sharp knife to peel matoke.,O
obwogo,n,anguish.,,,,O
obwoki,n,a sweet yellowish-brown liquid produced by bees.,honey,Naarya obwoki bwingi bwandiisa omunda.,I have taken too much honey and it has made my stomach ache.,O
obwombeki,n,the building profession.,,Omwoga gwe n'obwombeki.,His profession is building.,O
obwomooma,n,utter dryness or thirst.,,,,O
obwomukanwa,n,,,,,O
obwongo,n,,,,,O
obwonko,n,that part of the central nervous system that includes all the higher nervous centres; enclosed within the skull; continuous with the spinal cord.,brain,,,O
obwonko,n,mental ability.,,,,O
obwonyo-bw'embuzi,n,,,,,O
obworere,n,boiled bananas or Irish potatoes seasoned only with salt.,,,,O
obworo,n,the state of not having wealth.,poverty,"Abantu baingi omu kyaro eki baine obworo,",Many people in this village are living in poverty.,O
obworo,n,inactivity resulting from a dislike of work.,laziness,"Ahabw'obworo obu nyine, tindikuza omu musiri eriizooba.","Because of the laziness that I have, I will not go to the garden today.",O
obworozi,n,the responsibility of a guardian or keeper.,guardianship,Ogu mwana akakurira omu bworozi bwa ishento.,This child grew up under the guardianship of her uncle.,O
obwoshe,n,ring on the arm or neck.,an ornament or bracelet,,,O
obwoshe,n,hair from an animal's tail used for decoration.,,,,O
obwotero,n,place near fire where people sit.,fireplace,Kubakuheza kurya kyakiro baza aha bwotero.,After supper they move to the fire place.,O
ogu,pron,this one.,,Ogu niwe naabaire ninkugambira.,This is the person I was telling you about.,O
ogumeho,int,a word used to say stay well or good bye.,,Twagyenda ogumeho!,"We have gone, stay well!",O
oha,pron,"whom?, who?",,Waaba noogamba oha? Ogu mwana nainga oriya?,Whom ere you talking about? This child or the other one?,O
okubaaga,v,to slaughter: to kill animals especially for food.,to slaughter,,,O
okubaaga,v,surgery: to perform a surgical operation.,surgery,,,O
okubaasa,v,to be able; to manage.,,Ninza kubaasa kwija aha saabiiti.,I will be able to come on sunday.,O
okubaasika,v,to be possible.,,Tindikumanya yaaba nikiza kubaasika eshaaha egi kugaruka kukora.,I do not know whether it is going to be possible for this watch to work again.,O
okubaata,v,to press down the feet like a duck while walking.,to wade,,,O
okubaatiika,v,to press wholesomely especially the feet.,,,,O
okubaatiika,v,to stick or sew something onto another.,,Yaareeta amasha yaagabaatiika aha kisiika kyangye.,He brought cowdung and stuck it on my wall.,O
okubaba,v,to cause skin irritation.,to sting,,,O
okubabiirira,n,to roast or dry something by igniting dry banana leaves on top of it.,,,,O
okubabiirira,n,to warm the ditch for ripening bananas by igniting dry banana leaves.,,,,O
okubabiirira,n,"to put black marks (usually) on a walking stick, calabash, etc, for decorative purposes.",,,,O
okubabura,v,to burn off hairs or to blacken the surface by burning,singe,,,O
okubaga,v,to construct a framework,,,,O
okubagana,v,to share something between two or more people,,Abaana ku baahikire aha ishomero baabagana esente ezi ishe yaabahaire.,When the children reached at school they shared the money their father gave them.,O
okubaganisa,v,to separate,,,,O
okubaganisamu,v,to seperate people who are in the same group with common objectives by making them form splinter groups from the original one,,Okubaganisamu nikuremesa entunguuka.,Division brings about underdevelopment.,O
okubaganuka,v,to split; to develop a crack,,Ekisiika ky'ekiyungu kyaitu nikiza kubaganuka ahabw'enjura kugwa nyingi.,The wall of our kitchen is going to crack because of too much rain.,O
okubagara,v,to clear unwanted plants from the garden,weed,Tukakozesa efuka kubagara omu rutookye.,We used hoes to weed the banana plantation.,O
okubaija,v,to do carpentry; the work of making or repairing wooden objects,,,,O
okubaija,v,,,,,O
okubaka,v,to catch something mid-air,,,The girl failed to catch the ball when they were in the netball competitions.,O
okubaka,v,to get pregnant,conceive,,,O
okubakira,v,(of food) to get burnt after water has dried up in the process of cooking,,Ebyokurya bakabiteeka munonga byabakira.,Food was cooked for a long time and it got burnt.,O
okubakuka,v,to be swift,hasten,,,O
okubakura,v,to grab quickly,snatch,Maama yaaba naayenda kubakura ebaruha yangye kwonka nairuka.,My mother wanted to snatch my letter but I ran away.,O
okubamba,v,to kill someone by nailing him or her on the cross,crucify,,,O
okubamba,v,to peg out (e.g. a hide),,,,O
okubambaara,v,to be mad,,Bakamuteera yaahika aha kubambaara.,She was beaten to the extent of running mad.,O
okubambaaza,v,to stiffen,,,,O
okubambaitura,v,to lift with haste,,Akabibambaitura omurundi gumwe.,He picked them at once.,O
okubambarika,v,to flatter,,,,O
okubambarika,v,to cover using something that is too small to fit on the thing being covered,,,,O
okubambatika,v,to patch something onto another,,,,O
okubambika,v,to use something for a particular purpose,,,,O
okubambira,v,to stand still,,Okubambira enti z'emiryango.,Stand on the way without moving.,O
okubambura,v,to beat badly or to insult someone,,Ogu omwojo aine omuze gw'okubambura abantu.,This boy has a habit of abusing people badly.,O
okubambuura,v,to unpeg,,Muze kubambuura akaju k'entundubaare omu kibuga.,Go and unpeg the tent from the courtyard.,O
okubanda,v,to force a way into something,,Bakabanda orugo.,They forced their way into a fence.,O
okubanda,v,to come unexpectedly,,Okubanda kwe kukatuma yaashanga tutari muka.,Because she came unexpectedly she did not find us at home.,O
okubandaara,v,to calm down; to feel relaxed and less emotional,,Ku yaiziire naahurira omutima gwabandaara.,I felt relaxed when he came.,O
okubandabanda,n,to pass where there is no straight path or road,,Akabandabanda abantu bakaba barihaihi kumuteera.,He passed through the people and they were about to beat him.,O
okubandagira,v,to lose one's way,,,,O
okubandaituka,v,to get up in haste; to stand up at once,,Omugyenyi mukuru ku yaataahiremu abantu boona bakabandatuka.,When the guest of honour entered they all stood up at once.,O
okubandama,v,to collapse,,,,O
okubandama,v,to being duck down or crouch to avoid being seen,,Enkoko ku yaareeba ekihungu yaabandama n'obwana bwayo.,When the hen saw the eagle it ducked down with its chicks.,O
okubandamira,v,to collapse against: the situation where someone falls down against something,,Bakatema omuti gwabandamira enju.,They cut down a tree and it collapsed against the house.,O
okubandikiriza,v,to mop a patient with water using a towel,,,,O
okubandiza,n,to reach before others,come first,Akabandiza abantu boona abaizire aha bugyenyi.,He was the first among the people who attended the party.,O
okubandura,v,to strike hard,,,,O
okubanduura,v,to save something from harm or danger,salvage,,,O
okubanduuza,v,to produce sound when one is are moving in a bushy place for example when one is moving in dry banana leaves in a plantation,,,,O
okubanga,v,to wave an object or weapon around one's hand so that other people can see,brandish,,,O
okubanga,v,to cut and create an artificial gap between the two front upper teeth,,,,O
okubanganisa,v,to think that something is unlikely оr uncertain,doubt,Tarabanganiise ahabw'ebintu ebi yaamukoreire.,He did not doubt because of the things he did for him.,O
okubangira,v,to help or support; to give physical or moral or financial support,,Bwanamukuru ashabire Abakirisitu okubangira Ekereziya omu myoga yayo.,The parish priest requested the Catholics to support the church in its activities.,O
okubanguka,v,to graduate in a profession or master a skill,,,,O
okubangura,v,to successfully train someone,,,,O
okubanguuza,v,to do something in a hurry,,,,O
okubanguuza,v,to stretch one's hand to beat but in the process change one's mind,abort a blow,,,O
okubanjura,v,to plough big clods of soil using a hoe,,,,O
okubanza,n,to be first,begin,Omu kubanza Ruhanga akahanga eiguru n'ensi.,In the beginning God created heaven and earth.,O
okubanza,n,to do something first before doing something else,,,,O
okubara,v,to count,,,,O
okubara,n,a science (or group of related sciences) dealing with the logic of quantity and shape and arrangement,mathematics,,,O
okubarabaisa,v,to soothe a cow's teats before milking in order to have it relaxed and let down freely,massage,,,O
okubaragura,v,to crack with intent,pop,,,O
okubaragurika,v,the hissing or pop sound that is produced when things are being burnt,pop up,,,O
okubaranganya,v,to start getting grey hair; to go grey,,,,O
okubarashuka,v,to suddenly come off the hook; to shoot abruptly,,,,O
okubariirira,v,"to form an idea of the cost, size, value, etc. of someone but without calculating exactly",estimate,,,O
okubaruka,v,to break open especially due to pressure from inside,burst,,,O
okubarura,v,to make something burst loudly and violently,,,,O
okubasha,v,to get something wholesomely,catch,,,O
okubashura,v,to hit something loudly with the palm of the hand,slap,,,O
okubatama,v,to slump any how,,,,O
okubatika,v,to plant seedlings,,,,O
okubatiza,v,to give someone a name out in church,baptise,,,O
okubatuka,v,to be scorched or scalded,,,,O
okubatuka,v,,,,,O
okubatuka,v,to stand up quickly,,,,O
okubatura,v,to be very hot,,,,O
okubatuura,v,the act of moving one plant from one place to another,transplanting,,,O
okubayuura,v,"to remove fat, cream impurities etc from the surface of a liquid",,Atakatahire amaizi akabanza yabayuuraho ebyabaire biri aha mutwe.,"Before fetching water, he first skimmed all the particles from the water.",O
okubaza,v,to do multiplication,,Ku orikubaza eibiri omuri eibiri noihamu ina.,If you multiply two by two you get four.,O
okubaza,v,to speak,talk,Iwe mwana we okabaza ota.,You are so talkative.,O
okubaziira,v,to use a needle and thread to make stitches in a piece of cloth,sew,,,O
okubeebeesa,v,to make a person who has been upset calm or quiet,soothe,,,O
okubeeherera,v,to deliberately accuse falsely: to slander,,,,O
okubeera,v,to assume someone's responsibility,,,,O
okubega,v,cut and serve food from the main meal,,,,O
okubeguka,v,to break off from something,break apart,,,O
okubegyera,v,to serve or share food with another person,,,,O
okubeiha,v,to say something when you know that it is not true,lie,,,O
okubembekyereza,v,to put something onto another with great care,,,,O
okubendabenda,v,to walk with a stoop,,,,O
okubendegyera,v,to grow very old,,,,O
okubendeka,v,to plant seeds into a nursery,,,,O
okubenga,v,to turn down a prospective fiancée or fiancé,,,,O
okubengura,v,to hit the head on something hard,,,,O
okubengyeya,v,to grow very well and be good looking,to have a good life,,,O
okuberabeza,v,,,,,O
okuberegyeta,v,to chew hard foods like cereals,,,,O
okuberenga,v,to cause glassy objects to fall and turn into pieces,break up,,,O
okuberera,v,to take long to be in calf,,,,O
okubereshera,v,to be healthy and good looking,,,,O
okubereza,v,to eat slowly,relish,,,O
okubeshuka,v,to break something from its mother in a slow manner,break suddenly,,,O
okubiba,v,to sow seeds such as millet,,,,O
okubibuura,v,to plant seeds in the same garden again because previous seeds did not germinate,resow,,,O
okubigiza,v,to threaten to do something,,Omushaija akabigiza kubinga omukazi we.,A man,O
okubiiha,v,to look sickly: to lose weight.,,,,O
okubiihirwa,v,to get annoyed: to become slightly annoyed.,,,,O
okubiihiza,v,to make someone annoyed.,,Nookunda kubiihiza omwojo ogwe.,You like to annoy that boy.,O
okubiika,v,to keep: to put omething under safe custody.,keep,,,O
okubiikura,v,to turn: to turn something especially papers and show a different face.,turn,,,O
okubika,v,to communicate news of someone's death.,,,,O
okubika,v,a cock to crawl.,,,,O
okubikura,v,,,,,O
okubimba,v,"to be disabled: to become unable to use a part of the body completely because of physical condition, illness or injury.",to be disabled,,,O
okubimba,v,to produce froth: the process of producing froth especially by alcoholic drinks.,to produce froth,,,O
okubindigiza,v,to hide: to put or keep something in a place where it cannot be seen.,hide,,,O
okubinga,v,to drive something or someone away or out: the act of chasing away someone or something from the place where it was.,to drive something or someone away or out,,,O
okubinga,v,to expell: the act of sending away an unwanted person from the position or vacancy he or she was holding.,to expell,,,O
okubingirira,v,to go after something or to follow up something of interest.,,,,O
okubingirira,v,to marry a wife but she stays at her father's home and the man keeps going there.,,,,O
okubira,v,to froth: the process through which a liquid that is being boiled brings foam.,to froth,,,O
okubira,v,to boil.,,,,O
okubiraguza,v,to be shiny.,,,,O
okubiriita,v,to be in an unanticipated problem or danger that is not easy to get away from.,,,,O
okubirika,v,to be sodden: cause something to get saturated or soaked with water.,to be sodden,,,O
okubiringita,v,roll: to move something while turning it round.,roll,,,O
okubiririra,v,to froth. turn dark/become sodden especially when cooked with too much water.,,,,O
okubiririra,v,to sodden or saturate with water.,,,,O
okubisha,v,to engage in acts that harm or threaten the existance of others.,,,,O
okubisha,v,,,,,O
okubishukana,v,,,,,O
okubisihara,v,,,,,O
okubisikara,v,to be undercooked; not ready for eating.,,,,O
okubisikara,v,to be raw or not dry.,,,,O
okubisira,v,to offer a welcoming meal to someone.,,,,O
okubituura,v,to sharpen the horns.,,,,O
okubobeeza,v,to steam food (especially matooke) for sometime so as to moisten it and make it sapple.,,,,O
okubogoka,v,to get into the right path.,,,,O
okubogyeka,v,"to slant, tilt or incline.",,,,O
okubogyeka,v,to leave (the door) ajar.,,,,O
okubohera,v,to tie a cow's hind legs when milking it.,,,,O
okubohoorora,v,to untie.,,,,O
okuboigora,v,to bark.,,,,O
okuboijana,v,to work alone when you would need help from another person.,,,,O
okubombooka,v,to get unstuck: to become separeted from something to which something has been fastened.,to get unstuck,,,O
okubombooka,v,to peel off.,,,,O
okubomboora,v,to remove something that is plastered onto another.,,,,O
okubombootera,v,"to put food back on fire (especially steamed, caked matooke) in ordwer to soften it.",,,,O
okubombootera,v,to get re-steamed (of matooke).,,,,O
okubomborekana,v,clatter: sharp sound when two things especially metallic ones rub each other.,clatter,,,O
okubombotsya,v,to help move or carry something gently from one place to another.,,,,O
okubomora,v,to break down the wall or demolish a building.,,,,O
okubona,v,to find something that has got lost or misplaced.,,,,O
okubonabona,v,"to suffer: to feel pain, discomfort, sorrow, etc.",to suffer,,,O
okubonabonesa,v,to treat someone in a cruel way.,,,,O
okubonana,v,to talk to one another secretly.,,,,O
okubonda,v,to be soft.,,,,O
okubondoora,v,to join together and make something.,,,,O
okuboneka,v,to appear (of the moon).,,,,O
okubonekyera,v,to reveal oneself to someone.,,,,O
okubonekyereza,v,to add something on what you have already been given.,,,,O
okubonera,v,to be smart or clean.,,,,O
okubonera,v,"to be beautiful, handsome or attractive.",,,,O
okubonereza,v,to punish.,,,,O
okuboneza,v,to clean and make tidy.,,,,O
okubongoya,v,wobble: be in a position where something is not supported by anyone or anything.,wobble,,,O
okubooga,v,to bring back milk after breast feeding or during breast feeding (of a baby).,,,,O
okuboora,v,to despise.,,,,O
okubooreera,v,to be inactive in all feilds of life.,,,,O
okuborogota,v,to flow with roaring sound.,,,,O
okuborooga,v,yell: to express annoyance or surprise by crying out loud.,yell,,,O
okubota,v,to be soft (said of smashed matooke).,,,,O
okubota,v,prepared together and supplied with water (of mixed food).,,,,O
okubotora,v,to speak openly.,,,,O
okububura,v,to roar especially of lions.,,,,O
okububura,v,to visit someone with a basket full of something (e.g. beans) and when you are going back they also put their something in it e.g. millet.,,,,O
okubuga,v,to finish especially when digging.,,,,O
okubugana,v,to suffer from nestle rush.,,,,O
okubugana,v,to meet someone along the way.,,,,O
okubuganiza,v,to pour milk into a churn.,,,,O
okubugiirira,v,to finish weaving a basket.,,,,O
okubugutana,v,to be disorganised.,,,,O
okubuguuma,v,to form big flames of fire.,,,,O
okubukaara,v,comfort: a state of feeling free from any pain or constraint.,comfort,,,O
okubukaara,v,to be calm and settle in one place.,,,,O
okubumba,v,to shape a soft substance.,,,,O
okubumba,v,to mould a substance into an object (said of a rim of spherical object).,,,,O
okubumbama,v,to become narrower.,,,,O
okubumbatira,v,to gather under the wings as done by birds to their chicks.,,,,O
okubumbatiza,v,to clasp and hold in the hands.,,,,O
okubumbirira,v,stopping water from flowng so that cows can get water for drinking.,,,,O
okubumburika,v,to make round in shape.,,,,O
okubumbuza,v,"to be in bad mood, unhappy or angry.",,,,O
okubumbuza,v,to move in abig group; many people going at once or to run away at once.,,,,O
okubunda,v,to squart especially for dogs.,,,,O
okubundaara,v,to become silent and be with good behaviour.,,,,O
okubundabunda,v,to move while bending.,,,,O
okubundama,v,to bend low.,,,,O
okubundika,v,to put down and make calm especially of dogs..,,,,O
okubunduguza,v,to be pregnant usually of animals.,,,,O
okubunga,v,to born-set someone who has got a fracture using traditional therapy.,,,,O
okubungurura,v,to defecate.,,,,O
okubungururwa,v,standing up of hair on the body due to illness or coldness.,,,,O
okubungwa,v,to be attacked by a weevil.,,,,O
okubungyera,v,to be idle and move up and down without aim.,,,,O
okubungyeza,v,hawk: the situation where traders move from house to house or door to door selling their goods or commodities.,hawk,,,O
okubunuza,v,to be naked.,,,,O
okubunzya,v,to hawk or peddle.,,,,O
okubura,v,to get lost and fail to reach your intended destination.,,,,O
okuburabura,v,to be lost in what one is doing.,,,,O
okuburabura,v,to disappear.,,,,O
okuburaburirwa,v,to be worried or burdened.,,,,O
okuburabuza,v,to confuse.,,,,O
okuburika,v,to disappear for a long time and reappear again.,,,,O
okuburirikana,v,(said of a person) to disappear for a long time.,,,,O
okuburugutana,v,to disorganise: to spoil the organised way somebody is supposed to work.,to disorganise,,,O
okubushuka,v,to go astray or to divert from the main point unknowingly.,,,,O
okubushukana,v,to be uncoordinated or inconsistent with.,,,,O
okubutabuta,v,the situation when an animal is moving slowly after it has eaten a lot or when it is pregnant.,,,,O
okubuura,v,to report.,,,,O
okubuura orutookye,v,to organise a funeral rite done four days after burial of a family head by reporting or introducing the widow to a banana plantation.,,,,O
okubuurira,v,to preach or give a sermon.,,,,O
okubuuririza,v,to investigate or examine.,,,,O
okubuuruura,v,to roll the eyes by an individual.,,,,O
okubuutuura,v,to start to be noticed (of pregnancy).,,,,O
okubuutuura,v,to be with a pregnancy that is just noticeable.,,,,O
okubuutuura,v,to lift a person from one position to another especially when he or she is very sick.,,,,O
okubuuza,v,to ask a question.,,,,O
okubuuzibwa,v,to be asked.,,,,O
okubuuzibwa,v,to sit an examination.,,,,O
okubuya,v,"to writhe in pain due to sickness, pregnancy or weakness.",,,,O
okubuyabuya,v,to loiter: to move here and there undecided or having no direction.,to loiter,,,O
okubuyanga,v,to leave in suspense.,,,,O
okubuza-amaisho,v,to disappear without trace.,,,,O
okubuzabuza,v,"not to be straight forward especially in dealing with people, money matters, etc.",,,,O
okubuzya,v,to spread a message,,,,O
okubwabwana,v,to play around with something,,,,O
okubwagura,v,to give birth to puppies,,,,O
okubwaguza,v,to suck,,,,O
okubwanabwana,v,to be disorganised or not arranged according to a clear plan or system,,,,O
okubwarabwarika,v,to care for something with much attention; to make something tidy and extremely clean,,,,O
okubwatuka,v,to make an explosive sound,,,,O
okubwegabwega,v,to feel distressed by an excessive meal,,,,O
okubweijana,v,to work alone,,,,O
okubweka,v,to close the eyes of a dead person,,,,O
okubwerabwera,v,a state of not being free,to be shy,,,O
okubwerereka,v,to pretend that one has not done something while suspecious that somebody may know it,,,,O
okubweza,v,to expose someone's lies; to bring someone to shame by revealing all his or her lies,,,,O
okubwoijoka,v,to be possessed by spirits,,,,O
okubyama,v,to be in a natural and periodic state of rest during which consciousness of the world is suspended,to sleep,,,O
okubyamirana,v,to lay items over the others,,,,O
okubyamirira,v,to delay in bed,,,,O
okubyamirira,v,keeping firm or obstined contineous over something inspite of the difficult restriction or hardship put to it,to persist,,,O
okubyamisa,v,to put someone or something to sleep,,,,O
okubyamisiriza,v,to comfort or persuade someone especially the baby to sleep,,,,O
okubyara,v,putting seeds or plants into the soil or ground to grow,to plant,,,O
okubyara,v,to plant a door frame or shutter,,,,O
okucaabiika,v,drink rapidly and in large amounts,to gulp,,,O
okucaaka,v,to search a place while looking for something,,,,O
okucaakumba,v,to collect firewood from a place where there is little to get,,,,O
okucaca,v,to cut food especially meat into very small pieces,to slice,,,O
okucakura,v,to take something quickly or roughly,to snatch,,,O
okucakuza,v,to eat very fast with the mouth producing sound in the due process of chewing the food and with the mouth open,,,,O
okucamuka,v,to overheat,,,,O
okucamura,v,to speak ill or to treat scornfully,,,,O
okucanga,v,"to shuffle, for example cards",,,,O
okuceba,v,"to crush of the sauce especially of beans, peas, e.t.c. so that it becomes softer for eating",to mash,,,O
okuceba-entura,phr,to walk bare footed especially on stony roads,,,,O
okucebeeka,v,to become humble,,,,O
okucebeeka,v,to curse a brother who refuses to honour one's requests,,,,O
okuceceka,v,the state of being quiet,to be silent,,,O
okucecemba,v,to cut something into pieces,to slice,,,O
okucecera,v,an act of saying a series of words as magic spell. It is usually done at night by night dancers especially to people they have misunderstandings with,to night dance,,,O
okuceeceeba,v,to make slow paces or movements from one point to another usually of human beings,,,,O
okucenca,v,to suck from the dregs,,,,O
okucencebuka,v,to be torn to shreds,,,,O
okucencemuka,v,to laugh in an excited and uncontrolled way,,,,O
okucencenuza,v,to laugh loudly without a sense of humour,,,,O
okucencura,v,to sieve,winnow,,,O
okucenena,v,to separate water from dregs,,,,O
okucenkuka,v,to become bitter because of going beyond the stage at which it should be taken,,,,O
okucenura,v,to provide the means to uplift someone's standard of living,,,,O
okucenya,v,to burn,,,,O
okucenyacenyuka,v,to feel muscle pain all over the body,,,,O
okucenyuka,v,to be red hot,,,,O
okucera,v,to cut grass especially spear grass for squeezing yellow bananas or thatching the house,,,,O
okucereba,v,to develope a reddish brown substance that damages the surface of iron and steel,to rust,,,O
okucerembura,v,cut off completely using a sharp instrument,to sever,,,O
okucerembura,v,to mince,,,,O
okucerera,v,to cut grass using a sickle,,,,O
okucoboya,v,to sort mixed types of beans by putting each type alone,,,,O
okucoboya,v,removing the tips of eggplants or fresh beans to prepare them for cooking,,,,O
okucokomba,v,to limp due to pain in the leg or foot,,,,O
okucokora,v,to strike or pick something with the beak,to peck,,,O
okucokora,v,to use a needle or a safety pin to remove a jigger from the foot,,,,O
okucomoora,v,to answer in a demeaning retort meant to embarass someone,,,,O
okucompana,v,to quarrel with someone and utter shameful words,,,,O
okuconca,v,to crush the soil in preparation for sowing millet,,,,O
okuconcana,v,ticking of a clock,,,,O
okuconcobora,v,to make (someone) a destitute,,,,O
okuconcoboza,v,to become a destitute,,,,O
okucondooza,v,to investigate and find out the facts about something with an intention of learning or getting to the truth of the matter,,,,O
okucongyeza,v,to prepare land for planting,,,,O
okuconya,v,to confer with secretly,(normally used as 'okuconya enaama'),,,O
okuconya,v,to hatch a plot,,,,O
okucooboora,v,to express oneself idiomatically,,,,O
okucoocoora,v,to slice something,,,,O
okucoocooza,v,to beat the bush and make sounds while hunting in order to give dogs courage to catch animals,(in hunting),,,O
okucooka,v,to make something neat and organised,"to decorate, tidy up",Aha Bugyenyi bwa mukuru wangye tukacooka enju ye.,"On my elder brother's party, we decorated his house.",O
okucooka,v,to choose the best thing from a group and put them in a separate category,to select,,,O
okucooka,v,a situation where people die in large numbers,,,,O
okucookoora,v,to be so inquisitive in order to get every detail of someone or somebody and have a deeper understanding of the subject matter,,,,O
okucookooza,v,to do an indepth inquiry,,,,O
okucookyeza,v,to steal or damage someone's property and leave him/her with almost nothing,,,,O
okucuba,v,to refrain from doing something,,,,O
okucubacuba,v,to be about eight months pregnant especially used of cows,,,,O
okucubura,v,to pour liquid into another liquid,,,,O
okucubya,v,to put something (e.g. water or an object) into a boiling liquid or soup to stop it from overflowing,,,,O
okucucuka,v,to recognise that you have done something wrong and feel ashamed and sorry for,to repent,,,O
okucucuma,v,to pound vegetables or cereals gently to make them soft for eating,to mash,,,O
okucucumwa,v,to feel feverish,,,,O
okucucuuza,v,to make a child keep quite while singing for it,,,,O
okucucuza,v,to make the crying child keep quiet mostly by shaking it as a way of entertaining,,,,O
okucuga,v,to have sexual intercourse with someone,to fuck,,,O
okucugura,v,to discharge waterly faeces from the anus frequently,to have diarrhoea,,,O
okucugusa,,to shake something in order to mix it,,,,O
okucuguta,v,to make things turn up and down by shaking them,,,,O
okucukuka,v,,,,,O
okucukura,v,to use toes to remove the top part of the earth,to scrach or burrow,,,O
okucukuura,v,to suck at a dry breast,,,,O
okucukuuza,v,to insist on knowing minute detils,,,,O
okucuma,v,the act of removing dirt or rubbish from something or from a place to make it clean,to clean,,,O
okucuma,v,to lay down procedures of doing something,,,,O
okucumaaza,v,to roiter or linger around,,,,O
okucumanga,v,to beat intensely: frequent beating or hitting in a hidden sense,,,,O
okucumbacumba,v,to gather before rain,,,,O
okucumbacumba,n,to be haunted by a thought that manifests itself frequently in one's mind,,,,O
okucumbagira,v,to walk with difficulty typically because of damage or stiff leg or foot,to limp,,,O
okucumbatirira,v,to step on something or somebody frequently or continuously,,,,O
okucumbeeka,v,to sit quietly in one place for a long time,,,,O
okucumbika,v,to camp in one particular place,,,,O
okucumbika,v,to leave an unfinished work e.g. in digging,,,,O
okucumbuuka,v,to go up,,,,O
okucumbuuka,v,to burn slowly by slowly with smoke but no flame,to smoulder,,,O
okucumika,v,to set fire to something,to set ablaze,,,O
okucumita,v,to pierce with a spear,to spear,,,O
okucumita,v,to thrust through or perforate,,,,O
okucumitiriza,v,to think deeply,to cogitate,,,O
okucumunkuza,v,to remove a burning ember from fire,,,,O
okucumunkuza,v,to unblock (especially a pipe) with a ram rod,,,,O
okucumura,v,to deliberately do the opposite of what someone in authority has told you to do or to deliberately go against the established rules,,,,O
okucumura,v,Removing half burnt wood/sticks from fire,,,,O
okucunagura,v,,,,,O
okucunaguza,v,to force someone to move up and,,,,O
okucunaguza,,down all the time while doing something,,,,O
okucunaguza,v,to give someone an item and ask him or her to return it immedietly in an inconsiderate way,,,,O
okucuncumura,v,to shake repeatedly in order to remove something from a container or bag,,,,O
okucuncurama,v,to lean side ways,,,,O
okucunda,v,to make lots of quick small movements up and down or side to side,to wag,,,O
okucundana,v,flirting,,,,O
okucundanisa,v,to give a present to a wife or a female friend,,,,O
okucunduura,v,to give an antidote treat something or somebody especially after he or she has poison,,,,O
okucungika,v,to place a container upside down,,,,O
okucungira,v,to dam or block water from moving through or along something,,,,O
okucungura,v,"to make someone free from the power of evil, especially in the Christian religion",to redeem,,,O
okucungura,v,to recover: to get back lost property from alien hands,to recover,,,O
okucungura,v,to save someone or something from a situation of danger,to rescue,,,O
okucunguura,v,to turn a container the right way up,,,,O
okucunguura,v,to give a poisoned person an antidote,,,,O
okucunya,v,"to be moist and shiny. It is a sign of beauty, being moist and shiny rather than being pale",,,,O
okucunyiirira,v,"to glitter ot shine with a bright, shimmering reflected light",,,,O
okucunza,v,to cause someone to make repeated but but futile visits,,,,O
okucunzya,v,a term used in fighting where people are beaten from all sides,,,,O
okucuraanira,v,to make a reed-wall,,,,O
okucuracurira,v,to get a substandard substitute as last resort instead of going away without anything,,,,O
okucuracuza,v,to give birth to the last child,,,,O
okucuragura,v,to churn or shake or move backwards and forwards or up and down in quick short movements,,,,O
okucurama,v,to lie with the head at the foot of the bed,,,,O
okucuramirirwa,v,to be completely confused or puzzled,,,,O
okucuramuura,v,to turn right way up,,,,O
okucuranzya,v,to twist or change the form of words through distortion,,,,O
okucuranzya,v,to move saomething from side to side without taking a definate decision or change direction,,,,O
okucwa engingo,phr,to develop segments; a stage between weedng and flowering,,,,O
okucureera,v,to calm temparament,to be calm,,,O
okucureeza,v,to make something settle down or become peaceful,to calm,,,O
okucurenga,v,to pour a liquid from one container to another,,,,O
okucurika,v,to turn something upside down,,,,O
okucurika,v,"to exchange food for butter, common in Ankole",,,,O
okucurinkanisa,v,to arrange top to bottom alternately,,Okucurikanisa ebigambo.,To twist words.,O
okucurinkanisa,v,to disturb the normal arrangement or position of something,,,,O
okucurira,v,to mourn for,,,,O
okucuriza,v,to produce a shrill sound especially by forcing the breathe through pursed lips,to whistle,,,O
okucuruka,v,to exchange for butter,,,,O
okucurura,v,to break up and move earth with a machine,,,,O
okucurura,v,to flow rapidly in a steady stream,,,,O
okucuruura,v,to sow,,,,O
okucuruura,v,to pour down,,,,O
okucuruuza,v,to sell wholesale,,,,O
okucuruza,v,"to produce a shrill sound, especially by forcing the breathe through pursed lips",to whistle,,,O
okucurwa,v,to passionately express grief or sorrow,,,,O
okucuucuuka,v,to fade or lose brightness or intensity; to vanish gradually,,,,O
okucuucuura,n,someone stops quarreling but stops angrily,to withdraw from a quarrel,,,O
okucuucuuza,v,to entertain a child with an object so as to stop it from crying,,,,O
okucuuka,v,the act of gradually stopping to feed on the mother's milk,to be weaned off the breast,,,O
okucuukuuka,v,to lose fertility as a result of overcultivation,,,,O
okucuusa,v,,,,,O
okucuusya,v,to stop breastfeeding a baby ог a young animal,to wean,,,O
okucuutiira,v,to give someone something frequently and with a lot of intensity,,,,O
okucuutsya,v,,,,,O
okucuza,v,to say the name of the deceased,,,,O
okucwa enshusha,phr,to break virginity,,,,O
okucwa,v,to give up or stop a particular habit,,,,O
okucwa,v,to excommunicate to disown somebody from his respective family or community,,,,O
okucwa,v,to divide into pieces,,,,O
okucwa,v,to end the process of wearing,,,,O
okucwa-amabaare,v,to separate seeds and impurities like stones from cereals,,,,O
okucwa-amabaare,v,to cause the death of a child,,,,O
okucwa-amaizi,v,to reduce the concetration of a liguid by adding water or some qualifying matter,to dilute,,,O
okucwabagura,v,to break into small particles,,,,O
okucwa-bugufu,v,to reduce the length of something,to shorten,,,O
okucwa-busha,v,to gradually weaken especially someone's power,to undermine,,,O
okucwacwagura,v,to disintergrate an object into very small parts ог particles,,,,O
okucwacwagura,v,to cut something into small pieces with repeated sharp blows using an axe or knife,to chop,,,O
okucwa-ekizaire,v,the first sexual intercourse after giving birth,,,,O
okucwa-encuro,v,to divide something into measurable ammounts of quantities,,,,O
okucwa-engondo,v,to put permanent marks on ones body using needles,to tatoo,,,O
okucwa-eryera,v,to glance or give a short quick look,,,,O
okucwagasa,v,to do an activity and you leave it incomplete or unfinished,,,,O
okucwagura,v,to divide something that has already been divided,,,,O
okucwagurika,v,to be broken into ог to disintegrate into pieces,,,,O
okucwaho,v,to take hold of and remove a flower or vegetable from where it is growing,,,,O
okucwamu,v,to decide or come to or cause to come to a resoulution in the mind as a result of consideration or discussion,,,,O
okucwana,v,to mutually terminate friendship,,,,O
okucwanisa,v,to be in great hurry. the need or wish to get or have something done quickly,,,,O
okucwanuura,v,to reduce on something full to capacity or to the maximum,,,,O
okucwanyagura,v,to tear into small pieces,,,,O
okucwanyaguza,v,,,,,O
okucwanzya,v,to deceive or to try to make someone believe something that is not true,,,,O
okucweka,v,to break into two or more parts,,,,O
okucweka,v,to get into non-existance or cease to exist,,,,O
okucwekanisa,v,to cross a road or river or a boundary,,,,O
okucwekyereza,v,to destroy,,,,O
okucwera,v,to spit,,,,O
okucweregyerera,v,to cut into shape or to trim,,,,O
okucwererana,v,to decorate a cloth with a design of coloured stitches,to embroider,,,O
okucweza,v,to consult a traditional healer,,,,O
okucweza,v,to give strong points while discussing something,,,,O
okucwijura,v,to take everything from someone especially after stealing,to strip bare,,,O
okucwisa,v,to help one escape from justice,,,,O
okucwisa,v,to wake up very early in order to be on time,,,,O
okudabura,v,to double,,,,O
okudabura,v,to repeat,,,,O
okudiba,v,failure to get market,,Natwara ebihimba kubiguza byariba.,I have taken my beans to sell them and I have failed to get market.,O
okudikura,v,to make loud sound with a high bass,,,,O
okudobonkana,v,lose weight and be weak especially as a result of sickness,to stall,,,O
okudodoma,v,to make sound when it is still in one position and the engine is started,,,,O
okudondora,v,to sell something very cheaply,,,,O
okudooba,v,to change status from better to worse,,,,O
okuduuma,v,to instruct/command or direct what has to be done without questioning,,,,O
okuduumira,v,to give orders to a group of soldiers under one's command,to command,,,O
okuduumuura,v,to kick something high especially the ball,,,,O
okuduura,n,to talk about one's achievements and abilities too much with pride,to boast,,,O
okufa,v,to cease to exist,to die,,,O
okufaabiina,v,To work hard to achieve something,,Ayosire naafaabinira abaana be.,He has been working hard for the good of his children.,O
okufaho,v,to look after after someone or something passionately,to care,,,O
okufa-mamigye,adv,"a condition where one suffers in silence, yet he or she is under pressure or pain",,,,O
okufayo,v,to be concerned,,,,O
okufeera,v,to die for,,,,O
okufeera,v,to spend time on a job; to work hard,,,,O
okufeerwa,v,to miss,,,,O
okufiisa,v,to be deprived of a close relation or friend through their death,to be bereaved,,,O
okufiisa,v,to waste or squander (.g. time).,,,,O
okufinda,v,to make something fit or enter a place or hole which is a bit smaller.,,,,O
okufokonkora,v,"to dig deeper in a water logged area and in the process, often causing noise.",,,,O
okufooba,v,to be soft and spongy.,,,,O
okufooka,v,"to cause a material such as cloth, paper or hair to become white or much lighter by a chemical process or by exposure to sunshine.",to dye,,,O
okufookoora,v,"to insert something in a wet and watery area, a process which may make some sound.",,,,O
okufootooka,v,to be soft.,,,,O
okufootsya,v,to give birth to a baby not in a normal way. The mother's stomach is cut and a baby is removed.,in ceaserian section,,,O
okufooza,v,to search.,,,,O
okufuba,v,to be not as expected.,,,,O
okufuba,v,to strive for something (that is often unattainable).,,,,O
okufubeeka,v,to put medicine in a banana leaf and heat it under fire.,,,,O
okufubika,v,to wrap someone with a cloth to protect him/her from cold.,,,,O
okufubira,v,to punish.,,,,O
okufufuza,v,"to bravely face the elements of weather e.g. rain, dew or night.",,,,O
okufuka,v,to get cold.,,,,O
okufuka,v,to clear mucus from the nose.,,,,O
okufukaana,v,to wrestle.,,,,O
okufukama,v,to kneel.,,,,O
okufukamira,v,,,,,O
okufukira,v,to make a forceful penetrative move at ejaculation during sexual intercourse.,,,,O
okufukira,v,"condition when a he goat, ram, bull, etc releases sperms after mounting a female.",,,,O
okufukunkuka,v,"to lose or make something/somebody lose colour, weight, strength or freshness.",to fade,,,O
okufukunkuka,v,to take a woman and marry her without formally introducing yourself to her parents.,(of liquid),,,O
okufukura,v,"to dig into a marshy area, especially when digging a well or desilting it.",,,,O
okufumaguza,v,to walk through thickets usually in search of a short route.,,,,O
okufumbata,v,to embrace or cuddle.,,,,O
okufumura,v,to piece through something.,,,,O
okufumura,v,to leave (e.g. a home) when one is disgruntled.,,,,O
okufumura,v,to break out (of a fence).,,,,O
okufumura-orugo,v,to break through the kraal.,(of animals),,,O
okufuna,v,to blow or eject mucus out of one's nose.,,,,O
okufunda,v,to become small in size.,,,,O
okufunda,v,to breath with difficulty as a result of tightness and wheezing of the lungs caused by asthma or an infection.,,,,O
okufundamira,v,to be restricted.,,,,O
okufundikira,v,to cover something e.g. food.,,,,O
okufundiriza,v,to gain distance on one you are following or chasing.,,,,O
okufundiriza,v,to secure an escape root by an enemy.,,,,O
okufunduuka,v,to appear from the horizon.,(for a person),,,O
okufunduura,v,to remove the cover of a container in order to expose contents.,to uncover (e.g. food),,,O
okufuneeka,v,to experience mimimal breathing space as a result of smoke from burning wood.,,,,O
okufuneena,v,to prepare half cooked food.,,,,O
okufunfurika,v,to do something in a disorganised or careless manner.,,,,O
okufunga,v,to tie or fasten something.,,,,O
okufungira,v,to block the enemy by standing in the way so that he or she does not advance.,,,,O
okufungura,v,to dilute a liquid.,,,,O
okufungura,v,to water down.,,,,O
okufuniza,v,to make involutary breathe in of the air into the nose as a result of a cold.,to snort,,,O
okufunya,v,"to fold paper, cloth, etc.",,,,O
okufunya,v,to drive animals from one place to another.,,,,O
okufunyara,v,to become creased.,,,,O
okufunyarara,v,,,,,O
okufunyika,v,to fold something.,,,,O
okufunza,v,to abbreviate (e.g. a word).,,,,O
okufunza,v,"to resize to a smaller size e.g. a shirt, trouser, shirt, etc so that it can fit.",,,,O
okufura,v,to cool or make luke warm.,,,,O
okufura,v,to move through rain or cold weather.,,,,O
okufureba,v,to make a bag.,(of traditional bags),,,O
okufureeka,v,to make a hissing sound as that of burning wood when not dry.,,,,O
okufurira,v,to clear and prepare land for planting.,,,,O
okufuruka,v,to migrate.,,,,O
okufurumuka,v,to suddenly come out of hiding place and run.,,,,O
okufurutiita,v,to hide from someone about one's intentions or plans.,,,,O
okufuruuta,v,"to develop swellings on the body (usually as a result of an allergic reaction, or insect bite).",,,,O
okufutafuta,v,to damage or weaken something gradually.,,,,O
okufutafuta,v,to make a verbal interpretation of one's langauge into another.,,,,O
okufutana,v,to chew.,,,,O
okufuuha,v,to be inordinately jelous about of one's daughter or spouse.,,,,O
okufuuha,v,"to make a sound, especially cattle, against an intruder or stranger.",(of animals),,,O
okufuuhirira,v,to spray.,,,,O
okufuura,v,"to pluck off, e.g. when removing chicken feathers.",,,,O
okufuzibwa,v,to be calmed down: to be told to.,(used in passive voice),,,O
okugaara,v,to be stiff; not easy to fold (e.g. said in reference to a dry cow hide).,,,,O
okugaashanura,v,to seperate things forcefully.,,,,O
okugaashuura,v,to eat a lot of food (often used in reference to meat).,,,,O
okugaaza,v,to cause confusion where one quarrels and clashes with everyone.,,,,O
okugaba,v,to give.,,,,O
okugaba,v,a state in which a cow is ready to be milked.,,,,O
okugaga,v,to go bad.,(of food),,,O
okugagaara,v,"to decorate a wall in a traditional hut, like the way wall paper is used.",,,,O
okugaija,v,to grow fat.,,,,O
okugamba-mafuuzi,v,to talk in a low tone.,,,,O
okugambuka,v,to talk too much.,,,,O
okugambuka,v,to gossip.,,,,O
okugana,v,to tell a foktale.,,,,O
okuganda,v,to ward tobacco.,,,,O
okuganda,v,to weather.,,,,O
okuganda,v,to eat with one's cheeks full.,,,,O
okuganda,v,to feel hungry or tired.; to be exhausted as a result of excessive exposure to a heat source.,,,,O
okugandika,v,to store tobacco for several days after picking it until it changes colour.,,,,O
okugandika,v,to put something down you have been carrying.,,,,O
okugandira,,,,,,O
okugandanisa,,,,,,O
okugangaara,v,to become hard hearted or rebellious.,,,,O
okugangaara,v,to be unmoving (of muscles).,,,,O
okugangaara,v,to become stiff or hard to bend.,,,,O
okugangaijura,v,to startle someone who is busy doing something or is in deep sleep.,,,,O
okugangaijura,v,to frighten someone.,,,,O
okugangama,v,to be in a state of having fatigue.,,,,O
okugangama,v,to be in a state of feeling sluggish or inactive (especially after eating a heavy meal).,,,,O
okuganira,,,,,,O
okuganura,v,to take the first harvest and share it with the father in-law's family.,,,,O
okugoija,,to go somewhere and fail to return to,,,,O
okugaragaaza,v,to keep turning different sides of something you are drying or roasting.,,,,O
okugaramba,v,to walk in a stiff manner (often associated with pride).,,,,O
okugaranjuka,v,to return to a place.,,,,O
okugaranjuka,v,to divert one's attention to something.,,,,O
okugararuurwa,,,,,,O
okugararuurisa,,,,,,O
okugaruura,v,to open something wide (e.g. a log when splitting it).,,,,O
okugaya,v,to despise.,,,,O
okugaya,v,to communicate.,signal,,,O
okugayaara,v,to be lazy: to be reluctant to do an activity.,,,,O
okugimba,v,to become black.,(of animal horns),,,O
okugimba,v,the formation of a reddish-brown substance that forms on iron or steel when it gets wet.,to rust,,,O
okugimba,v,to force: to make someone do something they do not want to do.,,,,O
okugimbuka,v,to move away from a place in a short period of time and leave it vacant.,(of a crowd),,,O
okugimuka,v,to be fertile (said of land or plants).,,,,O
okugina,v,to re-germinate (especially on stems or tree stumps).,,,,O
okuginga,v,to have rings appear on the edges of the cow's horns when they get old.,,,,O
okugingigyanga,v,"to create something by shaping, fashioning ог constructing often using rudimentary means.",,,,O
okugingirira,v,"to forge documents, money, etc.",,,,O
okugira,v,to say; to tell.,,,,O
okugoba,v,to win a game.,,,,O
okugobooza,v,to make repeated efforts to induce a mlking cow to let down milk.,,,,O
okugobora,v,to make the cow get used to its calf and suckle it.,(of a cow which has rejected its calf),,,O
okugoboroza,v,to barely make a profit on a commodity.,,,,O
okugoboza,v,to suckle.,(of puppies),,,O
okugobwa,v,to fail to speak (usually as a result of severe sickness).,,,,O
okugoga,v,to walk majestically.,,,,O
okugogonora,v,to wake up somebody from deep sleep especially in the morning.,,,,O
okugogoora,v,to remove fresh fibres from the stem of a banana plant.,,,,O
okugogoza,v,to treat someone (usually a child) with too much love.,,,,O
okuganyira,v,,,,,O
okugogyera,v,to be in a peaceful state.,,,,O
okugoma,v,to refuse to change one's attitude; to be rebellious,,,,O
okugomba,v,to have a strong wish to eat something,to crave for something,,,O
okugomberera,v,to have a desire for something for a long time,,,,O
okugombooka,v,to eat something that one has always wanted until one feels one does not want it anymore,,,,O
okugomeererwa,v,to have constipation,,,,O
okugomera,v,to control the flow of running water using clay or soil,,,,O
okugomoka,v,to become fat or to increase in size,,,,O
okugomooka,v,to renounce rebellion; to surrender,,,,O
okugomoora,v,to change a person's behaviour from bad to good,to transform,,,O
okugomora,v,to fatten a person or animal,,,,O
okugona,v,to snore,,,,O
okugonda,v,"to be calm, peaciful and quiet",to be soft or supple,,,O
okugorogora,v,to be weak and sickly,,,,O
okugoromba,v,to be useless when one is no longer useful after being redundant for a long time,,,,O
okugoromoka,v,to be groomed or undergo behavioural change,,,,O
okugoromoka,v,"to disappear, said of the Bacwezi",,,,O
okugoromora,v,to put something in a convenient place until until it is needed,,,,O
okugosa,v,to behave badly or in an unacceptable manner,,,,O
okugoshoora,v,to separate grains from chaff,winnow,,,O
okugota,v,to come to a standstill,,,,O
okugota,v,to besiege or surround a place or a person,,,,O
okugotomera,v,to drink fast,,,,O
okugotomera,v,to gulp down a drink,,,,O
okugoya,v,to mingle (e.g. millet flour) to make solid food,,,,O
okuguba,v,to be extremely dirty after being poorly cleaned for a long time,,,,O
okugubuura,v,to clean something that has been extremely dirty,,,,O
okugondama,v,state of being bent or curved,,,,O
okugubwa,v,to feel emotional as a result of something,,,,O
okugufuhara,v,to become short,,,,O
okuguga,v,to bite a small piece from something big,,,,O
okuguguna,v,"to nibble at something hard, e.g. a bone, corn, etc",,,,O
okugonga,v,to cry when they are hungry,,,,O
okugonga,v,to complain or say that you are not satisfied with something,,,,O
okugongyera,v,to yell or moan (as when one is in utter pain),,,,O
okugonjoka,v,to excel in doing something,,,,O
okugonjoora,v,to correct a mistake,,,,O
okugonoora,v,,,,,O
okugonooza,v,to take a drink after a meal,,,,O
okugonya,v,to bend,,,,O
okugonya,v,to be malleable,,,,O
okuguguza,v,to walk with difficulty while carrying something heavy,,,,O
okuguha,v,to collect fire from a neighbour,,,,O
okuguha,v,to make a fire from burning coals or embers,,,,O
okuguma,v,to be firm or confident,,,,O
okuguma,v,to stay in one place for a long time,,,,O
okugumaanya,v,to endure,,,,O
okugumba,v,a kind of silence that commands respect,to keep quiet,,,O
okugumba,v,to move in an unstable way while shaking,,,,O
okugooka,v,to work for nothing,,,,O
okugooma,v,to be deformed or to lose the original shape,,,,O
okugootaana,v,to become disorganised or messed up,,,,O
okugootooka,v,to work very hard,,,,O
okugoragora,v,to bring someone up to be a well behaved individual,,,,O
okugoragoza,v,to be linient or patient with someone so that he or she can improve or do better,,,,O
okugorama,v,,,,,O
okugoreka,v,to show modest opinion of one's importance,,,,O
okugorogooza,v,to try to reverse the misfortunes associated with being bewitched,,,,O
okugumba,v,invulnerable to danger or intimidation; able to face danger or fear without flinching,to be brave,,,O
okugumbika,v,to sit quietly while doing nothing and trying to look important,,,,O
okugumirwa,v,to go through a difficult time,,,,O
okugumisiriza,v,to be patient,,,,O
okugumisiriza,v,to persevere or accept suffering without complaining,,,,O
okugumizamu,v,to move on; to continue doing something,,,,O
okugumya,v,to encourage or comfort someone,,,,O
okuguna,v,to be stunted: not growing properly,,,,O
okugundiira,v,to withhold something from someone,,,,O
okugunduuka,v,to eat something and get satisfied with it,,,,O
okugunduura,v,to beat somebody heavily especially in a fight,,,,O
okugunduura,v,to be mature or show characteristics of old age,,,,O
okugunga,v,to refuse to sleep with a woman,,,,O
okugungira,v,to block the way,,,,O
okugungira,v,to build an embarkment or dam to stop the flow of water,,,,O
okugunja,v,"to compose songs, epics, poems, etc",,,,O
okugunjuka,v,to be civilised: to behave in a polite and reasonable way,,,,O
okugunjuka,v,"to be educated, civilised or trained",,,,O
okugunjura,v,to train someone in something,,,,O
okugunura,v,to open eyes widely,,,,O
okugura,v,to obtain a goods or services in exchange for payment,to buy,,,O
okuguraagurutsya,v,to doubt,,,,O
okuguraguruka,v,to be unstable or change often,,,,O
okuguriirira,v,to pay money to someone to do something on your behalf,,,,O
okuguriirira,v,to bribe someone with money or a gift in order to get favours from him or her,,,,O
okuguru,n,the limb on which a person or animal walks or stands,,,,O
okuguruka,v,to jump,,,,O
okuguruka,v,to rise up early in the morning and go,,,,O
okugurukibwa,v,to be scared or frightened by something,,,,O
okugurukira,v,to jump at something,,,,O
okugurukira,v,to surprise someone with an unexpected tackle or move,,,,O
okugurukyera,v,to make an unexpected tackle,,,,O
okugurumba,v,to feel sad and depressed,,,,O
okugurutsya,v,to refuse to give milk,,,,O
okugurutsya,v,to chase something e.g. birds,,,,O
okuguta,v,to beat someone or something,,,,O
okugutuka,v,to die suddenly when one is not sick,,,,O
okugutuka,v,,,,,O
okuguubwa,v,to become emotional over something good or bad,,,,O
okuguugura,v,to live long beyond the expected lifespan,,,,O
okuguuriima,v,to be rebelious,,,,O
okuguutuura,v,to use idioms and sayings,,,,O
okuguuyaguuya,v,to feel a lot of discomfort after eating a lot of food,,,,O
okuguuza,v,to stubbornly refuse to do something,,,,O
okuguza,v,to give someone goods or services in exchange for money,to sell,,,O
okuguza,v,to borrow (usually money),,,,O
okuguza,v,to lend to someone money expecting him or her to pay it back,,,,O
okugwa,v,to fall down or to drop suddenly,,,,O
okugwa,v,not being able to succeed in doing something,to fail,,,O
okugwa-aha-mahega,phr,to stay for a long time without getting married,,,,O
okugwa-ebyaga,v,"to fall and lose one's senses, speech or does things he or she is not aware of as a result of being demon possesed",,,,O
okugwa-empihi,v,having a disorder in the stomach as a result of poor digestion of food,to experience indigestion,,,O
okugwa-enshazi,n,a temporary loss of consciousness,to black out,,,O
okugwagwana,v,to be in an unfriendly state; to be miserable,,,,O
okugwagye,v,to feel good,,,,O
okugwagye,v,to be confortable or satisfied with what one has,,,,O
okugwaho,v,to find or attack someone (e.g. a thief) after a long search,,,,O
okugwa-kihuumura,adv,to fall involuntarily in shock,,,,O
okugwa-kihuumura,v,to faint or pass out as a result of shock,,,,O
okugwana,v,to pay back what one owes,,,,O
okugwana,v,to balance or be equal in value,equality,,,O
okugwa-omunda,v,"the act of embracing or hugging someone to show affection, happiness during greeting",,,,O
okugwejegyera,v,to fall asleep,,,,O
okugwengagwenga,v,to flatter someone,,,,O
okugwera,v,to fall on someone or something,,,,O
okugwera,v,to waylay someone,,,,O
okugwera-orubaju,v,to side with someone,,,,O
okugwera-orubaju,v,to be partial; not objective,,,,O
okugwererana,v,to stagger as when under the influence of alcohol,,,,O
okugwererwa,v,to be in a situation where one experiences a misfortune,,,,O
okugwihanamu,v,to walk or move together,,,,O
okugwisa,v,to cultivate a portion of the garden one is supposed to dig up to the end,to finish or complete a task e.g.,,,O
okugyega,v,to fool someone,,,,O
okugyegyema,v,to creak (e.g. a bed),,,,O
okugyegyema,v,to produce croaking or high pitched sound,,,,O
okugyegyena,v,to filter,,,,O
okugyegyeza,v,to create a problem for someone,,,,O
okugyema,v,to make somebody to do something against his or her will,to compel,,,O
okugyema,v,to immunise,,Abeebembezi b'eihanga bakehanangiriza abazaire kutwara,,O
okugyemeka,v,to grow,of seeds,,,O
okugyemura,v,to take food or milk to someone (usually in hospital),,,,O
okugyenda,v,to go away,to leave,,,O
okugyenderera,v,to do something intentionally,,,,O
okugyenga,v,to repair in a haphazard manner something that has been damaged,,,,O
okugyenga,v,to bone-set compound fractures that is done traditionally,,,,O
okugyengyera,v,"to advise, or counsel",,,,O
okugyenya,v,to treat someone with respect,,,,O
okugyenya,v,to be hospitable towards someone,,,,O
okugyenzya,v,to measure or to weigh,,Omukazxi akaba naagyenzya amate gaayatika.,The woman was measuring milk and iot poured.,O
okugyera,v,to become very ripe and very sweet,of fruits,,,O
okugyeragyeranisa,v,to compare onr thing with another,,,,O
okugyerega,v,to make a mocking or ironic remark,to be sarcastic,,,O
okugyerega,v,to redicule someone,,,,O
okugyereka,v,to levy tax,,,,O
okugyereka,v,to put something on top of another thing,,,,O
okugyeruura,v,to reduce the tax levied on something,,,,O
okugyeruura,v,to remove something that has been placed on top of another thing e.g in food cooked in the same saucepan,,,,O
okugyesha,v,to reap or to harvest,,,,O
okugyeza,v,to put someone or something to test e.g. through a test or examination,,,,O
okugyeza,v,to moisten something that is dissolvable,,Okugyeza omwenda omu maizi.,To moisten a cloth with water.,O
okugyezaho,v,to put in more effort into doing something,to try,,,O
okuha,v,to give,,,,O
okuhaaga,v,to be satisfied,,,,O
okuhaaha,v,"to disparage, abuse or despise",,Bakamuhaaha munonga yaaruga omu kibiina kyabo.,They disparaged him so much that she left the club.,O
okuhaahaana,v,to harass,,,,O
okuhaahagira,v,"to breathe very fast, usually after running a long distance",,,,O
okuhaahura,v,to go searching for something all over the place,,,,O
okuhaahuuza,v,to squeeze something from something,,,,O
okuhaahuuza,v,to sway while walking,,,,O
okuhaajana,v,to argue or haggle over something,,,,O
okuhaamuuka,v,to lose fertility as a result of overcultivation,,,,O
okuhaanisa,v,to exchange something for another,to barter,,,O
okuhaanya,v,to pluck feathers from a bird,,,,O
okuhaanyura,v,to pluck something e.g. feathers from a chicken,,,,O
okuhaanyuza,v,to run or walk fast,,Enjura ku yaahikire omukaikuru yaahanyuza arikuronda ah'okwegama.,,O
okuhaasa,v,to insist on doing something one has been told not to do,to be adamant,,,O
okuhaasa,v,to insist on doing something,,,,O
okuhaasirira,v,to purify or cleanse,,,,O
okuhaata,v,to peel,,,,O
okuhaatiika,v,to compel or force someone to do something,,,,O
okuhaazya,v,to finish milking,,,,O
okuhaba,v,to go astray or lose direction,,,,O
okuhababa,v,to report a case to police or other authority,,,,O
okuhababa,v,to sue someone in the courts of law,,,,O
okuhabura,v,to advise,,,,O
okuhabura,v,to guide or direct,,,,O
okuhaburira,v,to cut the dry leaves from the banana plant,,,,O
okuhaburira,v,remove unwanted plants from the banana plantation,to prune,,,O
okuhabuuka,v,to find the way,,,,O
okuhabuza,v,to ask for direction,,,,O
okuha-emikono,v,to help or encourage someone who is doing a task or going through a difficult situation,to support,"Obu yaabaire naayombeka enju, abantu bakamuha emikono.","When he was building his house, people gave him support.",O
okuha-engata,v,to contemptuously cast a person out or show him or her the door,,,,O
okuhaga,v,to cause to increase undully or to fill with gas,to inflate or swell,,,O
okuhaga,v,to instigate someone to do something,,,,O
okuhagama,v,to be stuck in the teeth or the throat,choke,,,O
okuhagara,v,to make a tool sharp,to sharpen,,,O
okuhagara,n,to disparage,to desectate,,,O
okuhagara,n,to be of degenerate character,,,,O
okuhagatira,v,to carry (e.g. a baby) under the arm,,,,O
okuhagika,v,to side with someone especially when he or she has done something wrong,,,,O
okuhagira,v,to support someone or his or her cause,,,,O
okuhaguka,v,to become detached,,,,O
okuhagura,v,to force something off another thing it was attached to,,,,O
okuhaguura,v,to take cows a distance away to look for salty water especially near a hot spring,,,,O
okuhaha,v,"to start or mark the beginning of the journey, an activity, a plan, race, etc",,,,O
okuhaha,v,the process or an act of starting,,,,O
okuhaha,v,to panic,,,,O
okuhahaara,v,to panic or become nervous,,Akahaahaara ari omu kigyezo ebi yaabaire ashomire byamweba.,He panicked in an examination and forgot all that he had read.,O
okuhahaaza,v,to make someone panic or nervous,,,,O
okuhaiga,v,to dig up (e.g potatoes) from the soil,,,,O
okuhaima,v,to fall sick as a result of an asthmatic attack,,,,O
okuhaima,v,to experience difficulty in breathing,,,,O
okuhaisa,v,to praise,,,,O
okuhaka,v,to be pregnant,of animals,,,O
okuhakana,v,,,,,O
okuhakanisa,v,to contradict,,,,O
okuhakanisa,v,to disagree with someone's view or opinion,,,,O
okuhakuura,v,to draw out or extract e.g. honey from a hive,,Bakahakuura obwoki bwingi omu kihumi.,They extracted a lot of honey from the bee hive.,O
okuhakwa,v,to live under the patronage of someone: to work for others especiallyin order to get accomodation and food,,"Eira n'eira, Abairu bakaba bakira kuhakwa omu Bahima.","Long time ago, the Bairu used to work for the Bahima.",O
okuhamagira,v,,,,,O
okuhamatika,v,"to fasten, stick or paste",,,,O
okuhamba,v,to rape,,Bakamutwara omu mbuga z'amateeka kujunaanwa omushango gw'okuhamba.,He was taken to court to answer charges of rape.,O
okuhamba,v,to take over or capture by force,,,,O
okuhamba,v,to force by way of climbing,,,,O
okuhambaara,v,to accuse someone unjustly of stealing,,,,O
okuhambaarira,v,,,,,O
okuhambaarwa,v,,,,,O
okuhambaituka,v,to do something unexpectedly e.g. buying something one has not planned to,,,,O
okuhambya,v,"to catch up with someone, when people have been running, one ahead of the other(s), and they catch him",,,,O
okuhambya,v,to seize or get hold of,,,,O
okuhamibwa,v,to be confirmed into position or appointment,,,,O
okuhamira,v,to stick on something,,,,O
okuhamisiriza,v,"to stress a point, etc",,,,O
okuhamisiriza,v,to encourage or reassure someone who is sick or discouraged,,,,O
okuhamiza,v,to assure someone or reaffirm that what one has said is true,,,,O
okuhampuka,v,to elope,of a girl,,,O
okuhampura,v,to elope,of a man,,,O
okuhampuza,v,to dess in un improper way or unacceptable way,,,,O
okuhampuza,v,to be indecent,,,,O
okuhamya,v,to confirm or to be sure that something is true,,,,O
okuhana,v,to rebuke or correct someone,,,,O
okuhana,v,to talk to a child to change his or her behaviour,,,,O
okuhanahanurwa,v,to do something one does not know to find out what will happen,of children,,,O
okuhanahanurwa,v,to experiment with something through play,,,,O
okuhanama,v,,,,,O
okuhanantuka,v,to fall from something e.g. a tree in an abrupt or dangerous way,,,,O
okuhanantuka,v,to do something suddenly and unexpectedly,,,,O
okuhananuka,v,"to do things stubbornly without anybody's consent, or without control over one's actions",,,,O
okuhananurwa,v,to act like a prig: to behave as if one is morally superior to everyone else and disapproves of what others do,,,,O
okuhanda,v,to become rough,,Omubiri gw'ekikyere niguhanda.,A frog's skin is very rough.,O
okuhanda,v,untouchable,,,,O
okuhanda,v,to grind cereals leaving some rough particles in the flour,,,,O
okuhanda-bunaku,v,to work hard: to put a lot of energy into an activity without showing any signs of weakness,,,,O
okuhandagatana,v,to say a lot of things that do not make sense,,,,O
okuhandama,v,to climb or to jump on something,,Ku naabaire ninvuga egaari omwana yaagihandamaho.,When I was riding a bicycle a boy jumped on it.,O
okuhandiika,v,to write: to put down letters or numbers,,,,O
okuhanduura,v,to remove something especially removing a jigger from a foot,,omwana ogu bamuhanduramu enzito mukaaga omu kugyere kimwe.,they have removed six jiggers from this childs foot.,O
okuhanduura,v,to strain oneself as a result of standing for a long time and by the time,,,,O
okuhanga,v,to create,,Ruhanga akahanga igiru n'ensi.,God created heaven and earth.,O
okuhanga-amaisho,v,to fix one's eyes on someone or something without blinking,to stare,,,O
okuhangaana,v,to help or give support to someone,,,,O
okuhangaara,v,to live long,,,,O
okuhangahanga,v,to be creative,,Omwana naamanya okuhangahanga.,The child knows how to create songs.,O
okuhanganga,v,to starve or go hungry,,,,O
okuhanganirwa,v,to have difficulty while giving birth or when the after birth fails to come out,,Omukazi yaaherize kuzaara yaaremwa kuhanganirwa.,"After the woman gave birth, the afterbirth failed to come out.",O
okuhangara,v,to take long to get married,,,,O
okuhangirira,v,to support by bearing all or part of the weight or burden of somebody,,,,O
okuhangirira,v,to fix or mend,repair,,,O
okuhangisa,v,to be very fond of something,,,,O
okuhanguha,v,to grow fat or to become big,,,,O
okuhanguka,v,to come unexpectedly,,,,O
okuhangura,v,,,,,O
okuhangura,v,to win or overcome something,,,,O
okuhangusya,v,to widen or to enlarge,,,,O
okuhanguuka,v,to become archaic,,,,O
okuhanguuka,v,to become unfashionable,,,,O
okuhanguura,v,to expire or get out of style or out of fashion,,,,O
okuhanika,v,"to raise something e.g. prices, a flag, etc.",,,,O
okuhanika,v,to hang (e.g. clothes on a wire),,,,O
okuhanika,v,to put bananas in a pit so that they can rippen,,,,O
okuhanuura,v,to discuss something or to deliberate on,,,,O
okuhanvuura,v,to defaecate,,,,O
okuhanzya,v,to feed,,,,O
okuhara,v,to scratch,,,,O
okuharaatura,v,to scratch the surface of something with a sharp or pointed object,,,,O
okuharaatwa,v,to play about,,,,O
okuharabagana,v,the state or condition in which a sick person is not expected to survive,to be in a critical condition,,,O
okuharabura,v,to scratch something by dragging it along a rough surface,,,,O
okuharagata,v,to remove the surface layer off something using a sharp object,to scrap,,,O
okuharahaaza,v,to make someone restless or to give someone hard time,,,,O
okuharahara,v,to make an attempt or effort,,,,O
okuharamba,v,,,,,O
okuharambura,v,to do shoddy work or to do something in a hurry and do it poorly,,,,O
okuharana,v,to dislike someone and mistreat him or her as a result,,,,O
okuharangatana,v,to dislike each other intensely,,,,O
okuharara,v,,,,,O
okuhararuka,v,to lose interest in something,,,,O
okuhararuka,v,to get used to something to the extent that it no longer excites you,,,,O
okuharaza,v,to be proud of something or someone,,,,O
okuhariiriza,v,to force someone to do something,,,,O
okuharika,v,to marry a second wife adding her to the first one,,,,O
okuharira,v,to crave for something,,Bakanga naaharira abaishiki.,Bakanga is lustful for girls.,O
okuhariza,v,to act like a lunatic,,,,O
okuharura,v,to drag or force someone to do something against their will,,,,O
okuharura,v,to pull something with force,,,,O
okuhasha,v,to give birth to twins,,Okuhasha kwine emigyenzo mingi.,Giving birth to twins has many traditional customs that go with it.,O
okuhasha,v,to feel a shooting pain in the back or upper part of the body,,,,O
okuhashana,v,to grow while joined together,,,,O
okuhashanuura,v,to split or separate twin plantains,,,,O
okuhashanuura,v,to perform rituals at the initiation of twins one week after their birth,,,,O
okuhatika,v,to insert something into another,,,,O
okuhatuura,v,to pull or get something out of a congested place using force,,,,O
okuhayana,v,to compete,,,,O
okuhaza,n,to be disobedient or refuse to comply with someone's wishes or orders,,,,O
okuheba,v,to get something out of one's mind,,,,O
okuheba,v,to give up on something,,,,O
okuhebeba,v,"to speak with sudden pauses and with a tendency to repeat the same sound or syllable, because of having a speech impairment, fear, excitement, etc.",to stammer,,,O
okuhebeba,v,to scream while mating,,,,O
okuhebebera,v,,,,,O
okuhebesereza,v,to do something beyond acceptable limits,,,,O
okuhebya,v,to go beyond the limits of what is expected of you,,,,O
okuheegaheega,v,to walk while staggering because of being very tired,,,,O
okuheeheeta,v,to woo a woman,,,,O
okuheeheeta,v,to express the desire to have sex with a woman,,,,O
okuheeka,v,to carry a baby on the back,,,,O
okuheeka,v,to form cobs on the maize plant,,,,O
okuheekuura,v,to kill a person,,,,O
okuheekyera,v,to take up arms to fight an established government,,,,O
okuheekyerera,v,to carry a child on the back all the time,,Omukazi ogu taine eki akukora ahabw'okuheekyerera omwana.,This woman cannot do any work because she is ever carrying a baby on her back.,O
okuheekyerera,v,to carry all kinds of luggage,,Akaba naahumuruka yaahekyerera ebintu bingi.,"When he was going back to school, he carried a lot of luggage.",O
okuheera,v,to push a child during delivery,,Omukazi akaremwa kuheera omwana baamushara.,The woman failed to push out the baby and she was operated.,O
okuheera,v,to pay school fees for someone,,,,O
okuheerereza,v,to set a dog onto somebody,,,,O
okuheereza,v,to give,,,,O
okuheereza,v,to serve: to do a job or perform duties for a person,,,,O
okuheesha,v,to forge and shape iron with a hammer and anvil,of a blacksmith,Omu kyaro kyona Muheesi niwe arikumanya kuheesha amacumu.,"In the whole village, only Muheesi knows how to make spears.",O
okuhegyeya,v,to walk slowly and in an elegant way,,,,O
okuheha,v,to clean after passing stool,,,,O
okuheheeza,v,to hide a pregnacy by contracting the stomach,,,,O
okuheijeera,v,to breath heavily and produce sound esepcially after an asthma attack,,,,O
okuhema,v,to bare your teeth to someone with an intention of insulting that person,,Nibamugambira okureka kuhema abantu tarikuhurira.,They always tell him to stop insulting people by baring his teeth to them but he does not listen.,O
okuhemuka,v,to be embarassed,,,,O
okuhemura,v,to embarrass someone,,,,O
okuhemurana,v,to be a disgrace,,Ogu mukazi naahemurana.,This woman is a disgrace.,O
okuhena,v,to do something to offend someone indirectly,,,,O
okuhemba,v,to light a lamp or make a fire,,,,O
okuhemba,v,to take gifts to one's daughter when she gives birth for first time,,,,O
okuhemba,,to take food to the people who are busy in the garden cultivating,,,,O
okuhembeka,v,to tap water from the roof,,,,O
okuhemberera,v,to light fire for cows,,,,O
okuhembura,v,to harvest corn and leave the plant standing,,,,O
okuhemeema,v,,,,,O
okuhempura,v,to become stunted,,Waariisa abaana kubi nibahempura.,"If you do not feed your children well, they become stunted.",O
okuhenda,v,to break something,,Ku baaba nibazaana omupiira baamuhenda amaguru.,"While they were playing football, they broke his leg.",O
okuhenda-amaisho,v,to close the eyes of a dead person,,Ku yaafiire yaabura ow'okumuhenda amaisho.,He did not have anyone to close his eyes when he died.,O
okuhenda-endosho,v,to perform a ritual when a son-in-law has just lost a mother-in-law,,,,O
okuhendeka,v,to get broken,,Yaatunga butandu yaahendeka omukono.,He got an accident and broke his arm.,O
okuhendeka,v,to develop a fructure,,,,O
okuhendekyera,v,to work hard for someone,,Nyokoimwe naabahendekyera ngu mukaashoma kwonka imwe timukaafayo.,Your mother is toiling for you so that you can study but you do not care.,O
okuhendera,v,to finish or conclude a talk,,,,O
okuhenduura,v,to insult someone,,,,O
okuhenengyera,v,to disappear into something e.g. a forest,,,,O
okuhenengyera,v,to fall over something,,,,O
okuhenenkura,v,to go in a group,,,,O
okuhenentuka,v,to fall from a raised place,,,,O
okuhenentura,v,to expose something that is covered,,,,O
okuhenentwa,v,to search for what to eat,,,,O
okuhenga,v,to acknowledge that something has appeared or disappeared,,,,O
okuhengama,v,to bend to one side,,,,O
okuhengyeka,v,to tilt something at an angle,,,,O
okuhengyeneka,v,to trap something (e.g. water) into a container,,,,O
okuhenuura,v,to expose ones nakedness by pulling up a garment,,,,O
okuhenuza,v,to laugh excessively,,,,O
okuhenyera,v,,,,,O
okuhera,v,to scold someone,,Omukazi ogu naakunda kuhera mukaiba.,This woman likes scolding her co-wife.,O
okuhera,v,to be in the last position,,,,O
okuhereera,v,to be near or next to,,Birungi naakira kuhereera ekisika omu kibiina.,Birungi always sits near the wall in the classroom.,O
okuhereereza,v,to set a dog to someone or something e.g. when hunting,,,,O
okuhereeruka,v,to attend to someone ог something last,,,,O
okuhereka,v,to give animals to someone to look after them on your behalf,,,,O
okuherera,v,to be in the last position,,,,O
okuhererayo,v,to disappear in a place where someone has gone,,,,O
okuhererwa,v,to be close to someone or something,,,,O
okuherura,v,to reach out to everyone,,,,O
okuheruura,v,"to take back what had been given to you, e.g. cows, goats, etc",,,,O
okuheshura,v,to quarrel or exchange words of humiliation with someone as a way of expressing anger,,,,O
okuheshurana,v,to insult one another,,,,O
okuheza,v,to finish what one was doing,,Akaheza ebi yaabaire naakora.,He finished what he was doing.,O
okuheza,v,to ejaculate during sex,,,,O
okuheza,v,to happen or take place through out the entire period,,,,O
okuhiga,v,to stir up or urge someone to do something,,,,O
okuhigika,v,to support,,Koogire ngu tinaakuhigika waaba nooza kugwa ahansi.,If I had not supported you would have fallen down.,O
okuhigikira,v,to fix in a place,,,,O
okuhigima,v,to grunt,,,,O
okuhigiza,v,to make room for others,,,,O
okuhigiza,v,to step aside or give way,,,,O
okuhiguka,v,to fall over from the ground (e.g of a tree),,,,O
okuhigura,v,"to uproot or dig out of the ground (especially trees, house etc.)",,Ninyenda kuhigura ebiti eby'amahwa byona omu irisizo ryangye.,I want to uproot all the thorny trees in my farm.,O
okuhihira,v,to cry while looking at someone or something,,,,O
okuhiiga,v,to hunt,,,,O
okuhiiga,v,to harvest root tubers e.g. sweet potatoes,,,,O
okuhiigahiiga,v,to walk at a slow speed especially when one is very fat,,,,O
okuhiiganisa,v,to persecute,,,,O
okuhiija,v,to make a very deep and prolonged sound,,,,O
okuhiika,v,to threaten to rain,,,,O
okuhiira,v,to help to make it easier for someone to do something by offering them ones' services or financial or material aid,,,,O
okuhiirwa,v,to be lucky,,,,O
okuhiisa,v,to get ready for eating,,,,O
okuhiisa,v,to become ripe,,,,O
okuhiisa,v,to make local beer from ripe bananas and sorghum,,,,O
okuhika,v,to get something right,,,,O
okuhika,v,to arrive at a destination,,,,O
okuhikaaan,v,to reach a common understanding or something,,,,O
okuhikaaan,v,to be close to each other physically,,,,O
okuhikiirira,v,to be righteous,,,,O
okuhikiiriza,v,to fulfil,,,,O
okuhikirana,v,to join people in eating or drinking,,,,O
okuhikirwa,v,to be a victim,,,,O
okuhimba,v,"to compose, e.g songs, poetry, etc",,,,O
okuhimbana embaju,v,to be in a state where one is about to die,,,,O
okuhimbisa,v,to praise,,,,O
okuhimbuuka,v,to resurrect from the dead,,,,O
okuhimbuuza,v,to bring back to life,,,,O
okuhimbya,v,to encourage someone to do something,,,,O
okuhimbya,v,to to praise someone for doing something nicely,,,,O
okuhimintuka,v,to run fast,,,,O
okuhimira,v,to draw blood from a cow's neck: mostly done by people who drink or cook blood like the Bahima,,,,O
okuhinda,v,to put a baby between the legs,,,,O
okuhinduka,v,to change,,,,O
okuhinduka,v,to turn (e.g. a garment),,,,O
okuhinduka,v,to convert,,Ninyenda kuhinduka nkaza omu diini ya murigirwa wangye.,I want to convert to my fiance's religion.,O
okuhinduriza,v,to wear a garmet inside out,,,,O
okuhinduriza,v,to have a sudden change of weather with the appearance of rainy clouds,,,,O
okuhindurura,v,to change something and replace it with another,,,,O
okuhinga,v,to dig or cultivate,,,,O
okuhinga,v,to exchange something for another,,,,O
okuhingaana,v,to exchange,,,,O
okuhingikana,v,to over-lap,,Ebintu bikahingikana tihaabaho buteeka.,Things overlapped and there was no order.,O
okuhingisa,v,to have someone cultivate your land,,Eshambu ye akagihingisa abasibe.,He had his piece of land cultivated by prisoners.,O
okuhingisiriza,v,to assist people cultivate their garden,,,,O
okuhingiza,v,to register,,Ebiro by'okuhingiza abateezi b'oburuuru bihoire.,The days for registering voters are passed.,O
okuhingura,v,to pass someone or something,,,,O
okuhinguuka,v,to finish a day's work,,,,O
okuhinguura,v,to make people retire from the garden,,Enjura ekagwa yaabahinguura bukiri kare.,It rained and made them retire from the garden when it was still early.,O
okuhinguza,v,to make someone pass something,,,,O
okuhinintuka,v,to gush out,,,,O
okuhinisa,v,to erect,,,,O
okuhinjuka,v,to get chopped into two,,,,O
okuhinjura,v,to chop something into pieces,,,,O
okuhinyangwa,v,to be unable to walk or work normally,,,,O
okuhinyirira,v,to pull clothes up to the knees as one moves,,Akahinyirira ekiteeyi kye ngu kitajuba.,She pulled her dress up to the knees so that it does not get wet.,O
okuhinyoora,v,to turn someone's hand in a painful way,,,,O
okuhinza,v,"to raise up the dead spirits so that they can disturb the living, either by using herbs or moving around the grave uttering chants",,,,O
okuhirayo,v,"to set forth and go somewhere, never to return",,,,O
okuhirika,v,to push down something and roll it over,,,,O
okuhirima,v,to fall down,,,,O
okuhirimba,v,to develop scales on the skin usually on the feet as a result of one not bathing,,,,O
okuhirimba,v,to be half cooked,,,,O
okuhirimbura,v,to chop a log into pieces,,Akahirimbura empimbi z'okutekyesa.,He cut a log into pieces to be used as firewood.,O
okuhiringisa,v,to make something roll,,,,O
okuhiringita,v,to roll,,,,O
okuhiringitsa,v,,,,,O
okuhiringuza,v,to make something roll,,Naamushanga ariyo naagyezaho kuhiringuza enshaho y'amakara.,I found him trying to roll a sack of chacoal.,O
okuhirira,v,to set forth on activity enthusiatically,,,,O
okuhiriza,v,to invoke evil spirits,,,,O
okuhitwa,v,to exceed in quality (especially beauty),,,,O
okuhogora,n,to put on something (for example a dress or a pair of trousers) and fail to fasten it properly,,,,O
okuhogoza,v,to bask in the sun,,,,O
okuhogoza,v,to put on a dress and shawl without a skirt,,,,O
okuhoha,v,to become very soft,,,,O
okuhoha,v,"to lose air, e.g. from a baloon",,,,O
okuhoma,v,"to cover a wall with a layer of mud, cement, etc",to plaster,,,O
okuhomba,v,to shrivel,,,,O
okuhombanya,v,to shrivel up,,,,O
okuhombatana,v,,,,,O
okuhomboora,v,to peel or scrap off wall plaster,,,,O
okuhomera,v,to put cow dung on the teats of a cow to stop a calf from sucking,,,,O
okuhomontora,v,,,,,O
okuhompatana,v,,,,,O
okuhompoora,v,to undress in public,,,,O
okuhona,v,to survive (e.g. an accident) narrowly,,,,O
okuhona,v,to stay alive after one has gone through a difficult time like a serious accident,,,,O
okuhona,v,to overgrow,,,,O
okuhona,v,to move in a different direction,,,,O
okuhonda,v,to hit or knock,,,,O
okuhonda,v,to pound,,,,O
okuhondeeza,v,to oversleep,to oversleep,,,O
okuhondoberera,v,"to be weak and dull, especially when sick",,,,O
okuhondooka,v,to become weak or thin,,,,O
okuhongoberera,v,,,,,O
okuhongoka,v,to become chipped off of something,,Ekikopo kyangye kyayeteera ahansi kyahongoka omukono.,My cup fell down and broke the handle.,O
okuhongora,v,"to chip off from something, for example from wood, stone, glass, etc",,,,O
okuhongora,v,to remove the maize grains from the cob,,,,O
okuhongoza,v,to become less strong,to abate,,,O
okuhononoka,v,to gradually lose vitality and become thin and small,,,,O
okuhonoora,v,to rub away something with firm pressure,,,,O
okuhonya,v,"to feel drowsy, to feel sleepy",,,,O
okuhonya,v,to develop wrinkles as with elderly people,,,,O
okuhoobeera,v,"to hug, to embrace",,,,O
okuhoobooba,v,to move far while searching for something,,,,O
okuhooga,v,to plead desperately for help or mercy,,,,O
okuhoogana,v,to give up something that one values for the sake of something more important or valuable,,Waaza ow'omufumu nooteekwa kuhoogana embuzi.,When you go to the witchdoctor you have to give a goat.,O
okuhoogooga,v,to walk slowly without lifting one's feet off the ground,to shuffle,,,O
okuhoora,v,to pay tax,,Obuyaabaire naguza ebitookye bakaba bamuhoora.,When he was selling matooke they would tax him.,O
okuhoora,v,to draw in (the abdominal wall),,Omushomesa akabagira ngu bahoore enda.,The teacher told them to breath in.,O
okuhoora-enzigu,v,to revenge,,,,O
okuhoorera,v,sound made by water or rain,roaring,,,O
okuhora,v,to lose heat,to cool,Akateka kyayi yaahoora.,She prepared chai and it became cold.,O
okuhorahoza,v,to make cold or luke warm,(of a drink),Yaaba naahorahoreza omwana obushera.,She was making the porridge cold for the child to drink.,O
okuhorobeka,v,to put mud in a wattle wall while building traditional houses,,,,O
okuhorogoma,v,breathing so hard as though one is about to faint,panting,,,O
okuhoroota,v,to become thin,to lose weight,,,O
okuhorora,v,pronounciation of words by people who are offsprings of Bakiga and Banyankore,,,,O
okuhota,v,to twist something,,,,O
okuhotama,v,to be curved or styled e.g. hair,,,,O
okuhotoka,v,to return or come back,,Akeebwa eshaaha yeye yahotoka.,She forgot her watch and came back.,O
okuhotora,v,to twist,,,,O
okuhotora,v,to return something,,,,O
okuhotorora,v,to rub with much energy,,,,O
okuhoza,v,to cool down something e.g. by mixing it with a cold fluid,,,,O
okuhoza,v,to plead a case in court,,,,O
okuhozahoza,v,to make something cool down quickly,,,,O
okuhuba,v,to be greedy,,,,O
okuhubika,v,"to cover something for sometime, e.g. green bananas to make them ripen",,,,O
okuhuga,v,to be absent minded and disoriented,,,,O
okuhuguta,v,to be soaked in water and rot from inside,(of a gourd),,,O
okuhugutsa,v,to be greedy,,,,O
okuhuguuka,v,to change from bad to good behaviour,,omwana ogu akaba ari omushuma kwonka hati akahunguuka.,this child was a thief but now he changed.,O
okuhuguuka,n,"the facts, information, understanding and skills that a person has acquired through experience or education",,,,O
okuhuguura,v,to clarify something: to correct a wrong impression created by someone,to clarify something,,,O
okuhuhura,v,to kill the dying (whether for euthanasia or other reasons),,,,O
okuhuhura,v,to beat with a lot of strength,,Omukazi akahuhuza enjoka efuka yaafa.,"The woman hit a snake with alot of energy, with her hoe and it died.",O
okuhuhuura,v,to rake a surface or scrape meat off a hide,,,,O
okuhuhuura,v,to dig a big but shallow patch while preparing land for millet growing,,Omwanya ogu yaabaire naahuhuura gukagira amabaare yaagureka.,The place she was preparing for millet growing had stones and she abandoned it.,O
okuhujeera,v,to wheeze restlessly,,,,O
okuhuma,v,to become blind,,,,O
okuhumaana,v,to become a leper,,,,O
okuhumagiza,v,to close one's eyes,,,,O
okuhumba,v,to gather wild berries,,,,O
okuhumbaguza,v,to eat different kinds of foodstuffs within a short interval,,,,O
okuhumbata,v,to swarm around,,Enshohera zaahumbata embwa.,The dog was swarmed with flies.,O
okuhumbika,v,to cover someone or something in order to hide it,,,,O
okuhumbuuka,v,to come back to life,to resurrect,,,O
okuhumbuura,v,to restore to life as believed of magicians,,,,O
okuhumbuuza,v,to harvest everything in a garden,,,,O
okuhumbya,n,to pray for someone especially on a big assigment e.g. war,,,,O
okuhumbya,v,to pray for someone,,,,O
okuhumbya,v,to wink eyes,,,,O
okuhumiriza,v,to close on's eyes,,,,O
okuhumiza,v,to close the eyes,,,,O
okuhumuura,v,to open eyes,,,,O
okuhuna,v,to visit someone too often,,,,O
okuhunama,v,to keep quiet,,,,O
okuhunda,v,to adorn with ornaments,to decorate,,,O
okuhundama,v,to grow thin,,,,O
okuhundika,v,to suffer severely or die from hunger,to cause starvation,,,O
okuhunduuka,v,to lose lusture; to fade,,,,O
okuhunduura,v,to make something fade or lose lusture,,,,O
okuhunduura,v,to come to the end of the harvest season when all fruits fall off,crops,,,O
okuhunduuza,v,"to renovate, refurbish",,"Ku yaabaire naaza kuhingira omuhara, akahunduuza enju ye yaaba nsya.","When he was going to give away his daughter in marriage, he renovated his house and made it new.",O
okuhunga,v,to run away from a threat and go to exile,,Hakabaho orutaro abantu bahunga.,There was a war and all people migrated.,O
okuhungabana,v,to become weak and feel dizzy especially when one is sick,,,,O
okuhungira,v,to doze or to feel sleepy,,,,O
okuhunguka,v,to look the other way,,,,O
okuhunguka,v,to pass in someone's home on a long journey,,,,O
okuhungungwa,v,to move from place to place aimlessly,to wander,Omushazi asiibire naahungunga ekyaro kyona.,The mad person has been wandering all over the village the whole day.,O
okuhungura,v,to inherit a person's property or wife after his death,,,,O
okuhungura,v,to remove maize from a kob,,,,O
okuhungura,v,to shake the buttocks,,,,O
okuhungurura,v,,,,,O
okuhungutuka,v,to lose some senses,,,,O
okuhunguugwa,v,to move aimlessly when one is idle,,,,O
okuhungwa,v,"to shake, e.g. a container full of juice",,,,O
okuhungyesa,v,to whisk: to keep away insects from animals using leaves,to whisk,,,O
okuhunika,v,"to store food (often cereals in a granary, etc)",,,,O
okuhunika,v,to keep in the mouth,,,,O
okuhunjagara,v,to have a nap,,,,O
okuhunjagara,v,to set: to disappear below the horizon,(of the sun),,,O
okuhunjama,v,"to grunt, not wanting people to come near him or her, or when he or she does not want someone to share food with him or her",(of a person),,,O
okuhununtuka,v,to keep on moving from one place to another looking for food,,,,O
okuhunyahunya,v,to flee from danger,to run away,Ebicuncu ku byataahiriire ekyaro abatuuze boona baahunyahunya.,"When lions invaded the village, all the villagers fled.",O
okuhunyura,v,to remove immature grain seeds from their husks,,,,O
okuhunyura,v,"to produce a child prematurely, usually during the seventh month of pregnancy",,,,O
okuhunyuuka,v,to sweep away things from place to place and the place becomes bare,,,,O
okuhura,v,to lose appetite due to pregnancy,,,,O
okuhurikana,v,to confuse two things one for the other,,,,O
okuhurikiza,v,to listen,,,,O
okuhurira,v,to hear,,,,O
okuhurizana,v,to keep in touch,,N'obu yaagiire hare bakaguma nibahurizana.,Though he went far they kept in touch.,O
okuhurubuka,v,to move out of a place quickly and unnoticed,to move secretly,,,O
okuhurubura,v,"to strip things of a common attachment from that attachment e.g. maizie, coffee, etc",,,,O
okuhuruguta,v,to rot inside,(said of gourd),,,O
okuhurura,v,to respond to a call after someone has died,,,,O
okuhururuka,v,to grow thin,,,,O
okuhururura,v,to starve,,,,O
okuhururwa,v,to be in pain,,,,O
okuhuruutuka,v,to happen very fast,,Ekiti kikahurutuka omu muti kyamuteera.,The wood came fast from the tree and beat him.,O
okuhuruutuka,v,to rush,,,,O
okuhuruutura,v,to eat while making a noise,,,,O
okuhuruutura,v,to scare someone,,Akaija nairuka yampurutura omutima.,He came running and scared me.,O
okuhuruutura,v,to pull someone very fast,,,,O
okuhuruza,v,to call people in times of danger,,,,O
okuhurwa,v,to lose appetite for something,,,,O
okuhusha,v,to miss a mark or target,,,,O
okuhushukana,v,,,,,O
okuhutaara,v,to be injured,,Bakaba nibazaana yaamuhutaaza.,As they were playing he injured her.,O
okuhuuba,v,to make something move backward and forward or from side to side while hanging on a fixed point,to swing,Omwana naahuuba omugoye.,The child is swinging the rope.,O
okuhuubya,v,to harvest all mature bananas of whatever size in the plantation,,,,O
okuhuuga,v,to shade or paint with parallel pencil lines or use colours to design something,,,,O
okuhuugiza,v,"to make someone feel unsteady, dozed or confused",to feel dizzy,,,O
okuhuugiza,v,to protect someone or something from being seen,to hide,,,O
okuhuuha,v,to send out air from the mouth or to be moved by wind,to blow,,,O
okuhuuha,v,to chase something away,,,,O
okuhuuhira,v,to make fire on one side so as to enable bananas for beer to ripen fast,,,,O
okuhuuhira,v,to grow secondary hair at puberty stage,,,,O
okuhuuhuuta,v,to cause the sensation of intense burning pain,,,,O
okuhuukura,v,to eat food quickly and in large quantities,to gulp,,,O
okuhuukura,v,to eat food greedily,,,,O
okuhuuma,v,to hoot,,,,O
okuhuumura,v,to emit a scent of a specific kind,to be aromatic,Ebyokurya ebi nibihuumura,The food smells good,O
okuhuumura,v,"to rest or go on holiday, or lunch break",,,,O
okuhuumura,v,to die,,,,O
okuhuumuriza,v,to counsel or confort someone,,Bakahuumuriza abaabaire barwaire siriimu.,They counselled the HIV/AIDS patients.,O
okuhuumuruka,v,to go back to school,,,,O
okuhuumuza,v,to put something down briefly in order to rest,,,,O
okuhuumuza,v,to console or comfort someone in grief,,,,O
okuhuumuza,v,to retire someone,,"Ku yaahikize emyaka nkaaga, baamuhuumuza.",When he clocked sixty years he was made to retire.,O
okuhuuna,v,to grunt,,,,O
okuhuunagira,v,to grunt in bewilderment; to be bewildered,,,,O
okuhuunaho,v,to smell on something,,Embwa yaahuunaho aha bijwaro ebigubire.,The dog has smelled on dirty clothes.,O
okuhuura,v,to thresh,,,,O
okuhuurana,v,to move up and down looking for something and not finding it,,Omukazi akahuurana aha kushutama haabura.,The woman moved up and down looking for where to sit.,O
okuhuurikana,v,to confuse two things,,,,O
okuhuurira,v,,,,,O
okuhuuta,v,to sip something e.g. soup,,,,O
okuhuutirira,v,to blow at someone who is either in pain or needs fresh air,,,,O
okuhuutirira,v,to blow the fire in order to keep it alite,,,,O
okuhuuyuura,v,to move in a haphazard manner,,,,O
okuhuuza,v,to move all over the place trying to locate something,,,,O
okuhwa,v,to complete something that one is doing,to get finished,,,O
okuhwaho,v,to be completely finished,,,,O
okuhwaho,v,to be annihilated,,,,O
okuhwahuuka,v,a be or feel light,,,,O
okuhwama,v,to do something without any hesitation,,,,O
okuhwama,v,to be slow to act or speak because feeling uncertain or nervous,to hesitate,,,O
okuhwama,v,to loiter all over the place or on something,,,,O
okuhwamu,v,to get finished,,,,O
okuhwanaho,v,to go different ways because of a disagreement,to be separated,,,O
okuhwaziira,v,"to lose concentration, focus or attention",,Ku oraahwaziire esente nibazikwibaho.,"If you are not attentive, they will steal the money from you.",O
okuhwehura,v,to whisper to somebody,,,,O
okuhweisa,v,to stop giving milk,,Ente zikahwisa abantu babura amate.,The cows went dry and people lacked milk.,O
okuhwekahweka,v,"to flatter somebody with an aim of achieving something, usually done to somebody in position of influence",,,,O
okuhwekyera,v,to dose,,,,O
okuhwekyerera,v,to die out,,,,O
okuhwengyeza,v,to try to locate something with difficulty especially when there is darkness,,,,O
okuhwera,v,to give a hand to someone in solving a problem,to help or assist,,,O
okuhwera,v,to become impossible to see,,,,O
okuhwerekyerera,v,to be destroyed completely,,,,O
okuhwerera,v,"When salt is put in water, it dissolves",dissolve,Omwonyo ku orikuguta omu maizi guhwerera.,"When salt is put in water, it dissolves.",O
okuhwerera,v,to die down,,,,O
okuhwerera,v,to wear out,,,,O
okuhwerera,v,to be dispersed,,,,O
okuhweza,v,"to be able to see clearly as a result of an illumination from a source that produces light eg the sun, fire, etc",,"Kubwaba nibuhweza omukasheeshe, abaisurukare baija baamutwara omu kihome.","When it began to light in the morning, the police came and took him to prison.",O
okuhweza,v,to be civilised or intelligent,,Abantu b'owaabo hati bakahweza.,people from her village are now civilized.,O
okuhwihwisa,n,to whisper especially of young children in the presence of a superior person,,,,O
okuhwita,v,to grow very old,,,,O
okuhwizima,v,to get dark,,,,O
okujaakara,v,to spread about,,,,O
okujaayana,v,to move all over the place looking for something or someone,to wander,Naaza kujaayana kubona ekintu ekyo.,He will wonder around to get that thing.,O
okujaayana,v,to move from place to place with no particular direction or purpose,to wander,Omuriisa w'entaama akajayana arikuronda entaama eyaabaire ebuzire.,The shephered wandered looking for a lost sheep.,O
okujaba,v,to move your tongue over the surface of something in order to eat or drink it,to lick or lap,Embwa eriyo neejaba amate.,The dog is licking milk.,O
okujabajaba,v,to do something haphazzardly,,Obwire ku bwamukwasire ebintu yabijabajaba baitu ngu akaabiheza.,"When he ran out of time, he disi the rest of the things halfhazzardly in oreder to finish.",O
okujabama,v,to fall in mud or water and become wet all over,,,,O
okujabanga,v,to make untidy,,,,O
okujabiirira,v,to be shabby,,,,O
okujabiirira,v,to have a bushy body,,,,O
okujabika,v,to immerse something into water,,Omwana akajabika engaro omu maizi garikwosya gamutengura.,The child dipped her hands in hot water and it badly burnt her.,O
okujabuka,v,to emerge from water or to cross a swamp,,,,O
okujabura,v,"to eat food before the time of the meal especially from the kitchen, and sometimes when it is not yet ready",,,,O
okujaburira,v,to wash a baby or feverish person with a concoction of herbs,,,,O
okujabuura,v,to scoup something out of a liquid,,Jabuura omwenda ogwe omu maizi.,Scoup that cloth out of water.,O
okujabuza,v,to walk in water,,Amaizi gakaijura omugyera abantu baayambuka nibajabuza.,Water filled up the river as a reult people crossed walking in water.,O
okujagaata,v,to be hairly,,Entaama yaitu ekuzire yajagaata munonga.,Our sheep has grown and become very hairly.,O
okujagaata,v,to have many leaves,,Ebimera nibijagaata omu itumba.,Plants grow many leaves in the rainy season.,O
okujagaatsya,v,to be restless having seen somebody trying to show off and demonstrate that one knows better how to handle a particular circumstance,,,,O
okujagajaga,v,to be restless,,,,O
okujagambura,v,to do things haphazadly that is not in the right way,,,,O
okujaganya,v,to move about with excitement,,,,O
okujagarara,v,to be excited,,,,O
okujagura,v,to notch the ear,,,,O
okujaguza,v,to celebrate,,,,O
okujajama,v,to rest or relax as a result of accumulating wealth,to feel comfortable,,,O
okujajura,v,to do things haphazardly,,,,O
okujakura,v,to snatch something from somebody forcefully and severely,,,,O
okujandura,v,to quickly sieze something from somebody in a rude eager way,to snatch,,,O
okujanduura,v,take something by surprise,,,,O
okujangarara,v,to stand out stiff,,,,O
okujanjaara,v,to spread,,Emyaka eyahwire ejwa ekajanjaara omu bicweka bimwe bya Ankole.,Some years back foot and mouth disease spread in some parts of Ankoe.,O
okujanjamura,v,to open something that has been folded,,,,O
okujanjamura,v,"to spread flat, i.e. to become bigger and wider",to unfold,,,O
okujanjarika,v,to tie loosely or tread gingerly,,"Yaakoma arikujanjarika, embwa yaatoroka.",He tied the dog loosely and it escaped.,O
okujarajara,v,the act of moving around without an aim,to loiter,Bakaba nibajarajara omu tawuni baabakwata.,They were loitering in town and they were arrested.,O
okujarama,v,"to enjoy a life of priviledges, comfort and favours",,,,O
okujarika,v,to spread out things offered for sale especially on the streets in the market,,,,O
okujeebeera,v,to put too much water in something especially food,sodden,,,O
okujeema,v,to disobey,,Okujeemera abashomesa n'akamanyiso k'emicwe mibi.,Disobeying teachers is a sign of indiscipline.,O
okujeemuura,v,to convice someone to accept something,,,,O
okujeemuura,v,"to punish someone who is badly behaved, with the aim of changing their behaviours",,,,O
okujega,v,to be loose,,Eriino rye ku ryatandikire kujega yaatiina ngu nibaza kurikuura.,When his tooth became loose he feared that it could be uprooted.,O
okujegyemba,v,to make short sharp sounds quickly one after the other,,,,O
okujenga,v,to become sodden,,,,O
okujenga,v,to compose songs about cows,,,,O
okujenjagura,v,to break into pieces by hitting,,,,O
okujenjeeka,v,,,,,O
okujenjeka,v,,,,,O
okujenjema,v,to refuse to to do something that you are required to do,,,,O
okujenjereka,v,to tie something loosely,,,,O
okujerenga,v,to weave neatly,,,,O
okujigaija,v,to deliver the first child among women or to produce the first time among animals,,,,O
okujiginya,v,to grow very fat and short and one moves in a funny way,,,,O
okujinyika,v,to be angry or to feel great displeasure or hostility towards someone or something caused by a sense of injury or wrong,,,,O
okujinyika,v,to be serious when doing something,,,,O
okujiriiza,v,to be very angry,,,,O
okujogoka,v,to be dislocated or sustain multiple fractures,,,,O
okujogonya,v,to rot and contain maggots,,,,O
okujogoora,v,to sort or select something or somebody from others,,,,O
okujoimoka,v,to grow well on fertile,,,,O
okujojora,v,to remove fibers from a banana plant using hands,,,,O
okujojora,v,to dilute a drink dilute,,,,O
okujongoma,v,to become very soft,,,,O
okujonjogora,v,to remove something from one place to another,to sort,,,O
okujonjogyera,v,to walk on heels or on side of feet because of pain elsewhere on the feet,,,,O
okujonjora,v,to find something that is hidden deep amongst others,,,,O
okujoobeera,v,to show lack of self confidence,,,,O
okujooga,v,to look down upon somebody or something,,,,O
okujoroga,v,to piss,,,,O
okuju,n,knee,,,,O
okujuba,v,to have ones body and clothes wet,,Enjura ekamuteera ebijwaro byajuba.,It rained onon him and his clothes got wet.,O
okujuba,v,to fish,,,,O
okujubajuba,v,to speak with too much speed and leave some words incomplete while giving a speech,,,,O
okujubajuba,v,to do something in a hurried and improper way,,,,O
okujubuka,v,to come out of water,,,,O
okujuga,v,to pay bride price,,Iba akajuga ente ikumi.,Her husband paid ten cows as ride price.,O
okujuga,v,"to make a sound e.g. cows, goats, sheep",,,,O
okujugisa,v,to charge something dearly,,,,O
okujugisa,v,to ask for bridewealth or dowry,,,,O
okujugumbya,v,"to chose cows for dowry but the people chosing are not satisfied with cows they have chosen, they keep bringing others and if the former are not satisfied they will still ask for others",,,,O
okujuguta,v,to operate bellows in black smith forge,,,,O
okujuguta,v,to throw away something with force,,,,O
okujuguta,v,to break (said of the day) when the sun shows initial signs of raising,,Ija okurugute naba ni mpindira ebyoma.,come and light the fire as I turn the metals.,O
okujugutirira,v,to encourage somebody to do something,,,,O
okujugutirira,v,to make fire,,,,O
okujujura,v,to burn or roast something in patches (not whole),,,,O
okujujuuka,v,to grow very fat,,,,O
okujukaana,v,to compete,,Kujukaana na orikukukiza sente nooba nooshisha obwire.,"If you compete with someone who has more money than you have, you will be wasting time",O
okujuma,v,to abuse,to insult,,,O
okujumba,v,to bring bride price quickly and claim a wife without her consent,,,,O
okujumbika,v,to conserve fire in the fire place by covering it with ash,,,,O
okujumbika,v,"to bake potatoes, maize or cassava in fire",,,,O
okujumbuka,v,to dash out from somewhere,,Enyamaishwa eyajumbuka omu kishaka bagicumita eicumu.,The animal that has dashed out of the bush has been speared.,O
okujumbura,v,to discover,,,,O
okujumbura,v,to remove something that is being baked in fire,,,,O
okujumburira,v,to administer herbal medicine by chewing it and then spitting in the mouth of the sick child,,,,O
okujumeera,v,to make a deep sound especially by cows,to mow,,,O
okujumirira,v,to bitterly criticize an action or behaviour,,,,O
okujuna,v,to save somebody or something from something,,,,O
okujunaana,v,to accuse somebody of something,,,,O
okujunda,v,to be rotten and smell bad,to rot,,,O
okujunga,v,to dehusk grain by rubbing it between the hands,,,,O
okujungirira,v,to dehask finger millet or sorghum with the hands to get fine grains,,,,O
okujunguza,v,,,,,O
okujunisa,v,"to announce something, usually to the king",,,,O
okujunjugura,n,to remove maize seeds from the cob,,,,O
okujunjuma,v,"to say something in a way that is not loud or clear enough, so that words are hard to understand",to buzz,,,O
okujunjuma,v,to utter words in a rapid low voice in a way that is difficult to understood,to buzz,,,O
okujunjumuka,v,to grow fast and the physical structure exceeds the actual years someone or something has,,,,O
okujunjuuta,v,to make a sound that bees make while flying,to buzz,,,O
okujunjuuta,v,to pester someone whom you had earlier annoyed wanting him to give you something,,,,O
okujunwa,v,to be saved or delivered from sin,,,,O
okujura,v,to remember longingly or with regret,,,,O
okujurira,v,to testify: to serve as a witness in a court case,,,,O
okujurira,v,to solemnly affirm that something is true,,,,O
okujurira,v,to appeal,,,,O
okujuriza,v,to apply in a higher court for the reversal of the decision or judgement of the lower court,to appeal,Omushango ku gwamusingire yaajuriza omu kooti enkuru.,When he lost the case he applealed in high court.,O
okujurunga,v,"to talk incoherently and say things which are not in order, uncoordinated and which are difficult to understand",,Omushaija akajurunga orubazo aha mukoro.,A man gave an unclear speech at the function.,O
okujuukirira,v,to scold or to criticise someone severely and angrily for something he or she has done,,,,O
okujuumagira,v,to be naive: to lack experience of life and tending to trust other people and believe things so easily,,,,O
okujuumagira,v,to look down as when ashamed,,,,O
okujuumara,v,to lie face down or up-side down,,,,O
okujuumara,v,to stop living or to lose life,to die,,,O
okujuumara,v,to be overturned: to collapse,,,,O
okujuumika,v,to put something upside down,to overturn,,,O
okujuumuura,v,to turn something or somebody the right way up,,,,O
okujuumuura,v,to turn something upside down,,Akajuumuura orubengo ngu akasa obuuro.,She turned the grinding stone upside down so that she could grind the millet.,O
okujuura,v,to remove an item of clothing or adornment,,,,O
okujuyajuya,v,to do something haphazardly,,,,O
okujuyanga,v,do something in a disorderly and disorganised manner,to disorganise,,,O
okujwa,v,to bleed,,,,O
okujwa,v,to shine,,,,O
okujwa,v,passing through a small hole or crack on the container,to leak (of a liquid or gas),,,O
okujwagirira,v,to have collective support from others during an activity,,,,O
okujwagura,v,to separate,,,,O
okujwahukira,v,to do something with enthusiasm,,,,O
okujwana,v,to have a relationship or a basis for correlation,,,,O
okujwanga,v,to mix,,,,O
okujwara,v,to wear something or item of clothing or any object on the body,,,,O
okujwara,v,to engage someone in a heated debate or insult someone in a heated argument or fight,,,,O
okujwekyera,v,to stand in for someone,to represent,,,O
okujwenzya,v,to destroy something completely e.g. a house,,,,O
okukaabuuza,v,to move slowly in a bush or in a banana plantation with dry leaves making sound under one's feet,to rustle,,,O
okukaakaara,v,to be physically powerful,to be strong,,,O
okukaakabika,v,to ask hard questions to someone or a group,,,,O
okukaakatika,v,to falsely accuse someone or blame him or her for something which he or she does not know,,Akamukaatikaho omushango gu atarikumanya.,He falsely accused him of something he did not know.,O
okukaanyuka,v,unable to walk fast because of too much weight,to move slowly,,,O
okukaara,v,to put additional timber on a cattle kraal or pen,,,,O
okukaaraama,v,"to be severe, said of sunshine or pestilence",,,,O
okukaaraama,v,to angrily stick to your demand or position,,,,O
okukaata,v,to knead mud or clay with feet by pressing it continously,,,,O
okukaatagirira,v,,,,,O
okukaatiika,v,to force something onto another,,,,O
okukaatiika,v,to put something loosely onto another,,,,O
okukaatiika,v,to paste,,,,O
okukaatiika,v,to beat someone and leave marks on the body,,,,O
okukaatuuza,v,to move while making a loud sound especially when moving in a group,,Abaserukare baarabaho nibakaatuuza omu muhanda.,The soldiers passed by marching loudly on the street.,O
okukaba,v,to pass out or to die,,,,O
okukabara,v,to dig deep and shatter soil clods in preparation for planting or sowing,,,,O
okukabuka,v,to speak to someone roughly and in a way that indicates anger,,,,O
okukabura,v,to grow strong and sometimes fatter,,,,O
okukaga,v,to sense something or somebody using the nose,,,,O
okukagata,v,to harden,,,,O
okukagirira,v,to breath in to ascertain the source of a smell,to sniff,,,O
okukaikura,v,to grow very old,,Nyina akakaikura takibaasa kugyenda.,His mother is so old that she can longer walk.,O
okukaka,v,to force someone to do something he or she never wanted to do,,,,O
okukaka,v,to make sound like that of a tree breaking or being felled,,,,O
okukaka,v,,,,,O
okukaka,v,"to become fat, to put on much weight",,,,O
okukaka,v,to compel,,,,O
okukakanisa,v,to force oneself to do something,,,,O
okukakaza,v,to move in a big mass or as a group,,,,O
okukama,v,"to squeeze the teats of a cow, goat etc to get milk",to milk,,,O
okukamahara,v,to become very rich or to live an easy life; to acquire power,,,,O
okukama-obwasi,v,to milk a cow that has lost its calf by giving it a hide to lick as it is being milked,,,,O
okukamata,v,to seize something or somebody forcefully,,,,O
okukamba,v,to become rough,,Eishokye ryangye rikambire.,My hair is rough.,O
okukambarara,v,to feel pain in the muscles so that one cannot easily move,to be stiff,,,O
okukambiika,v,to put up a tent,to camp,Abaana b'amashomero bakakambiika omu ihamba.,Students camped in a forest.,O
okukambuka,v,to lose roof,to become unthatched,,,O
okukambuka,v,to become emanciated,,,,O
okukambuura,v,to demolish a structure,,,,O
okukambuura,v,to remove grass from a roof of a grass thatched house,,,,O
okukamiirira,v,to milk so much from the udder and leave too little for the calf,,,,O
okukamuuka,v,to be in the process of drying,to be partially dry,,,O
okukana,v,"to click the tongue and make a short, sharp sound, often as a way to insult someone",,,,O
okukana,v,to cut a skin into strips or to cut off the edges of a skin,,,,O
okukanagira,v,to breath with difficulties,,,,O
okukanama,v,to refuse to do something,,,,O
okukanama,v,to do something with all one's strength,,,,O
okukananga,v,to strike somebody or something with the hand or with an object,to hit repeatedly,,,O
okukanangirira,v,to lock the door very tightly so that it is very hard to open it,,,,O
okukanantirira,v,to tighten something with nails,,,,O
okukanashura,v,,,,,O
okukanda,v,"to mix baking powder and other ingredients to bake bread, etc.",to knead with hands,,,O
okukanda,v,to go wild (said of a garden or plantation),to go wild (said of a garden or plantation),Akareka orutookye rwakanda.,He left the weeds to grow in the banana plantation.,O
okukanduura,v,to clear a jungle or bush that had overgrown,,,,O
okukanga,v,to frighten someone or something,to startle,,,O
okukangaata,v,to hit hard with an object,,,,O
okukangaatira,v,to make something firm by hitting it e.g. a nail,,,,O
okukangarana,v,to be shocked or frightened by something or somebody,to be startled,,,O
okukangaza,v,to move up and down with an intent to do something,,,,O
okukanika,v,to put something damaged or old in good condition,to repair,,,O
okukanirira,v,to hammer a nail into a piece of wood,,,,O
okukanjakanja,v,to chew something,,,,O
okukanjarara,v,to dry something e.g. a cloth so that it longer contains water,,,,O
okukankabura,v,(of bananas) the stage of flowering,,,,O
okukankabura,v,to dismember; to make somebody or something wear out,,,,O
okukankama,v,to shout: to say something loud,,,,O
okukankama,v,(of a dog) to snarl: to make an angry sound while showing the teeth,,,,O
okukanuka,v,to die suddenly or unexpectedly and in a mysterious way without any sickness,,,,O
okukanura,v,to cause to die suddenly or unexpectedly,,,,O
okukanya,v,to increase in quantity or number,,,,O
okukanyarara,v,,,,,O
okukanyarara,v,to be riddled with creases (said of a cloth),,,,O
okukara,v,to expose something (especially meat) to fire in order to dry it,,,,O
okukara,v,to be tough on somebody,,,,O
okukaraba,v,to to perform a ritual for atoning an act of murder,,,,O
okukarabira,v,to hold onto something without letting it go,,,,O
okukarabura,v,to put marks on a surface using something sharp,to scratch,,,O
okukaraga,v,to write in a distinctive way,,,,O
okukaraga,v,to sign one's name,,,,O
okukaragata,,to tickle,,,,O
okukara-icumu,phr,,,,,O
okukarakaata,v,to get an unpleasant itch on the throat due to what one has eaten,,,,O
okukarakamba,v,to become stiff or too hard to be bent,,,,O
okukarangatana,v,to be completely dry or dehydrated,,,,O
okukarangura,v,to repeat a performance,,,,O
okukaruriza,v,to force something to move despite being in a poor state,,,,O
okukaruuza,v,to try and clear something from the throat,,,,O
okukanga,v,to visit a place for a short time,,,,O
okukatuka,v,to snap,,,,O
okukeba,v,to see someone especially when he or she is hiding,,Baamukeba ayesherekire omu ihamba.,They saw him hiding in the forest.,O
okukirigiita,v,"to touch the body lightly with a soothing sensation, causing laughter or twitching movements",to tickle,,,O
okukiika,v,to meet as a group to discuss matters of mutual interest,,,,O
okukiriirira,v,a narrow escape e.g. from an accident,to survive narrowly,,,O
okukiika,v,to hide quickly what you do not want others to see,,,,O
okukiika,v,to make something lie horizontally,,,,O
okukiikama,v,to take a detour,,,,O
okukiikama,v,to be bent or sheared,,,,O
okukiikamura,v,to cause something to turn to the original direction,,,,O
okukiika-oruhoko,v,to perform a ritual after someone has died,,,,O
okukiikira,v,to hold a baby on ones lap,,,,O
okukiikiza,v,to sit around the fire or to surround someone or something,,,,O
okukiikiza,v,to place along the perimeter fence,,,,O
okukiikuura,v,to take or express something in a round-about manner,,,,O
okukiirana,v,to play all the time instead of doing work,,,,O
okukikina,v,to suffer from a bad cough,,,,O
okukimba,v,to mock,,,,O
okukimba,v,to hit something or somebody hard by slapping,,,,O
okukimba,v,to drink or eat fast without a break,,,,O
okukimba,v,to experience a sharp pain,,,,O
okukina,v,(of people or animals) to gallop or run or walk quickly,to trot,,,O
okukinagira,v,,,,,O
okukinduka,v,to carry a very heavy load; to be overworked,,,,O
okukinga,v,"to close, e,g a door",,,,O
okukingirana,v,to lock up something or someone,,,,O
okukinguuka,v,to become clear after something that has been blocking another is removed,,,,O
okukiniika,v,to mock someone by making derogatory remarks,to be sarcastic,,,O
okukinuka,v,,,,,O
okukinura,v,to consume everything,,,,O
okukinura,v,to beat someone or something hard,,,,O
okukinura,v,to kill suddenly,,,,O
okukinya,v,to throw something down heavily or with anger,,,,O
okukira,v,to be healed from sickness,,,,O
okukira,v,to get something one has been in need of,,,,O
okukira,v,to get over an undesirable situation,,,,O
okukira,v,to give birth,,,,O
okukira,v,to be older or richer than someone,,,,O
okukiranura,v,to make something suited to new conditions,to adjust quantities to equality,,,O
okukirengura,v,to pour a liquid in many containers,,,,O
okukiriituka,v,"to play too much, especially for children",,,,O
okukirira-hakye,v,to escape death by sheer luck,,,,O
okukiriza,v,to move something or someone from a lower to a higher position,to lift,,,O
okukiriza,v,a form of marriage where a girl is carried forcefully to the boy's house,to carry (a bride) in sedan,,,O
okukiruuka,v,to recover from sickness,,,,O
okukiza,v,to heal or relieve a person of pain or sickness,,Abashaho nibakiza abantu abarikushaasha.,Doctors relieve patients of their pain.,O
okukiza,v,to have a greater quantity or a greater capacity for something,,Abashaho nibakiza abantu abarikushaasha.,Doctors relieve patients of their pain.,O
okukobeka,v,to pass or secure a strand beneath another when making a knot,,,,O
okukobeka,v,to hide something behind another,,,,O
okukobora,v,to break transversal into two pieces or fragments,,,,O
okukoborora,v,used to refer to a cow to give birth before showing late pregnancy signs,,,,O
okukocakocora,v,to break into pieces,,,,O
okukogota,v,"to grow very old (said of calabash, pumpkin marrow and trees)",,,,O
okukogota,v,to scrape something stuck into a surface (especially food stuck onto walls of a pot),,,,O
okukohekana,v,to pull along something entrapped on your body,,,,O
okukohekana,v,to snatch,,,,O
okukohora,v,to reduce the size of something by taking a small portion of it away,,,,O
okukoka,v,to come or go in large numbers (e.g. when attending a party),,,,O
okukoka,v,to spill over (said of heaped things),,,,O
okukokooka,v,to get peeled off,(of the skin),,,O
okukokoora,v,to remove the bark or scrab from something,,,,O
okukokootsa,v,to cause shriveling,,,,O
okukokoza,v,to crow,(of a cock),,,O
okukoma,v,"to attach or fasten with a string, a rope or similar cord",to tie or fasten,,,O
okukoma,v,to take someone to prison for breaking the law,to imprison,,,O
okukoma,v,"to certify that something is correct or definite, and that it has been agreed upon.",,Abashaija baakikoma ku barikuza kukora hamwe.,The men confirmed that they would work together.,K
okukoma,v,to stop at or terminate something.,,,,K
okukomaga,v,to make backcloth.,,,,K
okukomanga,v,"to peck or knock on something, especially done by birds with their beaks.",,,,K
okukomantirira,v,to close securely by nailing onto the frame.,,,,K
okukomba,v,to move a tongue on something with the aim of consuming it.,lick,,,K
okukombatana,v,to shrivel.,,,,K
okukombeera,v,to join forces in order to fight a common enemy or to accomplish a task.,combine effort,,,K
okukombeeza,v,to use hands alternatively when milking an animal.,,,,K
okukomboka,v,to strike someone with a lot of force.,,,,K
okukomeeka,v,to mount the female (said of a cat or dog).,,,,K
okukomeerera,v,to strike nails into something such as iron sheets when roofing.,,,,K
okukomera,v,to pick unwanted buds from the tobacco plant.,,,,K
okukomera,v,to give presents to a baby when it cuts its first teeth.,,,,K
okukomera,v,to plant beans or maize wide apart.,,,,K
okukomesa,n,to perform a ceremony when the baby cuts the first teeth.,,,,K
okukomooka,v,to originate from somewhere.,,,,K
okukomooroka,v,to become loose or unfastened.,,,,K
okukomoorora,v,to take a knot out of a piece of rope or a string that fastens something.,untie,,,K
okukomoorora,v,to relase someone from prison.,,,,K
okukomoorora,v,to cut a new backcloth into a shape of what you want to sew e.g. a shirt.,,,,K
okukomora,v,to give birth after a long interval.,,,,K
okukomora,v,to manage someone or something that seems difficult to.,,,,K
okukomya,v,to close and open one or both eyes.,blink,,,K
okukona,v,(of food) to be undercooked.,,,,K
okukona,v,(of beer bananas) to fail to ripen.,,,,K
okukona,v,"to remove testicles of a male domestic animals especially goats, cows, sheep, etc.",castrate,,,K
okukona,v,to prune nearly all the leaves of the banana plant.,,,,K
okukonda,v,to cause something to fall without cutting it (e.g. a banana tree).,,,,K
okukonda,v,to cut down a big tree.,,,,K
okukondaharira,v,to make someone less strong and healthy.,weaken,,,K
okukondaharira,v,to bend over or to overhang something.,,,,K
okukondahirirwa,v,"to have many problems beyond the normal, more than you can bear.",,,,K
okukondahirirwa,v,"to live under harsh conditions, with no hope and peace. To live a life full of misery.",,,,K
okukondakonda,v,to swing or dangle.,,,,K
okukondogoza,v,to sit with the head bent forwards.,,,,K
okukondooka,v,bend over due to weight or height.,stoop,Emitumba yangye nimiraingwa munonga ebitookye byayo nibikondooka.,,K
okukondoora,v,to use a broom to clean the courtyard or house.,sweep,,,K
okukondooza,v,to walk with a stoop because of exhaustion.,,,,K
okukonera,v,to harvest crops before they are fully mature.,,,,K
okukongooka,v,"to be stripped of branches, twigs, leaves, etc.",,Omwana agwire ahansi yaakongoka eriino.,The child fell down and broke off a part of his tooth.,K
okukongoora,v,to remove all the branches from the tree and leave it bare.,,"Ku orikukongoora omuti, gwoma.","When you remove all the branches from the tree, it dries up.",K
okukongoota,v,"to strike a surface noisly to attract attention, especially when waiting to be let in through the door.",knock on the door,,,K
okukongootera,v,to repeatedly pat a child's back in order to make it go asleep or soothe it.,,,,K
okukongora,v,to cheat others at work by doing less.,,,,K
okukongyeza,v,to light something or make a fire.,,,,K
okukonjoka,v,to remove the back of the tree or skin by some force.,peel off,,,K
okukonkobeka,v,to insert nasal tag in the animal's nose to prevent it from sucking.,,,,K
okukonkoboka,v,to fall off a tree or a branch (said of leaves).,,,,K
okukonkobora,v,to break partially so as to hang down e.g. maize cobs from the main plant.,,,,K
okukonoka,v,"to fall off from something, e.g. a bunch of banana falling off from the mother plant.",,,,K
okukooha,v,the state of being over worked or put to hard labour.,to get tired,,,K
okukooha,v,to lose weight due to poor feeding.,,,,K
okukoohoka,v,to work very hard for others without being paid or rewarded.,,,,K
okukoohokana,v,,,,,K
okukookoota,v,"to curl, to be shrivelled.",,,,K
okukookoota,v,to shrivel or shrink.,,,,K
okukookoota,v,to become smaller in size or amount.,,,,K
okukookootera,v,to shrink as result of being compressed by something else.,,,,K
okukookora,v,"a situation where one's hands, legs, arms, etc are unable to touch or do anything.",contract leprosy,,,K
okukookorera,v,to remove something e.g. a fruit for someone else.,,,,K
okukookotorora,v,to pull something in order to make it longer and wider.,stretch,,,K
okukookyera,v,to join two things together to get a longer or bigger thing.,,,,K
okukookyera,v,to add more things to a basket or a bundle when it is already full.,,,,K
okukoomeera,v,to cook something again in order to increase its flavour.,,,,K
okukoora,v,to be stained or soiled.,,"Esaati erikwera, neekoora juba.",The white shirt gets dirty very easily.,K
okukoota,v,to eat something raw or half cooked.,,,,K
okukootagirira,v,"to deliberately disfavour, destroy or damage something or somebody for self advantage.",sabotage,,,K
okukootooka,v,to move very slowly.,,Enyaaruju egyenda neekootooka.,A chameleon usually moves very slowly.,K
okukooza,v,to knock one's body on something or somebody unintetionally or with a hidden motive.,,,,K
okukooza,v,to move slowly as though in pain.,(of a human beings or animals),,,K
okukopa,v,to imitate ог copy.,,,,K
okukora,v,"to do work, create or make to be effective.",,,,K
okukora,v,to be in employed.,,,,K
okukoragana,v,to have a spirit of working together for the same cause.,cooperate,John naakorengana na baramu be.,John co-operates with his brother-in-laws.,K
okukoraho,v,to disapoint someone.,,,,K
okukoraho,v,to touch on there.,,,,K
okukoraho,v,to remove or take a bit from there.,,,,K
okukorobora,v,to talk negatively about someone.,,,,K
okukorobora,v,to chip in.,,,,K
okukoroga,v,to move an object in a container in order to mix its contents.,stir,,,K
okukorogota,v,to scrape or to remove hard substances from something using force.,,,,K
okukoromera,v,an act of using offensive language.,curse,,,K
okukorongotana,v,to make a continuous rattling sound as of hard objects falling or striking each other.,clatter,,,K
okukoronzya,v,to make something produce a lot of noise.,,,,K
okukorora,v,to expel air from the lungs with a sudden sharp sound.,cough,,,K
okukoroza,v,to cause to cough.,,,,K
okukoroza,v,to make someone cough.,,,,K
okukuba,v,to bend something in a way that some parts can cover the others.,fold,,,K
okukuba,v,"to change ones direction, support or mandate.",,,,K
okukubangura,v,to roll to and from opposite direction repeatedly.,,,,K
okukubuuka,v,to make a u-turn; to swerve.,,,,K
okukubuura,v,to unfold something.,,Nookubuura ekitabo waaba nooshoma.,You unfold a book when you are reading.,K
okukubuura,v,to cause to return.,,Nookubuura ekitabo waaba nooshoma.,You unfold a book when you are reading.,K
okukubuura,v,to win territory miltary.,,Nookubuura ekitabo waaba nooshoma.,You unfold a book when you are reading.,K
okukubuura-obusinde,phr,a marriage ceremony where the bride and the groom visit the bride's parents after the bridal seclusion period.,,,,K
okukugira,v,to bring something to an end or complete it.,to finish off,,,K
okukugira,v,to end a weaving or knitting or sewing.,,,,K
okukugira,v,to make something of the required size or form by cutting away irregular or unwanted parts.,trim,,,K
okukukumba,v,to remove rubbish or dirt from a place.,,,,K
okukumba,v,to walk majestically.,,,,K
okukumbagara,v,to move down loosely with no control in a bouncing manner.,,,,K
okukumbagara,v,to overturn something.,roll over,,,K
okukumbagaza,v,to move something forward while turning it over and over.,roll something over,Abantu bakakumbagaza eibaare omu ruguuto.,People rolled a stone on the road.,K
okukumbagira,v,The style of walking where a person goes steadily carefully.,,,,K
okukumbuuka,v,to leave or be removed enmasse.,,"Obugyenyi kubuhweiremu, boona baakumbuuka baagyenda.","When the party was over, they all left.",K
okukumbuura,v,"to remove contents from something, leaving it empty.",,Yaarya oburo akaibo yaakakumbuura.,He ate millet and emptied the basket.,K
okukumiirira,v,to block or prevent entry or exit.,,Iroko okumiire ente zitarabaho.,Go and block the cows from passing there.,K
okukumintuka,v,to go beyond where one is.,,,,K
okukumira,v,to protect,,,,O
okukumpanya,v,to defraud,,,,O
okukuna,v,"to walk, talk or do things in a way that is deliberate: to show off or pretend in the presence of other people",,,,O
okukuna,v,to be hospitable: to welcome and entertain guests,,,,O
okukunamuuka,v,to somersault; to turn upside down,,,,O
okukunda,v,to have intense feeling of deep affection,to love,Ogu mutsigazi naakunda omwishiki we.,This boy loves his girlfriend.,O
okukunda,v,"to find somebody or something agreeable, enjoyable or satisfactory",to like,,,O
okukunduura,v,to take away by uprooting in big numbers,,,,O
okukungaanya,v,to gather or put things together,,,,O
okukungika,v,to team up,,,,O
okukunguuta,v,taping a container to dislodge what is stuck onto its walls,,,,O
okukuriiriza,v,to have sex with a woman in her late stages of pregnancy,,,,O
okukuriiriza,v,to exaggulate,,,,O
okukwata-makushu,adv,a mechanical way of learnig something without understanding,rote learning,Akakikwata makushu tarikukyetegyereza kurungi.,"He learnt it mechanically, he does not understand it well.",O
okukwatanisa,v,a to work together to achieve a result that will be of benefit,to cooperate,Okukwatanisa nikureetaho entunguuka.,Cooperation brings about development.,O
okukwatanisa,v,to bring together,,,,O
okumira -emityoko,n,to swallow saliva before you eat the food,salivate,,,O
okumoga,v,to get a job or paid position of regular employment,,Akamoga omurimo omu musiri.,He got a job as a gardener.,O
okumogora,v,to wean a baby,,,,O
okumoka,v,to bark,,,,O
okumootoora,v,to speak through one's nose,,Twinomujuni naagamba arikumootoora kigumire kwetegyereza eki arikugamba.,"Twinomujuni speaks through the nose, it becomes hard for one to understand what he is saying.",O
okumotoka,v,to decay or go bad,,Ebyokurya ebi biraireho byamotoka.,This food stayed overnight and it has gone bad.,O
okumotoka,v,to break off as a result corrosion or decay,,,,O
okumuga,v,to become lame: to be unable to walk or do other things normally because of an injury to ones leg or any part of the body,,Akamuga okuguru kwa bumosho.,His left leg is lame.,O
okumunyuuka,v,to be soft and capable of being sucked,,Ebitakuri ebi yaaba naarya byaba nibimunyuuka.,The sweet potatoes he has been eating were very good.,O
okumurika,v,to torch something in the dark so as to be seen,,,,O
okumurika,v,to show off or brag,display,Akamurika ente ze abantu baashoberwa.,He showed off his cows and people were surprised.,O
okumurinkana,v,"to shine, be very beautiful, bright or reflect light",to glitter,Ekanisa yaitu neemurinkana.,Our church is shining.,O
okumwa,v,to shave hair using a razor blade,,Bakamumwisa akagirita kaamushara.,They shaved him using a razor blade and it cut her.,O
okumwamwasa,v,to cause to glitter; polish to the point of glittering,,Bakamuha ekiteeteeyi kirikumwamwasa.,They gave her a beautiful dress.,O
okumwamwatikana,v,"to shine, reflecting light, typically because it is very clean and polished",,Enkaito yaamwamwatina ku baaheza kugiteera omubazi.,The shoe was very shiny after being polished.,O
okumwaraguza,v,to look here and there,,,,O
okumweisa,v,to walk quickly at a terrific speed,,,,O
okumwemura,v,to show your true colours,,,,O
okumwenya,v,"change one's facial expression by spreading the lips, often to signal pleasure",to smile,,,O
okumwera,v,to promise that you will no longer involve yourself in somebody's affairs or resolve never to do it again,,,,O
okumwera,v,to promise that you will no longer involve yourself in somebody's affairs,,,,O
okumwera,v,"to lose hope, to give up",,,,O
okumwigiira,v,to cause sound made by a door while shutting or opening it or sound made by babies or young animals,to squeak,,,O
okumyasa,v,to spark as in lightning,to flash,,,O
okumyasya,v,,,,,O
okumyoka,v,to deputise or act on somebody's behalf,,,,O
okumyora,v,squeeze something with hands,to twist,,,O
okunaaba,v,to clean the entire body,to bathe,,,O
okunaafuuka,v,to act or do something slowly,,,,O
okunaaha,v,to remove the testicals of a male animal оr person,to castrate,Embuzi yaitu bakaginaaha.,Our goat was castrated.,O
okunaama,v,to be i secret meeting (with),,,,O
okunaamuura,v,to be slow in speech,,,,O
okunaga,v,to dispose off something that is no longer useful,to throw away,,,O
okunaga,v,to lose something,,,,O
okunaga-enkobe,v,to make high flames of fire,,,,O
okunagaijura,v,be negligent,to handle something carelessly,,,O
okunaga-omukono,phr,to walk freely in a relaxed manner,,,,O
okunaga-omukono,phr,to throw arms about,,Obu yaahika aha kunaga-omukono yaaza kufa.,"Now that he is throwing arms about, he is going to die.",O
okunagiirira,v,to abandon a task or to abandon someone at work and leave it to few or one person which you were all supposed to do,,"Boona baamunagiirira, emirimo niwe yaagikora wenka.","They all left him the work, he did it alone.",O
okunagira,,to spend a period of time relaxing or sleeping after doing something,to rest,Ente ku zaamara kunywa amaizi zaanagira.,The cows rested after drinking water.,O
okunagira,v,to cast (cloth) over your shoulder,,Obu yabire naaza kuziika akenagira akenda karikutukura.,She covered herself with a red piece of cloth when she was going for the burial.,O
okunagonogoka,v,to feel weak by experiencing muscle or joint pain,,Akanogonogoka munonga omu ngingo ku yaatambwire orugyendo ruraingwa.,She was became weak in the joints after walking a long journey.,O
okunaguka,v,to lie in the specified way,,,,O
okunagura,v,to take cows or goats in the bush and leave them there to graze on their own,,,,O
okunagura,v,to leave someone or something to act unsupervised or without being cared for,,,,O
okunagurwa,v,to lack care and grow on their own after the death of their parents,,Abazaire kubafiíre yanagurwa.,After the death of his parents he took care of himself.,O
okunakuhara,v,to become a destitute or desolate,,Akanakuhara ahabw'okushaasha eriino.,He was miserable because of the toothache.,O
okunakuhara,v,to be poor as a result of something,,Bakamwiba yanakura.,He became poor because thieves stole his things.,O
okunanata,v,to make somebody calm or quiet,,Akagyezaho kumunanata yayanga.,He tried to calm him down but he refused.,O
okunangura,v,"to punish by beating, lashing or whipping",,Mukuru-w'eishomero yaanangura abakyererezi.,The headmaster has beaten the late-comers.,O
okunanika,v,to walk slowly as if you are very tired or have been walking for a long time,trudge,N'enki ebigyere ka waabinanika.,Why are you trudging.,O
okunanuka,v,"to get relieved of pain, distress or anxiety",to be happy or cntented,Akananuka ku yaamureebire naija.,She was relieved when she saw him coming.,O
okunanuura,v,to make something longer or wider without tearing or breaking it,stretch,Akananuura omuguha gwahika mita ibiri.,He streched the string up to two meters long.,O
okunanuura,v,to run so fast,,"Ku yaareeba twija, yaananuura.","When he saw us come, he ran so fast.",O
okunegura,v,to give something to someone and take it way from them again,,,,O
okunegyeka,v,to humbe oneself while bending your neck,,Omugore yaanegyeka omu katimba.,The bride has humbled herself in the wedding gown.,O
okunegyeka,v,to be cooked to tenderness,,,,O
okunegyeza,v,"to raise something upwards, or to take something from one place to another",,Omuhingi akanegyeza enshaho y'emonde kuruga omu musiri kuhika omuka.,A farmer carried a sack of Irish potatoes from the garden to home.,O
okuneka,v,to lose energy and be in need to sleep or rest,,Eriizooba naakora munonga naaneka.,I have over worked today so I am tired.,O
okunekaneka,v,"to be clean, tidy and well dressed on expensive garments",,Waaba noonekaneka omu suuti yaawe ensya.,You were looking very smart in your new suit.,O
okunena,v,bite or nibble food in the mouth so as to swallow it,to chew or cruch,,,O
okunena-enshaya,phr,grind together,gnash,,,O
okunia,v,to push out waste matter from the body through the anus,to defecate,Omwana yaania omu kibuga.,The baby has defecated in the compound.,O
okuniaganiaga,v,to walk as if unable to control one's movements,to stagger,Naamuteera munonga yaaniaganiaga yaagwa.,I hit him hard and he staggered and fell.,O
okuniagiira,v,to walk slowly with heavy steps or with difficulty,,,,O
okuniga,v,to kill by squeezing the throat of so as to cut off the air,to strangle,,,O
okuniha,v,to be satiated with; to be weary,,,,O
okunihiira,v,to feel zealous,,"Ku ndikureeba oku abaana b'abaishiki barikushoma, mpurira naanihiira.","Whenever I see how girl children are studying, I feel zealous.",O
okuninguka,v,to make a notch on something,,Egiraasi zikahonda zaninguka.,The glasses collided with one another and they got notched.,O
okuningura,v,to chop into pieces,to notch,Ogyende oningure omuti ogu twatemire ijo omu mpimbi ibiri.,Go and chop the tree we cut yesterday into two pieces.,O
okuningura,v,to break or chop into lengthwise pieces,,Ogyende oningure omuti ogu twatemire ijo omu mpimbi ibiri.,Go and chop the tree we cut yesterday into two pieces.,O
okuniogana,v,to be confined in an area with little room for manouver,,Abantu bakanioganira omu kishaaha.,People were confined in the playing field.,O
okunionioza,v,to redicule someone by repeating through the nose what he or she has said,,Akannionioza naanye naamuteera.,She annoyed me and I beat her.,O
okunofoora,v,to make lazy and do something at a low speed,,Naayenoofoora omu kukora emirimo.,She is slow while doing her work.,O
okunoga,v,to pluk tea leaves,,Bakaza Kiijura kunoga amajaani.,They went to Kiijura to pick tea.,O
okunoga,v,to be done or exhausted,,Akairukanga munonga yaanoga.,He ran so hard and got exhausted.,O
okunoga,v,"to crush, pound or sqeeze something hard",,Yaashekura ebinyoobwa yanoga.,He has pounded the ground nuts completely.,O
okunoga,,to get worse,,Omurwaire yaanoga.,The patient's situation has worsened.,O
okunogoora,v,to make clay pots,,Akanogoora enyungu omu iju.,He made a pot from clay soil.,O
okunogora,v,to cut something into two pieces transversely,,Akamunogoreraho ekicweka ky'omugaati.,She cut a piece of bread and gave it to him.,O
okunogora,v,to pay levy of cattle to the ruler when you enter his territory with cattle,,Omukama bakamunogorera ente nyingi arikutaaha omu kyanga kye.,He gave a lot of cows to the king when he was entering his territory.,O
okunogora,v,to use a short cut while on a journey,,Akanogora yaaraba omu kishaayi kuhika ahaishomero.,He took a short cut across the field to get to school.,O
okunogyereza,v,"to repound or rethresh millet, beans and wheat with a threshing stick with finness so as to remove the grains from husks",,,,O
okunoija,v,to pound something with a stick or hand,,Baamunoija yaagyenda naarira.,They beat him and he went crying.,O
okunomba,v,to paint one's face especially using cosmetics,,Akeenomba n'erangi z'eihanga arikuza kureeba omupiira.,He painted his face with national colours when he was going to watch the match.,O
okunona,v,to beat,,,,O
okunona,v,to hit something sharply,,Akamunona enyondo omu mutwe.,He hit him the hammer on the head.,O
okunonagira,v,to walk like one with sore feet,to limp or hobble,,,O
okunoneka,v,to be finely ground (said of flour),to be refined,Akanoneka amate atakaganywire.,She first sieved milk before drinking it.,O
okunonga,v,to be exhausted (by tiredness or sickness),,Arwaire munonga yanonga.,He has bick sick for long he is very weak.,O
okunonkoora,v,to pluck or scoop ut something quickly,,Omushuma bakamunonkooramu amaisho yaaheza kwiba.,They plucked eyes out of the thief after he had stollen.,O
okunonoora,v,to grind into very fine or smooth powder,,Maawe naasa omugusha arikunonoora.,My mother grinds sorghum into smooth powder.,O
okunonooza,v,,,,,O
okunonzya,v,to feel exhausted or fatigued,,Okutambura kwanozya.,Walking has made me tired.,O
okunoofooka,v,to walk with difficulty as one foot or leg is hurt or stiff,to be lazy,Embwa yaitu neenoofooka eine ekironda.,Our dog is limping because it is hurt.,O
okunooneza,v,to keep on eating a small portion on something with an intention of not finishing it,to use sparingly,,,O
okunosha,v,to grip on someone's body tightly and sharply between the finger and thumb,to pinch,Mwebesa yaanosha itama.,Mwebesa has pinched my cheek.,O
okunuga,v,to feel a great dislike or disgust for someone or something,to loathe,,,O
okunuga,v,to despise something or somebody,,,,O
okunugisiriza,v,to be in the habit of abhoring things,,,,O
okununga,v,to be stunted in growth or development,,Muhogo akanunga ahabw'okugihinga omu mabaare.,Cassava grew stunted because it was planted in a place with a lot of stones.,O
okununguka,v,,,,,O
okununguna,v,to taste as if it has salt and sugar in it,,Obu bushera nibununguna.,This porriedge is tasting salty.,O
okunungurirwa,v,to taste awful,,Akateeka enyaanya nyingi omu bitookye zaanungurirwa.,She put much tomatoes in matooke and it tasted awful.,O
okunura,v,to be sweet or delicious,,Ebyokurya ebi binuzire.,This food is delicious.,O
okunuriirwa,v,to taste sweet like sugar,,Ekikoijo nikinuriirwa.,A sugarcane is sweet.,O
okunuubuka,v,to sustain an abrasion,,Akagwa n'egaari yaanubuka omukono.,He fell with the bycycle and got bruised on the arm.,O
okunuuka,v,to smell badly,,,,O
okunuukiriza,v,to sniff repeatedly at different things (like a dog) so as to discern them,,Empaya ekanukiriza ahankari yembuzi enkazi.,the he-goat was smelling on the urine of a she goat.,O
okunuusya,v,to do something with experience,,,,O
okunuza,v,to make something good so that it interests others,to embellish a talk,Akagamba bingi kunuza orubazo.,He talked a lot to make his speech interesting.,O
okunwaza,v,to utter words that maliciously damages the reputation of someone,to lose out,,,O
okunwekanweka,v,to praise somewhat dishonestly,flatter,,,O
okunwigiira,v,"to walk heavily and firmly, as when weary, or through mud",to squeak,,,O
okunyaama,v,to rest with your eyes closed and your body and mind not active,"to go to bed, lie down and sleep",Omwana yaanyaama.,The baby has slept.,O
okunyaanyaata,v,to saysomething about someone that is not true and is likely to damage his or her reputation,to slander,Ogwo mushaija naakunda kunyaanyaata bagyenzi be.,That man likes slandering his colegues.,O
okunyaanyuka,v,to walk away shamelessly,,Omushuma baamuteera emboko ikumi atyo yaanyaanyuka yaagyenda.,The thief was given ten strokes of a cain and he walked away aimlessly.,O
okunyaanyuura,v,to move away in shame,,,,O
okunyaara,v,to get rid of the waste liquid that collects in the bladder,urinate,Ori omwana naanyaara aha kitanda.,That child urinates on the bed.,O
okunyaaruka,v,to give up and surrender,,Abaire aine amaryo ngu nahaheza mbwenu tiyaanyaruka!,"He had thought that he would finish it, now hasn't he lost energy!",O
okunyaata,v,to eat food without sauce at all or with little,,Nyeekiro banyaasire.,They ate food without source last night.,O
okunyaaza,v,to subdue someone or something,,Abaire naayehuriza emyenda ye mbwenu omuriro gwamunyaaza gwagyosya.,He was proud of his clothes now fire has managed him and burnt them.,O
okunyabagira,v,to finish a task quickly through a combined effort,,Bakanyabagira ebyokurya ahabwokuba bikye.,They finished the food because it was little.,O
okunyabangura,v,to cane repeatedly,,Omukazi yanyabangura omwana.,The woman has caned the child repeatedly.,O
okunyabanya,n,to eat fast and finish the little food available,,,,O
okunyabura,v,to whip or lash,,Akamunyabura ahabw'okuyomba.,He was beaten because of making a lot of noise.,O
okunyafura,v,to beat or hit somebody or something hard and repeatedly especially with a stick or the hand,,Nkamureeba nanyafura omwana we.,I saw her beating the child.,O
okunyaga,v,to capture and take into one's posession or control using force,,,,O
okunyaga,v,to plunder or raid,,,,O
okunyaga,v,to swindle,,,,O
okunyaga,v,to defraud,,,,O
okunyaga,v,to rustle,,,,O
okunyakura,v,to take something from someone quickly,,Omukazi baamunyakuraho eshaaha ye.,They have grabbed a watch from the woman.,O
okunyampa,v,to gas,fart,Abaana ku barikurya munonga banyampa.,When children eat a lot they gas.,O
okunyamura,v,to take or grasp something suddenly,to snatch,Abaire akwatsire esente omu ngaro abashuma baazimunyamuraho bairuka.,He had money in the hands and the thieves snatched it and ran a way.,O
okunyangara,v,to improve a little,,Enyaanya zikanyangara omu bwire bw'omushana.,Tomatoes improved slowly during the dry season.,O
okunyangarara,v,having been sick for long or with problems for a long time,to ail or suffer for long,abantu baingi ahakyaro bagizire okunyangarara omwezi ogu.,Many people in the village have had long illness and problems this month.,O
okunyankura,v,to snatch,,Omushuma yaanyankuraho enshaho yangye yaagyenda.,The thief snatched my bag and went away.,O
okunyanyaasa,adj,to shine and reflect light,,,,O
okunyanyaata,,,,,,O
okunyanyaata,v,to be deliberately unaudible,,Waarya eshenda neekunyanyaata omu kanwa.,When you eat red pepper it irritates you in the mouth.,O
okunyeenya,v,to turn into liquid,of salt,Akabiika omwonyo gwanyeenya.,He kept salt and it turned liquid.,O
okunyeenya,v,to shake something lightly,,,,O
okunyeeta,v,to grow and become mature,,,,O
okunyeeta-buroro,phr,to grow up a lazy person not knowing to do any work,,Oriiya mwishiki akanyeeta-buroro nk'enyindo z'Abahima.,The other girl grew up a lazy person like Bahima's nose.,O
okunyega,v,to make a slight movement or change position slightly,,Akanyega ngu batakamuteera eisasi.,He made a slight move such that they don't shoot him.,O
okunyegyera,v,to go a slope,,Akanyegyera omu rushozi kureeta obunyaatsi.,He went up the hill to bring grass.,O
okunyenya,v,to melt and change into liquids,of solids,Enjura ekagwa nyingi ekihondo omu sitooha kyanyenya.,It rained a lot and and the rock salt in the store melted.,O
okunyenyeeza,n,to begin to have light,,Enjura ekagwa munonga ku yahweireyo akashana kanyenyeeza.,It rained too much and after wards it began shining.,O
okunyiga,v,to exert pressure or force to or upon,to press,Omwana yanyiga eipesha ogundi omurundi.,The child has pressed the button again.,O
okunyiganyiga,v,cause something to shake or move from one side to another in a way that shows lack of balance,wobble,Akaguma nanyiganyiga entebe yaarugaho yaagihenda.,He kept on shaking the chair from side to side until he broke it.,O
okunyigimba,v,to walk gracefully on their wedding day,,Abagore banyigimba kurungi eriizooba.,The bride and the bridegroom have matched well today.,O
okunyiginya,v,to shake a body part as in dancing,,,,O
okunyiiga,v,to be angry with someone,,Ninkunda abantu abatari kunyiiga.,I like people who do not get angry.,O
okunyiinyiitira,v,to tell something when one is not too open or straight forward to what he/she is saying,to be evasive,Bakamubuuza ekyamugwisize yaaguma naanyiinyiitira atarikukisoboorora.,They asked her what made her divorce but she kept beating around the bush.,O
okunyiinyiitira,v,"to tighten, fix or draw nearer e.g. war",,Omukazi akanyiinyiitira orwigi.,The woman tightened the door.,O
okunyimbanyimba,v,to match slowly sometimes following a certain rythm,,Abagore baanyimbanyimba nibaza kushara omugaati.,The bride and the groom matched slowly to cut the cake.,O
okunyimbuka,v,to move slowly,,Naamushanga nanyimbuka omu muhanda.,I found her moving slowly.,O
okunyinya,v,to be stunted in growth and look unhealthy,,Mpingire muhogo yaanyinya ahabw'endwara.,I grew cassava and it became stunted due to cassava disease.,O
okunyinyika,v,to behave scornfully in a naughty manner,,,,O
okunyirira,v,to have a smooth surface,,Abaana baawe boona banyirire.,All your children look smart.,O
okunyirira,v,"to be good looking, smart and clean",,Abaana baawe boona banyirire.,All your children look smart.,O
okunyizyanyizya,v,to become or make something loose or not firmly fixed,,Ku yaaherize kurya yanyizyanyizya omusipi gwe.,After eating he loosened his belt.,O
okunyoganyoga,v,to move slowly and sneak out,,,,O
okunyogontoka,v,"to move in a twisting or contorted motion, (especially of maggots)",to wriggle,,,O
okunyogontoka,v,to get burnt completely,,,,O
okunyogontoka,v,to be scalded all over,,,,O
okunyogonya,v,to feel a severe pain in the stomach an indication that something bad is going to happen to her especially miscarriage,,,,O
okunyogoza,v,to harvest young food stuffs,,Enjara ekataaha banyogoza orutookye.,When famine came in they harvested young matoke.,O
okunyohoka,v,to offer something to someone or to provide them with it,,Omukazi ayehaireyo kunyohoka ebishare by'eishomero by'omwana we.,The woman has decided to give out school fees for her child.,O
okunyohoka,v,to pay attention,,Omukazi ayehaireyo kunyohoka ebishare by'eishomero by'omwana we.,The woman has decided to give out school fees for her child.,O
okunyohoka,v,to learn and know by heart,,Omukazi ayehaireyo kunyohoka ebishare by'eishomero by'omwana we.,The woman has decided to give out school fees for her child.,O
okunyohora,v,to have a miscarriage especially among animals,,,,O
okunyohwa,v,to feel chilly (at onset of illness),,Akanyohwa ahabw'omushwija.,She felt chilly because of malaria fever.,O
okunyohwa,v,to have goose-flesh,,,,O
okunyoka,v,to be fertile or have the ability to produce many offsprings,to be fecund,,,O
okunyombooka,v,to walk away at a slow pace in shame,,Yanyombooka arikutaaha.,He walked slowly when he was going home.,O
okunyomboroka,v,,,,,O
okunyongota,v,to crawl,,Ekinyantinda nikyenyongota ahansi.,A snail crawls on the ground.,O
okunyonkoba,v,to be concious or conceited about one's looks,,Omishiki ku yaagire aha yunivasite yaanyonkoba.,When the girl joined the university she bacame proud.,O
okunyontora,v,to pull out something from another,,Akanyontoramu ekijuma kya vakedo.,He removed the seed of an ovaccado.,O
okunyooma,v,to have low opinion of someone or something,to despise,Esente ku zaabuzire niwe banyoomire.,He was blamed for the loss of the money.,O
okunyoomooza,v,to provoke someone or something to the limits,,Omukazi oriiya naanyomooza nyinazaara.,That woman disturbs her mother-in-law.,O
okunyoora,v,to screw or wind things using a short slender sharp pointed metal pin with a raised helical thread running around it and a knotted head by being rotated so that it pierces wood or meterial and is held tightly in place,,,,O
okunyorora,v,,,,,O
okunyororoza,v,to produce a grumbling sound,(of the stomach),,,O
okunyubura,v,to harvest millet which is not ready,,Bakanyubura oburo butakakuzire aha bw'enjara.,They harvested millet when it was not yet ready because of famine.,O
okunyubura,v,to pul out of sheath,,Abashuma bakanyubura ebitookye.,The thieves peeled off bananas from their plaintains.,O
okunyubura,v,to remove or cause something to be removed from the surface of something,to peel off,Abashuma bakanyubura ebitookye.,The thieves peeled off bananas from their plaintains.,O
okunyuguntuka,v,"to increase in size, amount or become more advanced",to grow up,omwana ogu nanyuguntuka buriizoba.,This child is growing up very well.,O
okunyuguntura,n,to cause soemthing to grow or lengthen,to elongate,Bakanyuguntura oruguuto rwa Wakariga.,They elongated Wakariga road.,O
okunyugunya,v,to shake around the waiste,,Omishiki ogu naagyenda naanyugunya.,This girl walks while shaking the waiste.,O
okunyukura,v,to pull something out of where it is fixed,,Akanyukura omuzi gw'ekitekyere.,He uprooted a root of a yam.,O
okunyungurura,v,to shift the animal that has been tethered from one area to another,,Abaana baaza kunyungurura embuzi.,The children have gone to shift goats to another place.,O
okunyungutira,v,"to pull in especially liquid through your mouth without using your teeth, or to move the tongue and muscles of the mouth around something inside your mouth often in order to dissolve it",to suck,obu nabaire nkiri muto nkaba nkunda kunyungutira eminekye.,when I was still young I used to suck yellow banana.,O
okunyungutura,v,to pour liquid half way,,,,O
okunyunkuura,v,the act of exerting pressure or something in order to extract liquid,to squeeze hard,Akanyunkura ebitookye kwihamu eshande nyingi.,He oversqueezed the ripe bananas to get a lot of juice.,O
okunyunkuuza,v,to suck the breast for a very long time,,,,O
okunyurura,v,to pull,,Bamunyuriire baamwiha omu nju.,They pulled him out of the house.,O
okunyururuka,v,to grow thin and become weak,,Omwishiki ogu nanyururuka buriizooba ahabw'oburwire.,This lady is growing thin everyday because of sickness.,O
okunyururuka,v,to lengthen or to lose tension,to be elastic,,,O
okunyuuka,v,"to press something hard especially beer bananas, resulting into juice",to squeeze,,,O
okunyuunya,v,"pass the tongue over the surface of something in order to clean it, make it wet",to lick,Abantu nibakunda kunyuunya ebitakuri.,People lick up sweet pototoes.,O
okunyuunyira,v,to cuck mucus from the nose of a young child,,Akaana k'embuzi bakanyunyira ngu kaisye gye.,They removed the mucus from the nose of the kid so as to enable it breath well.,O
okunyuunyuura,v,to cause to grow thin; to etiolate,to malnourish,Akanyuunyuura abaana be.,He mourinourished his children.,O
okunywa,v,the act of swallowing,to drink,Baamazire ebiro bina bataine kyakunywa kyona.,They have taken four days without any drink.,O
okunywana,v,to make friends,,,,O
okunywanisa,v,to restore friendly ralations between,to reconcile,Omwana bamunywanise neishe.,They made her reconcile with her father.,O
okunywanisa,v,to link or connect,,,,O
okunywegyera,v,touch with your lips especially as a greeting or to press your lips into another person's lips of opposite sex to express erotic love,to kiss,Ndeebire abakazi bashatu bakwenywegyera.,I saw three women kissing each other.,O
okunyweisa,v,to score a goal,,Turkey ekanyweisa senegal goro emwe.,Turkey scored senegal one goal.,O
okunyweisa,v,to give someone a drink,,Turkey ekanyweisa senegal goro emwe.,Turkey scored senegal one goal.,O
okunyweisa,v,to produce enough milk to feed a number of people,,Turkey ekanyweisa senegal goro emwe.,Turkey scored senegal one goal.,O
okunywengyeberera,v,to dissolve in water or any other liquid,,Omwonyo gwanywengyeberera omu maizi.,Salt has dissoved in water.,O
okunywengyerera,v,to loose weight slowly and eventually become very thin,,,,O
okunywera-omufunguro,phr,to accept to suffer for someone else,,,,O
okunyweza,,to hold or tie tight,,Akakoma enku yaazinyweza.,He tied firewood tightly.,O
okupaatiika,v,to falsely attribute something else,,Akamupaatiikaho omushango ngu akamuhamba.,He accused him falsely that he raped her.,O
okupaaza,v,to guess,,Akaba naapaaza aha kutunga emyenda.,He was trying to sow clothes.,O
okupakira,v,to put something into a bag or box,to pack,,,O
okupakuka,v,to make a sound as produced by a lantern as a result air entering it,to flicker,,,O
okupamparika,v,to behave in a jumpy way,,Muhara waawe naayepamparika.,Your daughter is jumpy.,O
okupanga,v,to pile,,Akapanga etanuru yamatafaari.,He piled a kiln of blocks.,O
okupangisa,v,"a regular payment made for the use of land, buildings",to hire or rent,,,O
okupapa,v,to be afraid,to panic,,,O
okupapaza,v,to beat the wings of birds,to flutter,,,O
okupashura,v,to break away quickly or suddenly,,,,O
okupatana,v,"to make a legal agreement with somebody for them to work for one, provide one with a service",to contract,,,O
okupatika,v,to falsely attribute something to something else,,Akamupatika ngu niwe yaibire sente.,He accused her falsely that she is the one who stole the money.,O
okupeerereza,v,to investigate,,,,O
okupeeruuka,v,to fade,to be pale,Akeesiga amajuta makye yaapeeruuka.,She smeared herself with little vaseline and faded.,O
okupempura,v,to break a piece from a wholesome thing,,Akapempura aha mugaati ogu yaabaire naarya.,She gave me a piece of the bread she was eating.,O
okupiipa,v,to shiver,,Enjura ku yaagwa yaapiipa.,He shivered after it rained.,O
okupika,v,to pump a liquid or gas so as to move from one place to another using a piece of equipment,to pump,,,O
okupima,v,to determine the process of measuring the heaviness of an object or size,to measure or weigh,,,O
okupinga,v,to refuse,,,,O
okupipira,v,to misfire,,,,O
okuponga,v,to be proud,,,,O
okupopona,v,eating something by crushing it so that it makes noise,to crunch,,,O
okupukura,v,to stab,,,,O
okupumpura,v,to suffer from Nagana (Trypanosomiasis),,Ente ze zipumpwire.,His cows are suffering from Nagana.,O
okupuuya,v,false pregnancy in dogs; a dog looks like it is pregnant but it is not,,,,O
okupuya,v,to be with poorly developed teats,,,,O
okuraaha,v,removing testicles of a man or an animal,to castrate,Okuraaha empaya nikuzireetera okuhanguha.,Castrating he-goats make them grow fatter.,O
okuraakuuza,v,making noise at something or someone,to shout at,Akaraakuuza aha bashuma b'ente.,She shouted at cattle thieves.,O
okuraama,v,to make a will,,,,O
okuraara,v,to spend a night in a place,,John agiire kuraara owa ishento.,John has gone to spend a night at his uncle's place.,O
okuraara,v,to go out,,Etaara yaaraara.,The lamp has gone out.,O
okuraarakwo,v,to sleep without eating or without supper,,Bakashanga twariire baaraarakwo.,When they arrived we had finished supper so they slept without eating.,O
okuraarika,v,give information about an event in form of invitation,to notify,Omukazi yaaraarika abandi ngu baije bamugyesere oburo.,The woman notified others to come and help her hervest her millet.,O
okuraarira,v,to spend a night at somebody's place,,Alex araariire ishezaara.,Alex slept at his father-in-law's home.,O
okuraarira,v,to eat something for supper,,Tindikubaasa kuraarira amate gwonka.,I cannot have only milk for supper.,O
okuraarira,v,to sit on the eggs until they hatch,to broode,,,O
okuraaririza,v,to track someone or an animal,,,,O
okuraata,v,to brag,,,,O
okuraatuura,v,to beat,,,,O
okuraaya,v,to indulge in prostitution,,,,O
okuraaza amate,v,to ferment milk by keeping it over night,,,,O
okuraaza entabire,v,to fallow,,,,O
okuraaza,v,to put off fire,,,,O
okuraaza,v,to host a visitor,,Nkamuraaza ebiro bishatu.,I accomodated him for three nights.,O
okuraaza,v,to postpone an action,,,,O
okuraaza,,the greedy one eats faster than others when two or more people are eating from the same plate,,Abo baana otabateera aha sowaani emwe. Abakuru nibaraaza abato.,"Do not serve those children on the same plate, the bigger ones will eat faster than the young ones.",O
okuraazaraazana,v,to eat greedly when many of you are eating together,,,,O
okuraba,v,to give a tenth of your income to church as a thanksgiving,to tithe,Twaraba omutwaro gumwe.,We tithed ten thousand shillings.,O
okuraba,v,to go via,,Ku oraabe nooza Bungyereza otaraba Nairobi.,On your way to England do not go via Nairobi.,O
okuraba,v,to faint,,,,O
okuraba,v,to make patterns of colour with an aim of beautifying something,,,,O
okurabamu,v,to pass through,,,,O
okurabana-empyori,v,to pass each other unwittingly,,,,O
okurabanaho-empyori,adv,passing each other inadvertently,,,,O
okurabanisa,v,the situation of twisting or braiding together or intertwine with another,to intertwine,Akarabanisa eminyo omu rugo.,He intertwined reeds in the fence.,O
okurabira,v,to give a present,,Akarabira munyaanya ente.,He gave a cow to his sister as a present.,O
okurabuka,v,"to be quick witted, not a stooge",,,,O
okurabuka,n,to give gifts a newly married wife by her inlaws at a ceremony and members of the family tell her their likes and dislikes,,,,O
okurabura,v,to warn or alert someone,,Omuporiisi yaarabura abavugi ahabwa butandu eri omu maisho.,The police man has warned drivers about the accident ahead.,O
okurabya,v,to blossom or produce flowers massively,,,,O
okuraca,v,to pay homage to the king using a sweet tongue,,,,O
okuraga,v,to bequeath to,,Ishe akamuraga orutookye.,His father bequeathed the banana plantation to him.,O
okuraga,v,the act of the family head choosing a successor,,Rumaani yaaraga omutabani omuto kuba omusigirwa.,Rumaani has made his last born his heir.,O
okuraga,v,to bid farewel,,Akagyenda ataragire.,He went without biding farewel.,O
okuragaana,v,to make agreement with someone,,Tukaragaana ngu anshashure ebiro bitaano.,We made an agreement that he pays me on the fifth.,O
okuragaanisa,v,to commit oneself to give or do something,to promise,Mukuru wangye andagaaniise emotoka.,My elder brother promised to buy me a car.,O
okuraga-bunyena,v,to have irregular menstrual periods; not following a 28 days cycle,,,,O
okuragaija,v,to make something that is not firmly fixed,,Akagwa ahansi amaino garagaija.,He fell down and the teeth became loose.,O
okuraganisa,v,"to commit oneself of the assurance that is usually definite, that he will give or do something",to promise,Mukuru wangye andaganiise kungurira emotoka.,My elder brother promised to buy me a car.,O
okuragara,v,to drop,,,,O
okuragara,v,to abandon or desert at the last minute,,,,O
okuragarika,v,to drop and scatter,,,,O
okuragaza,v,to remove dirt or something you do not want on a thing,to wipe off,Banza oragaze ebyondo aha ngaito.,First remove mud on the shoes.,O
okuragiira,v,"to order, to command or to direct",,,,O
okuragiiza,v,to make incessant demands,,,,O
okuragura,v,to heal a disease by use of drugs,,Omushaho yaaza omu irwariro kuragura.,The doctor has gone to the hospital to treat patients.,O
okuragura,v,to foretell about something that is going to happen in the near future,,,,O
okuraguza,v,to get treatment for sickness,,,,O
okuraha,v,to scratch in search of food,,,,O
okurahira,v,"to swear, to vow",,Akarahira ngu tarikubaasa kuza owa mukaishe.,He swore never to go to his step mother's place.,O
okurahira,v,comminting oneself by the word of the law or with God's help,to take a vow,Akarahira ngu tarikubaasa kuza owa mukaishe.,He swore never to go to his step mother's place.,O
okurahuka,v,to move quickly,,,,O
okurahura,v,hurting someone who is weaker or smaller than you,to bully,Abaana b'eishomero nibakunda kurahura abeegi basya.,Stundents like bullying new students.,O
okurahutsya,v,to do things quickly,,Kora omurimo ogu noorahusya.,Please speed up that,O
okuraiha,v,to become taller,,Akuzire yaaraiha.,He has grown and become taller.,O
okurakaara,v,to be loud and piercing,,,,O
okuramaara,v,to live for a very long time,,Ogu mugurusi aramaire.,This old man has lived for a very long time.,O
okuramaga,v,to go on or to make pilgrimage,,Aha kiro ky'Abajurizi ba Uganda nkaza Namugongo kushaba.,"On Uganda Martyrs day, I went to Namugongo for prayers.",O
okuramata,v,to stick or to paste something onto another,,,,O
okuramatikana,v,,,,,O
okuramba,v,to brand or engrave onto a surface,,Abariisa baaba nibaramba ente zaabo.,Cattle keepers have been branding their cows.,O
okurambatika,v,to place something long somewhere,,,,O
okurambika,v,to cause something to lie down,lay,,,O
okurambikiriza,v,to sit upright with the legs stretched,,"Omukazi yaashutama ahansi, yaarambikiriza.",The woman has sat down and streched her legs.,O
okurambira,v,to lie in a horizontal position,lie down,Omwana akarambira ahansi y'omuti.,A child lay under the tree.,O
okurambura,v,a journey of going to different places of interest,"inspect, tour",,,O
okurambuuka,v,the situation of not moving at high speed or taking a long time,be slow,Akagamba orubazo arikurambuuka.,He gave his speech at slow pace.,O
okuramuka,v,to be separated from each other in a wrangle,,,,O
okuramukanisa,v,to greet by way of hugging,,,,O
okuramura,v,to separate people who are fighting,,,,O
okuramura,v,to make a judgement of a court case,,,,O
okuramuza,v,to bargain or huggle,,"Omuguzi yaaramuza eshuuka, yaazigura.",The buyer has bargained for the bed sheets and she eventually bought them.,O
okuramya,v,"an act of praising God in worshiping, praising and singing",worship,,,O
okuranda,v,to creep,,Ekyozi kiranzire orutookye rwona.,The pumpkin plant has crept all over the banana plantation.,O
okuranda,v,the act of a carpenter smoothening the timber by removing the rough surface,smoothen,Omubaizi yaaranda orwigi.,The carpenter has smoothened the door shutter.,O
okuranda,v,to repair calabash or plastic materials by stitching,,,,O
okurandagatana,v,to talk a lot especially about unimportant and irrelevant things,,,,O
okurandagira,v,go astray or beyond boarders,digress,,,O
okurandaiga,v,to wonder from place to place with no common destination,,,,O
okurandamura,v,to roll out or to stretch out or to lear apart,,,,O
okurandara,v,to move here and there without a cause,wander,Abaana be nibasiiba nibarandara omu kyaro.,His children are always walking aimlessly all over the village.,O
okuranduuka,v,to die after a very long perid of sickness,,,,O
okuranduura,v,to uproot a creeping plant from where it has been,,,,O
okuranga,v,to make something or news known to the public or specific people,announce,,,O
okuranga,v,to announce couples who are intending to marry in church with an intetion that who ever has anything to stop them from getting married should do so before the wedding day,,,,O
okuranga,v,to serve in the palace and remunerated in terms of food only,,Murumuna wangye akaza kuranga ow'omugabe.,My sister is a servant of the king.,O
okuranga,v,to start making a mat. The act of making first stitches that are put in the middle of a mat,,,,O
okurangaanwa,v,to be famous,,,,O
okurangaara,v,to be wide open; uncovered,,Tukashanga enju erangaire.,We found the house wide open.,O
okurangaara,v,to echo,,,,O
okurangaaza,v,"to open widely, usually used in the passive voice",,Naakunda kurangaaza enju ye.,He likes opening his house widely.,O
okurangama,v,to tretch the neck high with an aim of looking further,,Enyonyi yaarabaho twena twarangama.,The aeroplane passed and we all streched our necks to see it.,O
okurangara,v,"to be left alone, isolated and lonely",,,,O
okurangarira,v,"to be on the verg, bound to do something",,Ebyo nibyo murangariire.,That is waht you are abou to do.,O
okurangika,v,to make something face upwards especially the head,,,,O
okurangira,v,to peal like for a bell,,,,O
okurangirira,v,to make a public announcement,,,,O
okurangisa,v,to announce the loss of some property,,Omushaija yaaba naarangisa okubura kw'eente ze.,The man was announcing the loss of his cows.,O
okuranzya,v,to look at something that is abit far,,,,O
okuranzya,v,to have a vision of something that is going to happen in future,,,,O
okurara,v,"to leave one's home and goes to another home, village and stays there for a long time",,,,O
okurarama,v,to look upwards,,,,O
okurarama,v,to contract meningitis,,,,O
okuraramba,v,to be scattered when they sense danger,,,,O
okurarika,v,to turn someon'es head upwards,,,,O
okuraririza,v,to go looking for an animal or person by following their footsteps,,,,O
okuraruuka,v,to return home from wondering,,,,O
okuraruza,v,to be arrogant or having a high opinion of oneself,be naughty,,,O
okurasha,v,to pierce using a spear or a gun,,,,O
okurashiirira,v,to gush out (especially with a pulsating rythm),,,,O
okurasya,v,to kick about (as when one or an animal is dying),,,,O
okuraza,v,to fallow,,Okuraza ekishaka nikireetera kyayeyongyera obugimu.,Fallowing of land makes it develop more nutrients.,O
okurebera,v,oversize not fitting well e.g. a dress,be too loose,,,O
okureeba,v,to see,,,,O
okureeba,v,to look at something,,,,O
okureeberana,v,to mistake something you have for something else,,,,O
okureeberwamu,adj,to be transparent,,,,O
okureebuuza,v,to be very observant and curious,,,,O
okureebya,v,to disappoint or let down in a way that is very irritating,betray,,,O
okureega,v,to tense up,,,,O
okureega,v,to tune a musical instrument,,Reega endingiri yangye.,Tune my fiddle.,O
okureeguuka,v,"to lose tension, to unstring something",become loose,,,O
okureeka,v,to harvest rain water,,,,O
okureereeta,v,to dangle,,,,O
okureereetera,v,to turn out troublesome and you regret why you participated or did an act,,,,O
okureeta,v,to bring or predisposed to,,,,O
okureeta,v,to go and come with something,,,,O
okureetana,v,to come especially when one is not expected,emerge,Reeba okwezi kuriyo nikureetana.,See the moon is emerging.,O
okureetereza,v,to gradually or imperceptibly start something,,,,O
okureetsa,v,to smoke,,Taretsa sigara aretsa enyungu.,He does not smoke cigarettes he smokes a pipe.,O
okureetwa,v,to be brought; to be caused by; to pass the death bed,,,,O
okureetwareetwa,v,to feel an urge to say something,,,,O
okurega,v,someone's misdeed to someone in authority,report,,,O
okuregaijana,v,to be loose and shaky especially at a point where something is fastened,,Empata ku yaashumurukire edirisa yaaregaijana.,"When the hinge unfastened, the window became loose and shaky.",O
okuregama,v,a position where something is not straight,bend,,,O
okuregarega,v,"to be loose, be unsecured and likely to fall out",,,,O
okuregyeka,v,to precariously lean something against another,,,,O
okuregyeka,v,,,,,O
okuregyeta,v,to pour out idle talk,be talkative,,,O
okurema,v,"to be unruly, not able to be controlled, unmanageable",,,,O
okurema,v,the way leather strings are pulled and made in making drums,make drums,,,O
okuremara,v,"to be physically handicapped, or the state of being disabled",,,,O
okuregyeza,v,,,,,O
okuremba,v,being extremely ill,be very ill,,,O
okuremba,v,to pluck clusters on a banana plant when it is still upright or growing,,,,O
okurembeka,v,,,,,O
okurembesereza,v,to make a child or baby to stop crying e.g. by singing lullabies,,,,O
okuremuuka,v,"to be unpaseted, to lose tension; to become slack",,,,O
okuremwa,v,to fail to do something,,,,O
okurenda,v,to be slimy or glutinous,,,,O
okurendemuka,v,to ooze substances that are too thick,,,,O
okurendeza,v,to experience a state of being less strong,become weak and powerless,,,O
okurenga,v,to set (of the sun),,,,O
okurenga,v,Measure out the basket of millet,to weigh out capacity,Renga encuro y'oburo.,Measure out the basket of millet.,O
okurenganisa,v,to hold something in one grip,clasp,,,O
okurenguura,v,to measure something repeatedly by pouring from one container into another especially a liquid,,,,O
okurengyerana,v,to lose hope,,,,O
okurengyerera,v,"giving unfounded information, no proof of what one is saying",to estimate,,,O
okurengyesereza,v,"to be excessive, to exaggerate, extreme either too small or too big, too few or too many",,,,O
okurengyeta,v,to dangle something,,,,O
okurengyeza,v,to hint at something to someone in a sacrcastic manner,,,,O
okurengyeza,,to pass on something to somebody else,,Ndengyeza ogwo mwonyo.,Pass me the salt please.,O
okurenzya,v,to exaggerate,,,,O
okurenzya,v,to pass on something,,,,O
okurera,v,to take care of a baby,,,,O
okurereera,v,to stop or abandon,,,,O
okurerema,v,to float,,,,O
okurerembura amaisho,v,to roll one's eyes like when one wants to sleep,,,,O
okurerura,v,to remove scum when cooking millet,,,,O
okuriba,v,,,,,O
okuribata,v,to step on somethin; to walk,,Baribata.,They walked.,O
okuribata-omwariro,v,to have extra-marital sex when your wife has just had a baby,,Okuribata-omwariro nikikorwa omushaija maraaya.,Men who play sex with other women when their wives have just delivered are womanisers.,O
okuribatiirira,v,to tread on something many times,,,,O
okuribuura,v,to buy local brew (omuramba) in wholesale,,,,O
okurigatsa,v,to pass the tongue over or along,to lick,,,O
okurigima,v,to make a sound especially when one is running fast,,,,O
okurigira,v,to be sexually atrracted to someone of the opposite sex,,,,O
okurigita,v,to make a series of short quiet sound by hitting the ground,to patter with feet,,,O
okurigitirira,v,put someone on pressure when doing something,to pester,,,O
okuriha,v,to pay damages eg. when one does something wrong,,,,O
okuriha,v,"to be tired, exhauseted",,Akairukanga yaariha.,He ran very fast and got tired.,O
okuriibwa,v,to feel abdominal pain,,,,O
okuriibwa,v,to be bitten by something,,,,O
okuriibwa,v,something that can be eaten,edible,,,O
okuriija,v,to fbe edible,,,,O
okuriika,v,to be edible,,,,O
okuriikuura,v,to dig up from earth with a tool,,,,O
okuriima,v,to court (a girl),,,,O
okuriisa,v,"to feed, to herd or to graze cattle",,,,O
okuriisaguzibwa,v,eating whatever comes one's way especially when one is not hungry,to eat indiscrimately,,,O
okuriishuka,v,to set off at a high speed,,,,O
okuriita,v,to tie something very tightly,,,,O
okuriitana,v,to fight each other ferouciouly,to be entangled,,,O
okuriituka,v,to set off at a high speed,,,,O
okuriituura,v,to hack thoroughly,,Omushuma bakamuriituura kibooko yaataka.,A thief yelled after giving him canes.,O
okurikura,v,to uproot using much force,,,,O
okurima,v,removing soil from the ground e.g. using a hoe,to dig: to cultivate,,,O
okurimanganya,v,being cunning,to trick,,,O
okurimbagirirwa,v,to be in a hopeless state,to be confounded,,,O
okurimbaguza,v,to press somebody for an answer or response,,,,O
okurimbatuka,v,to burn very severely to ashes,,,,O
okurimbatura,v,to scorch,to superheat something,,,O
okurimbiika,v,to be handled together,,,,O
okurimbika,v,to be stagnant or being inactive,,,,O
okurimbura,v,to remove something with all its roots,to uproot,,,O
okurimiirira,v,to be spiteful and not wishing others well,to undermine,,,O
okurinda,v,to keep something safe from injury or any dange; to protect and defend,,,,O
okurinda,v,to wait for something,,,,O
okurinda,v,to be ready for mating i.e. of females to be on heat,to have a sexual urge,,,O
okurindagira,v,to lose the way and start to wander,,,,O
okurindagira,v,to be totally blind,,,,O
okurindigima,v,to burn with burn with a great flame,,,,O
okurindimuka,v,running down a slope at a high speed,,,,O
okurindirira,v,to patiently wait for someone or something for long,to wait,,,O
okurindura,v,to stop guarding something,,,,O
okuringa,v,to see discreetly,to spy,,,O
okuringaanira,v,to be at par,to be equal,,,O
okuringaaniza,v,to make things equal,,,,O
okuringirika,v,to shape something into a good form,to beautify,,,O
okuringura,v,to see somone with out their consent especially when one is naked,,,,O
okuringuriza,v,to look quickly and furtively at somthing through a narrow opening,to peep,,,O
okurira,v,to shade tears as an expression of distress or pain,to cry,,,O
okuriraana,v,to neighbour with someone,,,,O
okuriraarira,v,to be in the habiit of crying,,,,O
okurita,,failling to fail to yield,,Ebitookye bihiire munonga byarita.,The bananas were so ripe as a result they fail to yieled juice.,O
okuroba,v,"using a curved piece of wire or plastic attached to the rod, wall, etc for catching fish, etc.",to hook fish,,,O
okurobanura,v,to decide to take your own way or to agree on something,,,,O
okurobora,v,to make a hole in something e.g. a wall,,,,O
okurofahara,v,to become dirty or unclean,,,,O
okurofakara,v,,,,,O
okuroga,v,to control someone by casting a spell on them,to bewitch,,,O
okurogonjoka,v,"to talk wildly, violently.or angrily",to rave,,,O
okurogoora,v,to reverse the effect bewitchment e.g. when the one who has bewitched decides to do the reverse,,,,O
okurogota,v,to talk carelessly about one in authority,,,,O
okurogoya,v,to make noise,,Ku arikumara kusinda arogoya.,"When he is drunk, he makes a kot of noise.",O
okuroha,v,to push someone or something into a pit using a lot of force,,,,O
okuroha,v,to give someone a wrong idea about something,to mislead,,,O
okurohama,v,to fall into a pit or towards the bottom of water,to sink,,,O
okurohoora,v,to pour a lot of water into something,,,,O
okurokombwa,v,to feel nausea,,,,O
okurokora,v,to preach to someone and he or she becomes saved,to save,,,O
okuromba,v,to be undelicious as a result of being mingled using water that is insufficiently hot,,,,O
okuromba,n,to be exposed to dew,,,,O
okuromba,n,the state of being moist,to be chilled,,,O
okuromba,n,to be dull,,,,O
okuromba,v,to lack courage in doing something,,,,O
okuromba,v,"to feel very hungry, to be hunger stricken, and unable to do anything",,,,O
okuromboija,v,to be inquistive about the affairs of others,,,,O
okuronda,v,to try to find something by looking or examining carefully and thoroughly,to search; to look for something,,,O
okurondereza,v,to look for scattered or unknown things,to search meticulously,,,O
okurondogora,v,to be mentally deranged especially due to old age,to be senile,,,O
okurondogotora,v,to speak many unconnected words on a topic,to speak incoherently,,,O
okurondooka,v,to make something long,to elongate,,,O
okurondoora,v,to trace the origin of something,,,,O
okurongooza,v,to suck dry,,,,O
okurongyeza,v,to flame the banana ripening pit to bring warmth inside the pit,,,,O
okurooba,v,the state of being finacially poor,to run bankrupty,,,O
okurooroota,v,to stay on on the surface of a liquid and not sink,to float,,,O
okurootorora,v,the ability to give a dream meaning,to interpret a dream,,,O
okuroronga,v,to be left out without an overseer,,,,O
okuroroosa,v,to make someone salivate,,,,O
okuroshoora,v,to fry something very well,,,,O
okuroshora,v,,,,,O
okuruba,v,to refuse to work or eat when scolded,,,,O
okurugirira,v,to be dependent on something,,,,O
okurugimbuuka,v,to end the nap for cows,,,,O
okurugwamu,v,to be the origin of something,,,,O
okuruka,v,"to make garments by creating rows of connecting loops as wool, thread using long metal plastic or wooden needles",to knit,,,O
okurumakihu,v,"to keep troubles to oneself, not sharing with friends",,Okurumakihu kukandeetera kuburwa obusingye.,I lost peace because of keeping troubles to myself.,O
okurumba,n,"to attack, to run after",,,,O
okurumbaara,v,to bulge,,Ekishaho yaakipakira ebintu kyarumbaara.,She has packed a lot of things in a bag and it has bulged.,O
okurumbaara,v,to stand out,,Akajwara omwenda gurikwaka yaarumbaara.,She put on a shouting cloth and she could easily identified.,O
okurumbaara,v,to block view,,Entebe eyaabaire eri omu maisho ekatuma yaarumbaara.,The table that was infront of him blocked his view.,O
okurumbuura,v,to get enough for on's satisfaction,,Ebyokurya bi twarya byaturumbuura.,The food we have eaten has been enough for our satisfaction.,O
okurumika,v,to traditionally suck out poison or charm from a person's body by use of a horn or mouth,,,,O
okurumuura,v,to treat someone who has been bitten by a snake,,,,O
okurundaana,v,to gather things together.,,,,O
okurunga,v,to make sauce from ghee.,,,,O
okurunga,v,to decorate and make something look good or improve on something.,,,,O
okurungama,v,to crouch ready to do something.,,Yaabanza kurungama arikweteekateekyera okuguruka.,He first crouched as he prepared to jump.,O
okurungarunga,v,to be lonely and restless.,,,,O
okurungarunga,v,"to make or become sweet, especially in taste or speech, improve on appearance or perception.",,Akarungarunga emotoka ye yaabonera yaagiguza ahaiguru.,He made his car appear better and sold it expensively.,O
okururumbuka,v,to look good in public.,,,,O
okurusya,v,to make someone lose strength by doing something tiresome.,,,,O
okurusya,v,to become a burden to someone.,,,,O
okuruta,v,to become too ripe and yield no juice when pressed eg. banana juice.,,,,O
okuruuruuta,v,being unsatisfied all the time.,,,,O
okuruuza,v,to be lustful.,,,,O
okuruuza,v,to wander here and there especially looking for food.,,,,O
okurwanaho,v,to defend something or someone; to give support.,,,,O
okurwanirira,v,"to defend, give support or fighting for someone in trouble.",,,,O
okurwaririza,v,to persevere until something becomes the way you want it to be.,,,,O
okurya,v,to eat: taking in food through the mouth in order to feed the body.,,,,O
okuryabagura,v,to abuse: using bad words that are not dignified.,,,,O
okurya-ibanga,v,to steal the show; to be respected.,,,,O
okuryakwe,v,to eat more of sauce than food or eating food with no sauce.,,,,O
okurya-majuuju,v,to be wasteful: to eat or use something in a very short time.,to be wasteful,,,O
okuryana,v,being at loggerheads all the time; a state of disliking people.,,,,O
okuryangatanisa,v,being cunning: to obtain something by dishonest means.,being cunning,,,O
okuryebura,v,to cut off something.,,,,O
okuryoryosa,v,to beautify: to improve on the appearance of someone or something.,to beautify,,,O
okusaabunga,v,to move from or swig slowly from side to side.,,,,O
okusaabunga,v,to move here there searching or collecting firewood.,,,,O
okusaanuuka,v,to appear pale: lack of moisture or oil.,,,,O
okusaanuuka,v,"to be with a lot starch and appear delicious especially in cooked potatoes, cassava or yams.",,,,O
okusaanuura,v,to beat up somebody especially by slapping.,,,,O
okusaarumba,v,to walk slowly.,,Akateera ensibo kandi obwe yaabaire naasaarumba.,He stumbled on a stone yet he was walking slowly.,O
okusaasibwa,v,to sympathise: to feel pity and sorrow for somebody.,to sympathise,,,O
okusaasinging,v,to scatter things on the ground that have been broken into very small pieces.,,,,O
okusaasira,v,to forgive: to show that a you are nolonger angry with someone or somehing.,to forgive,,,O
okusamuza,v,to sell something very quickly and often at a very low price.,,,,O
okusandagira,v,to have difficuties in breathing.,,,,O
okuseekyera,v,"to exaggerate, to go beyond limits.",,,,O
okuseenuuka,v,"to underlook others, feeling proud, knowing or feeling that you are great.",,,,O
okuseera,v,to charge too much money for a product.,,Amate nibagaseera.,Milk is sold at high price.,O
okuseera-aha-muyaga,v,to labour for nothing.,,,,O
okuseeta,v,to step on something in order to walk somewhere.,,Ente ekamuseeta ekigyere arikukama.,The cow stepped on his foot when he was milking.,O
okuseetera,v,to sneer at or boast: speaking in a sarcastic way.,to sneer at or boast,,,O
okuseetereza,v,to unconsciously sit badly usually in girls.,,,,O
okuseetura,v,letting the cows go and graze.,,Kangyende kuseetura ente zize kurya.,Let me start off the cows and they go to graze.,O
okuseisa,v,to ask for free meat from someone who has slaughtered.,,,,O
okushaabaara,v,to be a passenger: to travel.,to be a passenger,,,O
okushaabiira,v,"its where one gathers firewood in a place where it is scarce, trying to make a sum of it.",,,,O
okushaabuuza,v,to make noise by an animal as it moves.,,Ku yaagiire kureeba ekirikushaabuuza omu rutookye yaashanga eri embuzi.,"When he went to see what was moving and making some noise in the banana plantation, he found it was a goat.",O
okushaagura,v,to produce many children..,,Tumwine akashaagura abaana baingi baamurema eirebeerera.,Tumwine produced many children and he failed to take care of them.,O
okushaaha,v,to slash: to cut down grass using a sickle.,to slash,Karakita ekashaaha ekishaahi kyona omu shaaha emwe.,The tractor slashed the whole playground in just one hour.,O
okushaakiira,v,to collect herbs so as to treat people.,,,,O
okushaakumba,v,to gather and collect things usually those that are scattered.,,Omukaikuru naashakumba enku omu kibira.,An old woman is collecting firewood in the bush.,O
okushaanduka,v,to cover food using banana leaves while its cooking.,,,,O
okushaariira,v,to have a bitter taste: the taste of something that is not sweet.,,Emicungwa mito neekira kushaariira.,Young lemons are normally bitter.,O
okushaaringa,v,to tie dry banana fibres on the hind leg of a cow that has just delivered.,,Ente ku baabuzire kugishaaringa yaayanga kukamwa.,"When they failed to tie the cow that had just given birth with dry banana fibre, it could not be milked.",O
okushaaruura,v,to harvest crops from gardens when they are ripe or mature.,,Okushaaruura oburo n'omurimo gugumire.,Harvesting millet is a hard task.,O
okushaaya,v,to be stuck in a muddy place especially of cars.,,Enziga zikashaayira omu byondo.,The wheels were stuck in the mud.,O
okushaayuuka,v,to get out of mud.,,Bakamuyamba omu kushaayuura emotoka ye.,They helped him to get his car from the mad.,O
okushaayuura,v,to remove the car from mud.,,,,O
okushaazya,v,"to have surplus, or remainder.",,,,O
okushaba,v,to pray: to speak to God especially to give thanks or ask for His intervation.,to pray,Butoosha nitushaba tutakabyamire.,We always pray before we sleep.,O
okushaba,v,to ask or request for anything.,,,,O
okushabagarika,v,to do something haphazardly: doing something in haste or with no attention.,to do something haphazardly,Aboojo bakashabagurika ekihongore ky'ente kyarahuka kugwa.,The boys built the cattle shed haphazardly and it collapsed immedietly.,O
okushabagiriza,v,to do something roughly or in hurry.,,Akashabagiriza omwata gw'omurutookye gwarahuka kumera.,He weeded the banana plantation hurriedly and the weed came again in a short time.,O
okushabagiza,v,to make noise.,,Nyeekiro mpuriire ekintu kirikushabagiza enyima y'ekiyungu.,Last night I had something making some kind of noise behind the kitchen.,O
okushabarara,v,"to be jumpy, or restless.",,Bamutaire kibooko munaana yaashabarara.,He became restless after giving him eight canes.,O
okushabarika,v,to do something very fast without perfecting it.,,,,O
okushabika,v,to bathe someone using a variety of herbs.,,,,O
okushagarira,v,to escot a bride to her husband to be when she is getting married.,,,,O
okushagika,v,to give support: to help or encourage someone in what he or she is doing.,to give support,,,O
okushahura,v,to save or rescue something from a dangerous situation especially moving things from burning house.,,Akooherezibwa kushahura mukuru we kuruga omu nju erikusya.,He was sent to rescue his brother from a burning house.,O
okushaka,v,to go and work for food or looking for food from far.,,Bakagyenda kushaka enjura yaabateera.,They went to work for food and it rained on them.,O
okushakaara,v,to to thatch: to cover the roof of a building.,to to thatch,Omushaija ariyo naashakaara enju ye.,The man is thatching his house.,O
okushakamba,v,to grow bushy with creeping plants covering everything.,,Bakareka orutookye rwashakamba.,They left the banana plantation to grow bushy.,O
okushama,v,to catch and hold a moving object in your hands.,,Akagyezaho okushama ebishumuuruzo birikuza kugwa.,She managed to catch the keys as they fell down.,O
okushama,v,to play by throwing up and catching something e.g. stones.,,Abaana bakahugira aha kushama baasiriiza ebyokurya.,The children were taken on by playing and catching stones and the food got burnt.,O
okushamaara,v,to starve.,,,,O
okushamashamika,v,to do something quickly with no perfection.,,,,O
okushamata,v,to catch something.,,Akamutambikira akacumu yaakashamata.,He threw a pen to her and she caught it.,O
okushamba,v,to kick something with ones foot.,,Gyenda oshambe omupiira ogwe.,Go and kick that ball.,O
okushamba,v,to be tough or rough.,,Omukazi ogwe ashambire tokaamuzaaniraho.,"That woman is too tough, you cannot joke with her.",O
okushamba,v,to be too dry.,,Ebireere byaguma aheeru byashamba.,The banana fibers stayed outside and now they are too dry.,O
okushambaguza,v,to kick in order to be free.,,,,O
okushambana,v,to commit adultery.,,Omukazi we akashambana na muramu we yaamubinga.,His wife played sex with her in-law and he divorced her.,O
okushambirira,v,to gather small pieces of firewood: to try to collect firewood by picking very small piees such that you can cook food.,,Imwe baana muze okushambirira enku z'okuhiisa ebitookye tutasiibakwe.,You children go and gather firewood to cook food ready otherwise we shall have no lunch.,O
okushambuuka,v,to remove the roof.,,,,O
okushambuura,v,to unroof a house.,,Enju ekakwatwa omuriro bagishambuura.,The house caught fire and the roof was removed.,O
okushamika,v,to give something especially money or goods to help or support a person or organisation.,,Turiyo nituza kushamika aha by'obugyenyi bwa muhara waitu.,We are going to contribute towards our daughter's party.,O
okushamika,v,to tie something loosely.,,Akakomesa ebireere byomire orugo yaarushamika mbwenu hati ruhendekire.,"He used dry banana fibres for mending the fence and tied it loosely, now it has broken down.",O
okushamura,v,to eat something hurriedly when rushing.,,,,O
okushamuurira,v,to seperate cow ghee and the water that is formed during the process of curning milk.,,,,O
okushana,v,to reweave a busket or winnowing tray.,,Orugari rwangye rucwkire niinyenda kurushana nyensyakare.,"My winnowing tray is old, I want to reweave it tomorrow.",O
okushandaara,v,to burst: break open especially from the pressure inside.,to burst,Omupiira gwashandaara ahabw'omwika mwingi.,The ball burst due to too much oressure.,O
okushandaga,v,to cut: to undertake an incision.,to cut,,,O
okushandama,v,to get luck: to recieve something you and relax.,to get luck,,,O
okushandiika,v,the act of covering food using banana leaves.,,,,O
okushanga,n,to find: to meet.,to find,,,O
okushanguruka,v,to come together in big numbers.,,,,O
okushanguruza,v,to collect many things.,,,,O
okushangwa,v,to be fond.,,Omukazi akashangwa naakunda okwiba.,His wife was found of stealing.,O
okushanja,v,to spread out: to scatter things.,to spread out,Akashanja omwata omu rutookye.,He spread out the weeds in the banana plantation.,O
okushanjuura,v,to enlarge.,,Akashanjuura enju ye yaayongyeramu eiriro.,He enlarged his house and added in a dinning room.,O
okushanshabura,v,to open somethig and you tear it into pieces.,,,,O
okushanuura,v,to repair or mend a basket.,,,,O
okushanyarara,v,the loss of power of movement on the locomotive parts of the body.,,,,O
okushanzirana,v,to marry from one family.,,,,O
okushara,v,to cut something using a sharp object.,,,,O
okushara,v,to be mentally sick.,,Akafeerwa nyina yaashara.,She lost her mother and run mad.,O
okushara,v,to officiate a match as a referee.,,,,O
okusharabamba,v,to climb: to go up or on top of something.,to climb,Omwombeki akasharabamba omuti gw'omuyembe.,A bulder climbed a mango tree.,O
okusharagura,v,to chop: cutting something in small pieces.,to chop,,,O
okusharaguza,v,to cancel out several times.,,Akahandiika ebaruha arikusharaguza.,She wrote a letter and crossed through many times.,O
okusharamu,v,to decide: to make up one's mind.,to decide,Abashomesa bakasharamu kwediima ahabw'obutabashashura.,Teachers decided to strike because of not paying them.,O
okusharara,v,to be numb.,,,,O
okushariirira,v,to take a shortcut in order not to meet somebody or something.,,,,O
okusharika,v,making a basket with little interest or lack of enough knowledge.,,,,O
okusharira,v,"to trim: to reduce something by cutiing it, with a purpose of making it neat and short.",to trim,,,O
okusharira,v,to kill an animal for meat especially after buying a car or when entering a newly built house.,,,,O
okusharira,v,to cut the umblical cord in new born babies.,,,,O
okusharuka,v,to become smaller or less in quality or weight.,,,,O
okusharuka,v,to make a loss.,,Omuguzi we akaba atarikufayo kyamureetera okusharuka.,His seller did not mind and this made him make a loss.,O
okushashaamwa,v,to be at the climax of sexual excitement.,,,,O
okushashaanuka,v,to have peace of mind: getting relieved of things that have been burdening you.,to have peace of mind,,,O
okushashaanura,v,to make someone feel relieved.,,,,O
okushashaanura,v,to spread something by unfolding.,,Shashaanura ogw'omwenda tureebe oku gurikwingana.,Spread that cloth and we see its size.,O
okushashaguza,v,to weave badly with no perfection.,,,,O
okushashuka,v,to make a mad person's madness become more active.,,,,O
okushashura,v,to pay: to give money or anything in return of goods and services.,to pay,,,O
okushatuka,v,to split like a piece of wood.,,,,O
okushatura,v,to split.,,,,O
okushayaaya,v,"to fly gracefully, slowly and beautifully.",,,,O
okusheba,v,to give a gift or contribution to someone.,,Bakamusheba ebintu bingi aha bugyenyi bwe.,They gave him many gifts on his party.,O
okushebuka,v,"to germinate, of seeds to emerge from the soil after being planted usually after about 4-5 days.",,,,O
okushebuka,v,to sprout again.,,Emiti bakagitema kwonka yaashebuka.,The trees were cut but they sprout again.,O
okusheega,v,to beg: asking for money or anything on streets.,to beg,,,O
okusheega,v,to be rampant or spreading in uncontrollable way.,,,,O
okusheeguriza,v,to move cattle from one place to another while titherimg them in search for pasture.,,,,O
okusheeguza,v,to solicit money or food especially on streets in a humble way.,,Okusheeguza nikumaramu ekitiinisa.,Begging makes someone lose respect.,O
okusheeka,,to be stunted in growth: the act of taking long to mature or increase in size (mostly in animals).,to be stunted in growth,Obwana bw'empunu za John bukasheeka.,John's piglets are suffering from stunted growth.,O
okusheenya,v,to collect firewood.,,Bakoohereza abaana kuza kusheenya.,They sent the children to collect firewood.,O
okusheenya,v,to bring a house down.,,,,O
okusheesha,v,to pour things when the container breaks.,,,,O
okusheesha,v,to come to morning.,,Akaija burikusheesha.,He came when it was coming to morning.,O
okusheesha,v,to develop a rash on skin at once.,,Abaana be boona bakasheesha oruhere ku baanaabire amaizi garikufuka.,All her children developed a rash after bathing cold water.,O
okusheesha,v,to urinate: to discharge urine from the body.,to urinate,,,O
okusheesheka,v,to drop or pour heavily.,,,,O
okusheeshura,v,to be open.,,Bakamuragira kusheeshura nkooku baamuhambire.,They asked her to open up about how she was raped.,O
okusheeshuuka,v,"to pour in large quantities e.g. when digging in soft, sandy and uncompacted soils.",,,,O
okusheeyeeya,v,to float on water in a relaxed mood.,,Omujubi akasheeyeeya aha maizi kumara obwire buraingwa.,A fisherman floated on water for a long time.,O
okushegashega,v,to behave like a hen trying to look for where to lay eggs: trying to move up and down looking both sides uncomfortably.,,,,O
okushegura,v,to put a pillow.,,,,O
okushegyeza,v,to make constant small and slow movements or speaking in a way that annoys people.,,,,O
okusheijera,v,to stugger as one walks when he is drunk.,,Shwenkuru arabire omu ka arikusheijera.,My grandfather passed here stuggering.,O
okusheka,v,to despise: to underlook someone because of their appearance.,to despise,,,O
okusheka,v,to germinate (for millet).,,,,O
okusheka,v,to laugh: to make sounds and facial movements expressing amusement while the teeth are showing.,to laugh,,,O
okushekura,v,to hit something with repeated heavy blows.,,Ariyo naashekura oburo bw'abagyenyi.,He is pounding millet for vistitors.,O
okushekyera,v,to open up a new field for sowing millet especially in a wet land.,,,,O
okushekyerera,v,to mock someone a laughing a stock.,,,,O
okushekyeza,v,to make something filled up to capacity.,,,,O
okushemba,v,to be the last.,,Omwana akashemba omu kiraasi baamuteera.,The pupil became the last in class and he was beaten.,O
okushemba,v,to dress a wound.,,Akaza omu irwariro baamushemba ekironda.,He went to the hospital and they dressed his wound.,O
okushemba,v,to support.,,,,O
okushembeera,v,to stay at someone's home as a slave.,,Nyina akamutwara kushembeera owaabo.,He took her to stay at their place.,O
okushembeka,v,to turn in a corner: to make a curve when moving along a road or footpath.,to turn in a corner,,,O
okushembera,v,t go for Holy Communion: drinking wine and eating bread in church.,t go for Holy Communion,,,O
okushembererwa,v,to have one's temperature rise.,,Akashembererwa nk'orwaire omushaija.,His temperatues rose like one with fever.,O
okushembura,v,to give moral and financial support.,,,,O
okushembutsya,v,help someone to walk slowly.,,Omugurusi ku yaabaire atakiine geetambuza yaaruhire omwijukuru yaija kumushembutsya baataaha.,"When the old man was already tired and could not walk anymore, his grandchild came and helped him to walk.",O
okushembuura,v,to unwrap: to remove,to unwrap,,,O
okushemeeka,,something from the package,,,,O
Okushembuura,,To unwrap something shows that it is new,To unwrap,Okushembuura ekintu nikikworeka ngu nikisya,To unwrap something shows that it is new,O
okushemeeka,n,a state of breathing with short and quick breath,,Omwana ku yaareebire enjoka yairuka arikushemeeka,"When the child saw the dog, he started to run while panting",O
okushemera,v,to look good or nice,,,,O
okushemera,v,to be pleasant,,,,O
okushemererwa,v,to be happy or glad; full of joy,,,,O
okushemeza,v,"to please, to entertain",,,,O
okushemeza,v,to clean,to put right,Ku baamukwasire yaaraganisa kushemeza eiziina rye,"When they caught him stealing, he promised to put his name right",O
okushemeza,v,to operate on someone,,Omukazi we akaremwa kutsindika baamushemza,His wife failed to push a baby and she was operated on,O
okushemuuka,v,to avoid ignorance or be educated,to be literate,,,O
okushenda,v,divorce: the act of the man sending his wife away,,,,O
okushenda,v,to behave with no hospitality when someone does not want visitors at home,,,,O
okushendashenda,v,to attract,,Akamushashurira fiizi omu ishomero kumushendashenda ngu amushwere,He paid for her school fees in school in order to attract her for marriage,O
okushendekyereza,v,to see someone off or to escort someone,to give a push,,,O
okushendekyeza,v,,,,,O
okusheneneka,v,to flow gently,,,,O
okushenga,v,to become pregnant,,,,O
okushengura,v,to have a head on collision,,Omushaija akashengura omutwe aha kisiika,A man hit his head on the wall,O
okushengurana,v,to experience a head on collision with one another,,,,O
okushengwa,v,to put or cause an injury on someone by a knife,to stab,Omwana akatunga okushengwa aha buso,The child received a stab wound on his forehead,O
okushengyerera,v,to buy alchol for another person,,,,O
okushenjagura,v,breaking something into very small pieces,,Omwana yaashenjagura egiraasi zangye,The child has broken my glasses into small pieces,O
okushenshera,v,to enter into something like a hole,to permeate,Akashensehera omu kaju,He sneaked in a hut,O
okushenya,v,to collect firewood,,Abaana baashenya enku omu kibira kyaitu,Children have collected firewood from our forest,O
okushenya,v,the break up of families,,,,O
okushenyura,v,to bring down a building,,,,O
okushenzya,v,to become pregnant of a dog,,,,O
okusherebuza,v,to make sound like when one is touching or walking on dry banana leaves,,,,O
okusheregyenya,v,a situation where a substance looses its weight as a result of heavy rain raining on that substance consider like raining on a hip of sand and in the process the sand looses its weight,,,,O
okushereka,v,to hide something,to conceal,,,O
okusherura,v,to search for something,,Na hati naasherura omwana we owaabuzire aine emyaka etaano,Up to now he is searching for his daugheter who disappeared when she was five years old,O
okusheshemukwa,v,a feeling one gets when you want to vomit,to feel nausead,,,O
okusheshemura,v,to make someone want to vomit,,,,O
okushetsya,v,to make someone laugh; to amuse,,Firimu ei twareebire ekaba neeshetsya,The film we watched amused us,O
okushigisha,v,to make porridge,,,,O
okushiija,v,the act of stimulating a female animal by a male,,,,O
okushiisha,v,to waste,,,,O
okushiisha,v,to commit a sin,,,,O
okushinyiriza,v,to make a sound in expression of something,,,,O
okushinyooka,v,to be sarcastic,,Omukazi we naakira kugamba naashinyooka,His wife is always sarcastic whenever she is talking,O
okushisha,v,the resemblance of two things or people,to look alike,Ogu mwana naashisha ishe,This boy resembles his father,O
okushisha,v,the way something appears,to seem,Nooshisha ngu enjura neeza kugwa,It seems it is going to rain,O
okushisha,v,to put on weight especially for babies,,,,O
okushishiza,v,to shake or shiver as a result of coldness or sickness,,Omwana wangye arwaire omushwija weena naashishiza,My child is shivering because of malaria,O
okushoba,v,to be mixed up wrongly,,Akaba naahandiika ebaruha kwonka ekashoba,He was writing the letter but it was wrong,O
okushoba,v,to go beyond,,Bakaba nibahika nka makumi ashatu n'okushobamu,They were like thirty and above,O
okushobangirirwa,v,to be in problems,to the cross roads,,,O
okushoberwa,v,to be buffled and confused not knowing what to do,,,,O
okushoboorokyerwa,v,to percieve the intended meaning of words or a language,to understand ог be civilised,,,O
okushoboorora,v,to elaborate something to make it easy for others to understand,to explain thoroughly or put things right,Okushoboorora ekintu kigumire tikyanguhi,To explain something hard is not easy,O
okushobya,v,to make a mistake,,Okushobya n'okwa buri omwe,Making a mistake is normal,O
okushogoita,v,an abuse with action where one places his finger on the chick of the one he is abusing,,,,O
okushogonyoka,v,break down into pieces may be after an accident,,Akashogonyoka amagufa g'amaguru kyamuremesa okugarukamu kutambura,,O
okushogora,v,to remove pods from their stem,,,,O
okushogoya,v,a time in a person's life when he or she is developing from childhood to adulthood,to become an adolescent,,,O
okushogoya,v,to reach a stage where the human hormones becomes active such as change of voice,,Okushogoya nikutuma omuntu yaagira amaryo,Adolescence makes a person become big headed,O
okushoha,v,inflammation of one or both of the testicles,orchitis,,,O
okushoha,v,to catch fish,,Okushoha n'omurimo gw'abajubi,Fishing is a job of fishermen,O
okushohooroka,v,to lose some threads or whatever that makes up something because the edge is torn apart,,,,O
okushohooroka,v,to sneak out,,,,O
okushohoorora,v,to pull out threds,,Akashohoorora ehuuzi z'omu kiteteeyi kye,She pulled out the thread from her dress,O
okushohora,v,to move from an enclosed place to the outside environment,to go out; to exit,,,O
okushohoza,v,an act of taking something kept inside a house or any other thing outside,to take out,,,O
okushohoza,v,to spend money on something,,Yaashoza esente nyingi aha myenda egyo,He has spent much money on those clothes,O
okushokondwa,v,to be eaten by pests,,,,O
okushokoora,v,,,,,O
okushokoza,v,to clean hair using a long brush,to comb hair,,,O
okushokoza,v,to leave nails to over grow,,,,O
okushokyerera,v,to pile things in one place by making sure that there is no space left,,,,O
okushoma,v,to look at written material and comprehend mentally and say words either silently or loudly,to read,,,O
okushoma,v,to be well educated,,Omushaija akashoma yaahika hare,The man is highly educated,O
okushoma,v,to go to church and praise God,to pray,,,O
okushoma,v,to drink a lot froma cup or any container,to take a sip,Shomaho kakye,Take a sip,O
okushoma,v,a situation where a mother who has just given birth gets hungry when the baby is not yet a week old,,,,O
okushomankura,v,eating very fast and most especially when one is eating with others from the same plate,to be greedy,,,O
okushomba,v,"to carry things from one place to another, then go back and bring more over and over again",,,,O
okushombooka,v,to move slowly,,,,O
okushomboora,v,to sneak out things secretely,,,,O
okushomeerera,v,to drink or take something while eating,,,,O
okushomera,v,to read or dictate to people as they write,,,,O
okushomera,v,to abuse someone,,,,O
okushomesa,v,to teach to give someone knowledge and skills,,,,O
okushomesa,v,to lead prayers in church,,,,O
okushomoimora,v,to uncover the maize cob with the intention of checking if it is ready for harvesting,,,,O
okushonda,v,"to contribute, to solicit",,Bakashonda esente z'okukora obugyenyi bwe,They contributed money for his party,O
okushondahirirwa,v,losing weight,to grow thin,,,O
okushongora,v,to make something sharp using a knife or razor,to sharpen,,,O
okushongyera,v,to merge together or to bring together,,,,O
okushongyeza,v,to add information for someone as he or she speaks,,,,O
okushonkonoka,v,the situation in which something looses its inner part like a snail loosing its inner part and the other part remains,,,,O
okushononoka,v,the slow movement of water droplet,oozing,,,O
okushonshoma,v,to eat with greed,eating vigorously,,,O
okushonshoreka,v,"to insert: to fix something in a small place, pressing it hard",,,,O
okushooba,v,"a way of walking, usually",to stalk,,,O
okushooreka,,tip toeing,,,,O
okushooreka,v,removing unwanted plants from the garden,to weed,,,O
okushora,v,to pay tax,,,,O
okushoreka,v,to tether kids of a goat on a rope so as to stop them from following their mother while taking them to graze,,,,O
okushoreza,v,to breathe in or inhale something,to sniff,,,O
okushorobeka,v,to fix something into a hollow thing of a bigger size,,,,O
okushorogota,v,to remove rotten seeds from a calabash that is not yet used,,,,O
okushoroma,v,to harvest by plucking leaves only,,Okushoroma doodo.,To harvest vegetables.,O
okushoronga,v,to move slowly in a queue,,,,O
okushoronzya,v,to set a pleasant and systematic way of doing something,,,,O
okushorooza,v,to collect money or any other item,,,,O
okushororoka,v,to be straight,,,,O
okushoshoora,v,to remove something from others while pulling it,,,,O
okushota,v,to crash something using a pestel,to pound,,,O
okushotooka,v,"to walk very slowly, e.g. due to illness",,,,O
okushuba,n,"to repeat, to do something another time",,,,O
okushubagura,v,to tell lies,,,,O
okushubanga,v,"to make animals move through or play from a garden at their flowering stage, especially beans",,,,O
okushubiira,v,to repeat an act,,,,O
okushubiiriza,v,the second layer of plastering in building a house,to plaster,,,O
okushubika,v,to wrap,,Enjura ku yaagwire buri omwe yaayeshubika.,,O
okushubisa,v,"to do, give, show, something again",to repeat,,,O
okushubwa,v,to fail to get into contact with something or somebody to fail to participate in something that one ought to have,to miss,,,O
okushubya,n,to milk a cow for the second time,,akashubya enyena ngu egaruke ekame.,he put back the calf so that he milk.,O
okushugaana,v,"to be virgin or holy, full of innocence",,,,O
okushuganisa,v,to put things right,,,,O
okushugoitura,v,to pull the ear of a child to warn him or her or to stop doing wrong or talking about a certain topic. It is a form of punishement,,,,O
okushugurika,v,to be mentally or psychologically unbalanced because of problems,to be unstable,,,O
okushugurikana,,,,,,O
okushugwita,v,to kill an animal,to slaughter,,,O
okushuka,v,to cause a liquid or granular solid to flow in a steady stream,to pour or splash,,,O
okushuka,v,to throw the ball in the process of playing football,,,,O
okushukaanura,v,to seperate liquid or granular liquid into different containers repeatedly,,,,O
okushukirana,v,contribute or the act of contributing,to contribute,,,O
okushukwa,,,,,,O
okushukisa,,,,,,O
okushukira,,,,,,O
okushukyeera,v,"to pour water, to splash on plants during the dry season so that they can grow well",,,,O
okushumba,v,to live and work for other people for no pay,to be a slave,,,O
okushumbuusha,v,to provide or serve as a substitute counter balance,to compersate,,,O
okushumika,v,to fasten by intertwining or tying knots as a rope or string,to tie a knot,,,O
okushumikira,v,giving something to a new born child for the first time especially money,,,,O
okushuminkana,v,to interweave ropes or threads,,,,O
okushuminkanisa,v,to repair part of something by joining the broken or seperated parts,,,,O
okushumuuruka,v,the opening of things that have been tied,,,,O
okushumuuruka,v,"to spend many years in marriage but without a child, after a certain period, one finally gives birth",to give birth,,,O
okushumuurura,v,to undo or unlock by turning a key or a corresponding part,to open,,,O
okushuna,v,to squeeze part of the body so as to cause disconfort or pain,to pinch,,,O
okushuna,v,to play the guitor,,Ishe naamanya kushuna endongo.,,O
okushundura,v,to give somebody his or her money in full,,,,O
okushunga,v,to tell someone what he wants to hear,to flatter,,,O
okushunga,v,to take care or look after someone who is un able to take care of himself,,,,O
okushungisa,v,"to annoy, pester by making fun of or taunting",,,,O
okushunguhara,v,to get annoyed and feel like doing something that is not expected of you,,,,O
okushungura,v,to pull the mouth because of anger,,,,O
okushungura,v,"to examine something closely like grains in order to sort, analyse, sift, etc",to winnow,,,O
okushungyeera,v,to gather and watch while something is being done,,Abantu baingi bakaija kushungyeera omukazi na iba obu baabaire nibarwana.,When the couple was fighting many people came to watch.,O
okushungyeerwa,v,to be happy with what you are doing yet its wrong and other people are not happy,,,,O
okushungyera,v,to thresh millet so as to remove grains from husks,,,,O
okushungyeza,v,to make fun to someone in a disturbing manner,,,,O
okushunika,v,the act of letting something or somebody go for a cause,"to set, to let go",,,O
okushunira,v,"to remove diseased, un wanted excess and weak branches from a plant",to prune,,,O
okushunshura,v,to make hair tidy using a comb,,Okushunshura kwe nikimuheisa ekitiinwa.,Her way of combing her hair earns her respect.,O
okushuntashunta,v,to talk using a sweet tongoue,to convince,,,O
okushuntura,v,to let someone joke notoriously sticking on what one has said or about another person ог done to another person,,,,O
okushununuka,v,to abandon somebody when they are in difficult situation,,,,O
okushurika,v,to use an open frame work or lattice to train venes and climbing plants,,,,O
okushurika,v,"to cain using a very long, soft and curved stick",,,,O
okushuruguturura,v,to make a hole or cavity by scooping,,,,O
okushurungura,v,to turn upside down such that the top things go down and the bottom things come on top,,,,O
okushusha,v,two people or things to look alike,to resemble,,,O
okushushana,v,to look alike,,,,O
okushushanisa,v,to consider how things or people are different and how they are similar,to compare,,,O
okushushuura,v,to remove the bark of a tree or any other thing,,,,O
okushutamirira,v,to keep an eye when work is being done,,,,O
okushutuka,v,to grow fat in a short time,,,,O
okushuubura,v,to trade or carry out bussiness,,,,O
okushuubura,v,to remove the peelings,,,,O
okushuubya,v,to put the calf in or under or teats to breastfeed the second time so that you can milk the second time or get more milk,,,,O
okushuuga,v,to be strong and lesilient; able to withstand great strain without fearing or breaking,,,,O
okushuuhuuka,v,"to go to another place as a result of war, famine, etc",,,,O
okushuuka,v,to get healed from sickness,,,,O
okushuukuura,v,,,,,O
okushuuma,v,"to move down the slope, stairs, a valley, mountain or any other steep area",,,,O
okushuumya,v,to lift down something from up taking it down. It can be from upstains or downstairs,,,,O
okushuura,v,to check on someone or visit the sick or examine the trap,,,,O
okushuuriza,v,to see through a small aperture or from behind something,to peep,,,O
okushuuruura,v,the act of exposing something or somebody by removing the cover,to uncover,,,O
okushuuruurirwa,v,to get a vison of what is going to happen,to reveal,,,O
okushuusha,v,to cut with violent sweeping strokes most especially done on short grass or fence,to slash,,,O
okushuusha,v,to eat noisly especially when taking tasty soup,,,,O
okushuushuura,v,to remove the outer cover or coat of something or bark for the case of trees,,,,O
okushuutsya,v,to call on someone or to make a brief visit to someone especially a neighbour,,,,O
okushuutsya,v,to move to a place where there is food,,,,O
okushuya,v,to develop mumps and cause swellings a long the cheeks,,,,O
okushuyuura,v,treating the mumps,,,,O
okushwaga,v,to protect something that one has excessive desire for with some characteristics of greed,,,,O
okushushwa,v,the feeling one is scared or cold; the body gets covered with rush that disappears after a short time,to get goose pimples,,,O
okushusya,v,to pay a visit to the sick,,,,O
okushutama,v,to rest with the body supported upon buttocks and the torso upright,,,,O
okushwamirira,v,to look at something,,,,O
okushutama,v,to leave or stop doing what you have been doing,,,,O
okushutamira,v,to fail to fulfil the duties or responsibilities one is entitled to do in a particular time or specific period,,,,O
okushwara,v,to be a shamed,,,,O
okushwashuma,v,to be untrust worthy and corrupt,,,,O
okushwaza,v,to bring shame upon someone,,,,O
okushweka,v,"to place something upon in front of or over so as to protect, shut in or",to cover,,,O
okushwekura,,conceal,,,,O
okushwekura,v,,,,,O
okushwekuura,v,removing something that has been covering another thing,to uncover,,,O
okushwekyerera,v,to completly cover up something,to cover up,,,O
okushwekyerera,v,to hide the truth,,,,O
okushwera,v,a man taking a woman to his home for marriage purposes,,,,O
okushweraguza,v,to marry here and there,,,,O
okushwererera,v,to arrange marriage or help someone to marry,,,,O
okushwerwa,v,to be married,,,,O
okushwijuma,v,"to inspect or scrutinize in details by interogating or questioning formally to elicit facts, information, etc",,,,O
okushwita,v,to pound sauce to make a fine paste,,,,O
okusiba-ekikaru,v,to tack in a shirt,,,,O
okusibanga,v,to get a hard time of something or someone that cannot easily get a solution for,,,,O
okusibantuka,v,to stumble over something and stagger,,,,O
okusibika,v,to tie an animal with a rope or chain that allows a short radius to move about in,to tether,,,O
okusibika,v,to turn millet both sides strongly by breaking down all the flour remains during mingling process,,,,O
okusibuka,v,to grow again after being cut down,,,,O
okusibukana,v,to walk while staggering,,,,O
okusibura,v,"to set free from being tied, restricted or confined in one place or position",,,,O
okusibura,v,"to punish, chastice or reprove by or as if by beating or lasting",,,,O
okusibutuka,v,to slide accidentally and falling or nearly falling,,,,O
okusibuura,v,to say good bye,,,,O
okusibuura,v,causing to lose colour ог brightness,,,,O
okusibya,v,cause someone to be arrested,,,,O
okusiga,v,to leave behind as you travel with someone,,,,O
okusigaigana,v,to avoid doing something difficult or accepting responsibility for something,,,,O
okusigaingana,v,to put off or avoid work,to shirk,,,O
okusigara,v,"to be left, to stay behind",,,,O
okusigarana,v,to remain with something,,,,O
okusigasigana,v,"following ane another, e.g. in a race",,,,O
okusigiirira,v,to leave somebody in the process of doing something,,,,O
okusigira,v,leaving something to someone/somebody,to leave for,,,O
okusigisibwa,v,to deviate from the main issue. to change mind on what you are supposed to do or say and concentrate on other issues,,,,O
okusigura,v,to get a wife and take her at night,,,,O
okusiguurura,v,to transfer seedlings from the nursery bed to the prepared garden,,,,O
okusiguza,v,the act of parrading someone for love affair or companionship,to date,,,O
okusiiba,v,the situation of being late or the period that you spend somewhere beyond the required time,to delay somewhere,,,O
okusiiba,v,to spend a day,,Nkasiibayo eizooba ryona.,I spent there the whole day.,O
okusiiba,v,the period of not eating food usually for religious reasons,to fast,,,O
okusiibakwo,v,to go hungry all day through; spending a day without eating anything,,,,O
okusiibayo,v,to delay somewhere,,Naatuma omwana aha duuka yaasiibayo.,I have sent a child to the shop but she has delayed there.,O
okusiibira,v,to eat something for lunch,,Eriizooba naasiibira ebitookye.,Today I have eaten bananas for lunch.,O
okusiibira,v,to spend a day somewhere,,Nyomwebazyo nsiibire owa mukuru wangye.,Yesterday I spent the whole day at my brother's place.,O
okusiiburuka,v,to come out of fasting period: The end of the period of fasting,to break the fast,,,O
okusiibuuka,v,to gradually become less attractive,"to fade, to lose colour",,,O
okusiiga,v,to put colour or paint onto an object,to paint,Akasiiga emotoka n'erangi erikutukura.,He painted a car with red paint.,O
okusiiga,v,to put oil onto something,to smear,,,O
okusiigaana,v,to hesitate doing something expecting someone else to do it,,,,O
okusiiga-ebyondo,phr,to cause someone trouble,,,,O
okusiigirira,v,to insist on something and refuse to change your mind,,,,O
okusiigiriza,v,to smoothen the surface of something for example the top of the table,,,,O
okusiima,v,to express gratitude or show appreciation to a person,to thank,Maama akansiima ahabw'okugira emicwe mirungi.,My mother thanked me for being well behaved.,O
okusiimuuka,v,to be rubbed off and cease to exist like dust,,,,O
okusiimuura,v,to rub off something,,,,O
okusiira,v,to give a meal free of charge,,,,O
okusiisibiriza,v,to hiss and make an irritative noise,,,,O
okusiisikara,v,to get spoilt,,Akasiisikara habwa bagyenzi be abu arikugyenda nabo.,He became spoilt because of peer friends.,O
okusiisimuka,v,to wake up from sleep,,Akaza kusiisimuka yaashanga baagyenzire.,By the time he woke up they had already gone.,O
okusiisirira,v,"to anually manipulate (someone's body), usually for medicinal or relaxation purposes",to massage,,,O
okusiita,v,the act of pressing something so that it gets damaged or injured,to crush,,,O
okusiitira,v,to crush using hands or feet,,,,O
okusika,v,to use force to move somebody/something towards yourself,to pull,,,O
okusika,v,to obtain from someone after their death,to inherit,,,O
okusikamba,v,the act being hesitant or reluctant,,,,O
okusikambura,v,to take forcefully,,,,O
okusikamiriza,v,to kneel,,,,O
okusikana,v,to be squashed or pressed together,,,,O
okusikankura,v,to pull something violently,,,,O
okusikasikana,v,to fight for something,,,,O
okusikimba,v,to make slow movements usually by the bride and the groom,,,,O
okusikina,v,to suffer from a hiccup,,Omwana ogu araire naasikina ekiro kyona.,This child had a hiccup the whole night.,O
okusikira,v,to represent someone when he or she is absent,,Akasikira ishe aha bugyenyi.,He represented his father at the party.,O
okusikira,v,to inherit,,Ishe ku yaafiire omutabani omukuru yaamusikira.,When his father died his eldest son inherited him.,O
okusikirira,v,to bring ill luck,,,,O
okusikiriza,v,to entice or persuade someone to do something especially by offering a reward,,Akataho sente yasikiriza abazaani kuzaana kurungi.,He pledged money to entice players to play well.,O
okusikondwa,v,"to breathe spasmodically, and make a sound when you have to hiccup",,,,O
okusikoora,v,to curse worse things,,,,O
okusikora,v,to beg persistently,,,,O
okusikora,v,to be abusive,,,,O
okusikura,v,to grab something from someone suddenly,,Akamusikura ekitabo omu ngaro.,Не grabed the book from his hands.,O
okusimaatuka,v,to slide off,,Ekikopo kyansimaatuka omu ngaro.,The cup slid off from my hands.,O
okusimantura,v,to be smart,,Akeesimantura arikuza kushoma omu kanisa.,She dressed smartly as she was going for the church service.,O
okusimba,v,"to put or set (seeds, seedlings, or plants) into the ground",,,,O
okusimba,v,to nominate someone who should be given responsibility,,,,O
okusimba-eicumu,v,to refuse to do something,,,,O
okusimbarara,v,to stand stiff,,Naamushanga asimbaraire aha rubaju rw'omuhanda.,I found him standing stiff on the road side.,O
okusimbikiriza,v,to stand on one's toes,,Abaana bakahayana okusimbikiriza eshaaha yoona.,The children competed to stand on their toes for the whole hour.,O
okusimbiriza,v,to stand on the toes,,,,O
okusimbiza,v,to carry the baby on the back and keep making it firm on the back,,,,O
okusimbuka,v,to start moving or walking,,Emotoka yaasimbura omu kasheeshe.,The car started moving in the morning.,O
okusimbura,v,to set of for the journey,,Bakasimbura omu kyaro shaaha ikumi n'emwe ez'akasheeshe.,They set off for the journey at 5.00pm.,O
okusimbuza,v,to lift the foot,,,,O
okusimiza,v,to reveal a secret to a person for the first time before it is known to others,,,,O
okusimiza,v,to signal by winking to deliver a message,,,,O
okusimwasimwa,v,to be eager and impatient to do something,,Akasimwasimwa kugamba omuntu owatwaire sente.,He was eager to name someone who took the money.,O
okusina,v,to control running stool,,Bamuhaire emibazi y'okusina okwirukana.,They gave him medicine to control running stool.,O
okusinama,v,"to become hard, stale and dry as a result of being exposed to the sun for a long time",,Ku orikureka ebitookye bihaasire aha mushana nibisinama.,"When you leave pealed bananas in the sun, they become hard stale and dry.",O
okusinda,v,to get drunk after taking a lot of alcohol,,Akanywa amaarwa maingi yaasinda.,He drunk a lot of alcohol and he became drunk.,O
okusinda,v,"to use euphemistic words in particular situations, for example the woman does not mention the name of the father-in-law because it is a taboo, instead he uses another expression",,,,O
okusindagana,v,to groan out of pain,,Araire naasindagana ahabw'okuteerwa omutwe.,He was groaning the whole night because of headache.,O
okusindagira,v,to breathe very fast especially when one is sick,,,,O
okusindama,v,to fall on something,,Omuti gwasindamira enju.,The tree has fallen on the house.,O
okusindama,v,,,,,O
okusindama,v,fall in a deep pit,,Emotoka ekasindama omu kiina kiraingwa.,The car fell into a deep pit.,O
okusindiira,v,to beat up somebody especially if the one beaten cannot fight back,,,,O
okusindika,v,the act of applying force in order to move something away,to push,Akamusindika yaagwa omu maizi.,She pushed him into water.,O
okusindikiriza,v,to push forward,,,,O
okusindira,v,to protect from mass wasting especially when digging or protecting from falling by putting supporters especially of grass on the sides of that particular thing,,,,O
okusindirira,v,to bring ill luck,,,,O
okusinduuka,v,to normalise from drunkardness state,,,,O
okusinduza,v,to put a child to sleep,,,,O
okusinga,v,be the winner in a contest or competition; be victorious,,,,O
okusinga,v,to rub hands or put something on a surface,,Akasinga engaro ze kutunga obutagasi.,He rubbed his hands in order to get warmth.,O
okusinga,v,to stake on the outcome of an issue,to bet,Akasinga emitwaro ikumi ngu Uganda neeza kusinga Rwanda omu kweshongora.,He betted one hundred thousand shillings that Uganda will win Rwanda in the singing competetion.,O
okusingata,v,to rub sticks together to light fire (done during the stone age period),,Abaakare nibo baabaire basingata omuriro.,,O
okusingiisira,v,to stand on toes,,Akasingiisira yaaranzya obuseeri.,He stood on the toes and viewed over.,O
okusingirira,v,,,,,O
okusingisiriza,v,to favour someone in an arguement,,,,O
okusingiza,v,to worship God with words and music,to praise,,,O
okusingoorera,v,to clean the floor by removing dust using a broom,to sweep,Akasingoorera embuga omu kasheeshe.,She swept the courtyard in morning.,O
okusingura,v,to win victory or overcome,,Eihe ry'ihanga rikasingura orugamba.,The governement troops won the battle.,O
okusingwa,v,to be deafeated or lose victory,,Akasingwa omu mpaka z'okwiruka.,He was defeated in the athletics competetion.,O
okusingyera,v,to crush hard with feet and press hard to remove husks,,,,O
okusinika,v,to curl the upper lip and expose the teeth in contempt,,,,O
okusinsiina,v,to talk in such a way that you do not reveal the truth,,,,O
okusinsimuka,v,to move down a slope,,,,O
okusinsimuka,v,to wake up,,,,O
okusinura,v,to sit indecently,,,,O
okusinyongora,v,to remove part of the husks of the maize in order to see whether its mature,,,,O
okusinziira,v,to perform a ritual in the banana plantation of the deceased a few days after the funeral,,,,O
okusinzikara,v,to get into deep sleep by a child,,,,O
okusiraamura,v,to remove the foreskin of the penis,to circumcise,Omwana bakamusiraamura ishe atarikumanya.,The boy was circumcised without his father's knowledge.,O
okusiraara,v,to make food lose taste because of getting it from the garden and keeping it for long before it is prepared,,,,O
okusiraara,v,to feel hungry,,Tinkarire nahurira nasiraara.,I haven't eaten I feel hungry.,O
okusiragira,v,to become restless or unconfortable because of too much thirst,,,,O
okusirasiza,v,to be stopped from releasing secrets,,,,O
okusiribirira,v,to smoothen something like floor after smearing it,,,,O
okusiributuka,v,to run very quickly,,"Akasiributuka aha bashuma, yaabakwatira omu miti.",She ran quickly after the thieves and found them in the tree plantation.,O
okusiribya,v,to undertake hot pursuit of an enemy,,,,O
okusiriira,v,to burn the food while cooking,,,,O
okusiriitana,v,to wrestle,,,,O
okusiriiza,v,to burn something especially food when it is being prepared,,Reka kusiriiza esafuriya.,Stop burning the saucepan.,O
okusirika,v,to keep quiet,,Akasirika baagira ngu tarikubimanya.,He kep quiet and they though that he did nmot know.,O
okusirikirira,v,to reach the last point,,Naashanga akatadooba nikasirikirira.,I found the candle burning to its last point.,O
okusirikiriza,v,to gaze at a distance,,,,O
okusirimuka,v,to move downwards,,,,O
okusirimura,v,to take something down the slope,,,,O
okusirisya,v,to make someone keep quiet especially a baby,,Omwana baagyezaho kumusirisya yaagumizamu naarira.,They tried to make the baby keep quite but it continued crying.,O
okusirisya,v,to put someone to sleep by a doctor during an operation or surgery,,,,O
okusisa,v,to try and get some information from someone when he or she is in deep sleep,,Abaire abyami baamusisa barikumubuuza omuntu ou arikukunda.,As she was asleep they asked her the person she loves.,O
okusisibana,v,to heal especially of a wound,,Ekironda nikiza kusiisibana omu biro bikye.,The cut will heal in a few days.,O
okusisibanisa,v,"to rub, smooth en, smear or wipe something",,Sisibanisa gye amashuta aha maisho.,Smear well the vaseline on your face.,O
okusisira,v,to long for someone or something,,Nsisisire okureeba maama.,Am longing to see my mother.,O
okusita,v,to pin something,,Omwojo naasita enyama.,The boy is pinning the meat.,O
okusiza,v,to cool temperature,,,,O
okusizika,v,to be determined to do something until its conclusion,,Nooteekwa kusizika waaba nooyenda kuhika.,You have to be determined if you want to pass.,O
okusokoora,v,to tickle or disturb somebody,,Reka kusokoora mutaahi waawe.,Stop tickling your friend.,O
okusomora,v,to put a hole into something and see inside and you start stealing those things slowly by slowly,,,,O
okusonoora,v,,,,,O
okusonsoora,v,to treat unfairly or to discriminate,,Waareetamu okusonsoora.,You are bringing unfair treatment.,O
okusooka,v,,,,,O
okusookora,v,to break the concentration of something,,,,O
okusoomoora,v,to rub something and mak it very smooth,,,,O
okusoora,v,,,,,O
okusoorera,v,to weed,,Abaishiki nibasoorera orutookye.,Girls are weeding the banana plantation.,O
okusooza,v,to push air inside through your teeth in an effort to abuse someone,,,,O
okusosora,v,to favour someone,,,,O
okusurupurura,v,to write or speak at high pace,,,,O
okususana,v,to look alike,to resemble,,,O
okusuukuza,v,to leave nails or hair grow and become long,,Ebyara by'omwana bisuukwize.,The child's nails are long.,O
okusuusa,v,to slash,,,,O
okusuuzungura,v,to shake when you are winnowing,,,,O
okusya,v,the situation where the prepared food gets ready for eating,to be ready,,,O
okusya,v,"the situation when fruits are ready for eating, and they usually change colour especially to yellow or red",ro ripen,,,O
okusya,v,to be burnt and damaged by fire,,,,O
okusya,v,to stop,,Baagyenda enjura yaamara kusya.,They left when it had stopped raining.,O
okusyabukana,v,to go with something from a specified place,,,,O
okusyaha,v,to advise someone,,,,O
okusyama,v,to have a sitiuation when bulls are preparing for a fight,,,,O
okusyamuka,v,to come back from where you had gone,,,,O
okusyangirira,v,to mix cold water with flour especially millet flour to make porriedge using hot water,,,,O
okusyankana,v,to flash many times using a camera or by lightening,,,,O
okusyaraara,v,to stagnate and stay in one place for long especially water,,,,O
okusyasyana,v,to be in a hurry,,,,O
okusyaza,v,to sharpen a hand tool,,,,O
okusyoka,v,to rush and disappear froma place,,,,O
okusyokora,v,to stay too long in the boat and over ferment,,,,O
okusyokyera,v,to rush and go to a defined place,,Yaasyokyera owa Ishento.,He rushed and went to his uncle's place.,O
okusyomooza,v,to underlook someone,,,,O
okusyonga,v,to go ahead,,,,O
okusyonoka,v,to be wounded after something has stepped on you,,,,O
okusyonoora,v,to hurt someone after stepping on him/her,,,,O
okusyora,v,to run very fast,,,,O
okusyora,v,to come to drink water,,,,O
okusyoreka,v,to talk in a way that someone you are talking about does not know what is being talked about him,,,,O
okusyosyoza,v,"to chirp, make a succession of soft short sounds",,,,O
okusyosyoza,v,"to talk rapidly through excitement, navoursness, etc.",,,,O
okusyotoka,v,to move away very first,,,,O
okusyotora,v,to draw out a knife or weapon,,,,O
okuta,v,to put or place something somewhere,,,,O
okutaaga,v,to cry for help,,,,O
okutaagaana,v,to be very tired or being bothered,,,,O
okutaagataaga,v,to walk with difficulty,to limp,,,O
okutaagataagaara,v,to become homeless or failing to get where to stay,,,,O
okutaagataagarana,v,to scramble,,,,O
okutaagataagira,v,to ask for help or request for something from different people,,,,O
okutaagataagira,v,to work in more than one place,,,,O
okutaagiira,v,,,,,O
okutaagisa,v,to force someone to confess using underhard or harsh methods,,,,O
okutaagiza,v,to move with one's legs spread either naturally or due to some disorder,,,,O
okutaaguka,v,to get torn,,,,O
okutaagura,v,to tear,,,,O
okutaagurikana,v,to disperse and move in different directions,,,,O
okutaagurira,v,the act of dancing unique to Banyankore and Bakiga of south western Uganda,,,,O
okutaaguuka,v,to get a big open injury on the surface of the body,,,,O
okutaaguza,v,to be in an awkward situation,,,,O
okutaaha,v,to go home,,,,O
okutaaha,v,to go deep,,,,O
okutaahira,v,to enter into something,,,,O
okutaahirana,v,to enter one another's home,,,,O
okutaahirira,v,to enter a place in order to attack or occupy it,to invade,,,O
okutaahiriza,v,to backbite someone and make him or her ashamed,,,,O
okutaahiriza,v,to injure oneself when cutting nails and blood comes,,,,O
okutaajuura,v,to make the house very clean,,,,O
okutaakurura,v,to remove beads from where they have been decorated,,,,O
okutaakurura,v,to look for something deep in a heap of things or digging out something deep in the soil,,,,O
okutaamuura,v,to dig a field and it gets finished in a short time especially when people are many,,,,O
okutaana,v,to separate in a relationship especially marriage,,,,O
okutaanuuka,v,,,,,O
okutaanyangwa,v,to suffer from too much pain,,,,O
okutaara,v,,,,,O
okutaaruuka,v,to return home after some period of time,,,,O
okutaashura,v,to pay money to somebody for regular work especially to the witchdoctor,,,,O
okutaasya,v,to become a husband of someone,to marry,,,O
okutaasya,v,to die,,,,O
okutaasya,v,to bring cows home from the grazing fields,,,,O
okutaasya,v,to take things into the house,,,,O
okutaasya-amahasha,v,to perform rituals when twins are born and are taken to their grandparents for the first time,,,,O
okutaataana,v,to scatter,,,,O
okutaayaaya,v,to visit,,,,O
okutaazya,v,to make sharp or sharpen especially concerning tools,to sharpen,,,O
okutaba,v,to cover something in the soil,,,,O
okutabaara,v,to go to war,,,,O
okutabaaruka,v,to return from the capital or return safely,,,,O
okutabaaza,v,to report a case,to sue,,,O
okutabaaza,v,to bury a king in Ankole,,,,O
okutabaaza,v,to make something happen negatively especially by causing war,,,,O
okutabagura,v,to disorganise,,,,O
okutabaguza,v,to hurry,,,,O
okutabakara,v,to get spoilt,,,,O
okutabama,v,to get refilled,,Ebiina byona bikatabama.,All the ditches were refilled by soil.,O
okutabana,v,to scramble for something,,,,O
okutabanga,v,to make something dirty using hands,,,,O
okutabangura,v,to make water dirty,,,,O
okutabika,v,to bury in the earth,,Omuntu ku arikufa bamutabika omu itaka.,"When a person dies, they burry him/her in soil.",O
okutabika,v,to put two or more elements to make one substance,to mix,,,O
okutabira,v,to dig deep or to plant potatoes,,,,O
okutabuka,v,to be mad temporarily,,Akagwa omu butandu yaatabuka kumwara omwaka.,She got an accident and she was temprarily mad for as year.,O
okutabuka,v,to get annoyed and threaten violence,,,,O
okutabura,v,to heat a liquid and it reaches a point when it forms bubbles and turns to steam,,,,O
okutabura,v,to interrupt someone and stop them from continuing from what they were doing,to disturb,,,O
okutabura,v,to stir in any liquid so as it can mix well with the thick matter or dregs that is on the bottom of the container,to mix,,,O
okutabuura,v,to remove something or somebody from the soil which has been covered there,,,,O
okutagaija,v,to walk with weak unsteadly steps as if you are about to fall,to stagger,,,O
okutaganjura,v,to have many commitments at the same time,,,,O
okutaganjura,v,to extend the surface or width of something by unfolding or unrolling it; cover something by doing this,to spread wide,,,O
okutagara,v,to expand the space of occupancy,to widen,,The woman has covered a big space in the chair.,O
okutagarana,v,to be in a fixed condition with a lot of things to do,,,,O
okutagasa,v,to make something gain a fairly high temperature in a way that is pleasant rather than being hot or cold,,,,O
okutagata,v,a condition when something is in a condition that is neither hot or cold,to be warm,,,O
okutagatira-akakumu,phr,water which has less warmth,,,,O
okutagatsa,v,,,,,O
okutagika,v,to tell sorrowful stories to everyone,,,,O
okutaha,v,to collect water from the well,to fetch,,,O
okutaha,v,to get local brew from a boat where it had been put to enable it ferment,,,,O
okutahaanura,v,to reduce on the water that is going to be used for making millet bread after it has boiled,,,,O
okutahirana,v,to be free to each other in family matters by allowin free flow of information,,,,O
okutahiranisa,v,an activity that takes place when you marry from our family and I also marry from your family,,,,O
okutaishuka,v,to divert and go astray or move from a stationery place,,,,O
okutaka,v,to give a loud sharp cry as a result of pain and cry for mercy,to yell,,,O
okutakiirirwa,v,to be very thirsty,,,,O
okutakuka,v,to move up and down chasing for something,,,,O
okutakura,v,to rub the skin with the nails usually because of itching,to scratch,,,O
okutama,v,to fill ill or sick for somebody or something because of being unpleasant to you,to get disgusted,,,O
okutamaara,v,to walk aimlessly due to something that has happened and shocked you,,,,O
okutamaga,v,to write without aim,,Omwana akatamaga ekitabo kyangye yaakishiisha.,A child wrote aimlessly in my book and wasted it.,O
okutamaguza,v,"to speak with difficulty, repeating sounds or words and often stopping before saying things correctly",to stammer,,,O
okutamatama,v,to divert from what is being talked about under certain circumstances e.g. after seeing someone,,,,O
okutamba,v,to make a person or an animal heal after an illness,to cure,,,O
okutamba,v,to offer sacrifice,,,,O
okutamba,v,to give assistance at a time when it is needed,to help,,,O
okutambaara,v,to keep complaining about somebody's behaviour,to nag,,,O
okutambaarira,v,to get involved in and try to influence a situation that does not concern you in a way that annoys others,to interfere,,,O
okutamba-ikono,v,to interfere,,,,O
okutambara,v,to abuse without cause,,,,O
okutambika,v,to send something from our hands through the air to another location,to throw,,,O
okutambura,v,to move along at a slow or moderate pace by lifting up and putting down each foot in turn,to walk,,,O
okutambura,v,to move or walk with stiff regular steps in a uniform manner,to march,,,O
okutamburura,v,to bewitch someone using fettishes,,,,O
okutambuuka,v,to stretch somebody's legs to cross something,,,,O
okutamika,v,to start grinding millet,,,,O
okutamika,v,to put something e.g food in one's mouth,,,,O
okutamira,v,,,,,O
okutamu,v,an action that involves putting something into another,to put in,,,O
okutamura,v,to deny someone of something when it is clear that he or she is about to get it,,,,O
okutana,v,"to become greater, worse or more serious",to escalate,,,O
okutana,v,the action or state of moving or being moved a part,to separate,,,O
okutanaka,v,to bring food from the stomach back through the mouth,to vomit,,,O
okutanana,v,to be in worst state especially when somebody is very sick,,,,O
okutanasya,v,to induce someone to vomit,,,,O
okutandaara,v,to make something horizontal,,,,O
okutandama,v,to sit badly especially of a woman,,,,O
okutandama,v,to talk ill of a person,,Akashanga bamutandamiho.,She found them talking ill about her.,O
okutanduka,v,to loose threads from the cloth,,,,O
okutanga,v,to prevent or keep from happening as by some prior action,to prevent,,,O
okutanga,v,to be the first one to finish what is being done,,,,O
okutanga,v,to pay a fine,,,,O
okutangisa,v,to make somebody pay [a fine],to fine,,,O
okutangiza,,money or anything tangible as an official punishment,,,,O
okutangiza,v,to guard against something from happening,to prevent,,,O
okutaniirira,v,enlarging of a wound,,,,O
okutara,v,to jump or run around in a playful manner,,,,O
okutaraiga,v,to refuse something completely,,,,O
okutaramura,v,failure to settle a conflict or misunderstanding between two parties,,,,O
okutaramura,v,to tear something,,,,O
okutariiriza,v,to cause trouble or difficulty especially when an action affects some other people,to inconvinience,,,O
okutariza,v,to block the prospects for someone to achieve something,,,,O
okuteekateeka,v,"to use your mind to consider something to form connected ideas, to try to solve a problem",to think,,,O
okuteekayo,v,to go away from a person or place,to leave,,,O
okuteekurana,v,to approach somebody to express his dissatisfication especially that is likely to create conflict or misunderstanding. It shows that the approaching person is offended,,,,O
okuteekyera,v,to make something ready,to prepare,,,O
okuteekyerana,v,to put a large number of things on top of each other,to pile,Amatafaari mugatekyerane gye gataija kugwa.,Pile the bricks well so that they may not fall.,O
okutaza,v,showing the desire to rebel or not easily controlled or showing the desire to resist,to be rebellious,,,O
okuteera,v,"to strike something or somebody with a stick, slap, etc",to beat,,,O
okuteera-amatundu,phr,To put button holes on a cloth,,,,O
okutebeekana,v,to become calm or relaxed,to settle,,,O
okutebuka,v,to be in an unstable condition,,,,O
okutebura,v,To take something that belongs to someone else without permision,,,,O
okuteera-eiziba,phr,to dig a water well in a new place,,,,O
okuteera-ekimangaza,phr,the time of the day at around 4.30 pm,,,,O
okuteera-ekiro,phr,the croking of cock in the early hours of the morning before dawn,,,,O
okuteera-ekishaka,phr,to try something out and see what comes out,,,,O
okutebya,v,to narrate an incident or event that happened or telling a story to others,,,,O
okuteeba,v,to win points or goals in a particular game in competeition or to have an advantage,to score,,,O
okuteeba,v,to guess,,,,O
okuteebereza,v,to try and give an answer or make a judgement about something without being sure of all the facts,to guess,,,O
okuteega,v,To put magic spell on some one or something,to bewitch,,,O
okuteega,v,"the act of hiding or taking cover along the way with an intention of confronting, killing or punishing someone",to hide,,,O
okuteega,v,the act of a child crying everytime even when it has all it needs at its disposal,to cry a lot,,,O
okuteegurura,v,"used to mean a situation when someone has been bewitched, and then he goes to another witchdoctor so that he can uproot what ever has been used to bewitch him",,,,O
okuteeguurana,v,"to fight heavily, i.e. people of the same capability",,,,O
okuteeka,n,"to prepare food by baking, boiling, flying, etc",to cook,,,O
okuteeka,v,to come up with a procedure of doing something,,,,O
okuteera-ekisigye,phr,to look at someone with a face that potrays an advance warning,,,,O
okuteera-enganja,v,to give people things in small quantities (especiaaly measuring using your hand palms to give to them) even when you have in plenty,,,,O
okuteera-entwe,phr,to feel sleepy and start to dose,,,,O
okuteeraho,n,to make an effort to do something,to try,,,O
okuteera-kya-fooko,phr,to sleep leaning on your knees and jaws,,,,O
okuteerana,v,to have sex,,,,O
okuteerana,v,to be joined in Holy Matrimony,,,,O
okuteerana,v,"To come together for fellowship, crusade, conference, etc",,,,O
okuteeranisa,v,to mistake onething for a different thing,to confuse,,,O
okuteeranizibwa,v,to be joined together,,,,O
okuteera-obukumbi,v,to crack jokes with another. These clans are usually specific and joke with each other and not with any other clan,,,,O
okuteera-obutirima,v,to try to force out air with the mouth closed which causes a vibrating sound,,,,O
okuteererera,v,to strike against forcefully or crush into something,to hit,,,O
okuteerwa,v,to begin to be soft and ready to be squeezed,to ripen,,,O
okuteerwa-aha-nte,v,"to initiate boys (sometimes) girls at the age of four months before he/she is made to sit on a cow with a bow, arrow and rope",,,,O
okuteerwa-amahungu,v,"to be very sorrowful, sad, mournful because of actions involving disaster or death",,,,O
okuteetuka,v,to crack a joke,,,,O
okuteeza,v,to use something to beat or hit something,,John bakamuteeza omunyaafu muraingwa.,John was beaten using a long stick.,O
okuteeza,v,"sound or noise made in a place or from something or someone in answer to a touch, call etc",to respond,Omushaija yaateeza kodi owa muriranwa kwonka haabura owaateeza.,A man knocked at the neighbours door but no one has responded.,O
okuteezamu,v,to add a number to itself many times,to multiply,,,O
okutega okutu,v,to listen,,,,O
okutega,v,to trick an animal to enter a trap where it cannot come out,to set a trap,Omushaija akatega embeba yagikwata.,The man traped the rat and got it.,O
okutega,v,the act of removing hair on the body using a sharp instrument,to shave,,,O
okutegama,v,something that is not straight,to be curved,,,O
okutegana,v,to make sure that something is done or fulfilled,,,,O
okuteganguza,v,,,,,O
okuteganisa,v,to disturb someone when he is doing something,,,,O
okuteganya,v,to go into someone's way,,,,O
okutegatega,v,the act of someone who does things but lacks confidence,,,,O
okutegura,v,"to organize a ceremonius feast, event at the bridegroom's home",,,,O
okuteguura,n,to clear away food eating utensils after eating,,,,O
okuteguura,n,to organise and clear a place,,,,O
okuteguura,v,a germination stage in the growth of beans,,,,O
okutegyeka,v,to bring into conformity with rules or principles or usage; impose regulations,,,,O
okutegyeka,v,to direct or strongly influence the behaviour of,,,,O
okutegyeka,v,to exercise authority over; as of nations,,,,O
okutegyera,v,to provide support to something such that it does not fall down,,,,O
okutegyereza,v,to stay in one place until the person with authority comes,to wait,,,O
okuteisa,v,to negotiate and come to consesus,,,,O
okuteisa,v,hit off target,to miss target,Omuhiigi yaateisa enyamaishwa eicumu.,The hunter did not target the animal.,O
okuteisa,v,to tell someone to reform,,Omushomesa akateisa omwegi.,The teacher told the student to reform.,O
okutema,n,the act of penetrating or opening open with a sharp edge,to cut,Bakamuragira okutema omuti yaayanga.,They ordered him to cut the tree and he refused.,O
okutema,v,cut with sweeping strokes; as with an axe or machete,to slash,Omupakasi yaaba naatema omu mbuga.,The servant has been slashing the compound,O
okutemba,v,to climb up towards the top of something,,,,O
okutemba,v,to sleep,,Omugabe atembera ahu yaayendera.,The king sleeps whenever he wants to.,O
okutembaitura,v,to pick or lift something so quickly,,,,O
okutembeeka,v,to go after somebody or something (usually) with intent to catch,to track,John yaatembeeka omukazi we ebigyere barikuza omu kikomera.,John followed his wife immediatley she left for the market.,O
okutembekyerana,v,to pile things on top of the other,,,,O
okutemburuka,v,to come down from where one had climbed,,Akatemburuka omu muti gu yaabaire atembire.,He came down from the tree he had climbed.,O
okutembuura,v,to till a new place that had not been tilled before,,,,O
okutemura,v,to ambush a person and murder him or her,,,,O
okutemuurura,v,the action of removing weeds from the garden or compound,to slush or weed,,,O
okutenda,v,"to become loose, untighten or unstraightened",,,,O
okutenda,v,to approve someone or something as being suitable for a particular purpose,to commend,,,O
okutendegyeza,v,to sit comfortably and reluctantly,,,,O
okutendeka,v,"giving teaching and practice to somebody or something in order to bring it to the desired standard of behaviour, efficiency or physical condition",to train,,,O
okutendereza,v,to worship God with words ог music,to praise,,,O
okutendiitura,v,to lift something to a higher position,,,,O
okutenduka,v,to make something break off from the other,,,,O
okuteneneka,v,"to sink to the bottom, be strained, filtered, etc",,Omubisi gukateneneka omu kidomora.,The juice sunk to the bottom of the jerrycan.,O
okutenenkyera,v,to settle,,,,O
okutenga,v,to produce a bad smell when something is is not treated or has been treated poorly,,,,O
okutenga,v,to have a mind or feeling that something should happen,,,,O
okutenga,v,yearning to possess or own something in a given period of time,,,,O
okutenga,v,to rest on the surface of a liquid,to float,,,O
okutengaguza,v,to stagger as one walks especially when drunk,,Abasinzi nibakira kutengaguza.,Drunkards usaully stagger as they move.,O
okutenganya,v,to shake,,,,O
okutenguka,v,to curve in especially as a result of landslide,,,,O
okutengyeneka,v,to leave water to settle,,,,O
okutengyera,v,a feeling of wanting something good to happen in someone,to wish someone luck,,,O
okutengyesa,v,to shake something that was originally stable,,,,O
okutengyeza,v,to shiver (usually) due to coldness or fear,,,,O
okutentebuka,v,to talk anyhow without minding other people,,,,O
okutenzyatenzya,v,to shake something repeatedly,,,,O
okutera,v,when sweet potatoes have overgrown and are starting to go bad,,,,O
okutera-embari,v,to grind millet badly,,,,O
okuterama,v,to keep in place especially of water,to stagnate,,,O
okuterama,v,to gather while sitting on fire the whole night,vigil,,,O
okuterebuka,v,to loose hope,,,,O
okuterebuka,v,slide on something and fall down,,,,O
okutereburuka,v,to fall,,,,O
okuterebuza,v,the act of not being in one position (changing location time after time),to tilt,,,O
okutereera,v,"to be straight without bend, extending in one direction only",,Charles akasinga empaka z'okuvuga motoka ahabw'okutereera kw'oruguuto.,Charles worn the motor rally because the road was straight.,O
okutereera,v,come to rest in a comfortable position,settle,John akatunga sente yatereera.,"When John became rich, he stabilised.",O
okutereeza,v,the action of putting something in order,to arrange,,,O
okutereka,v,to give alcohol to somebody freely without pay or any return,,,,O
okuterekyerera,v,the practice of praying and singing to show respect for the almighty,to worship,,,O
okuterera,v,to slide accidently and fall over,,,,O
okutererera,v,fix something especially using the hummer to nail in the wood,,,,O
okutereza,adj,extending or moving uniformly in one direction without any curve or a band,straigten,Akaba nagyezaho kutereza orwoma.,She was trying to straingthen wire.,O
okuterirera,v,to walk with difficulty because of injury,to limp,,,O
okuterura,v,to take hold of something and move it to a different position,to lift,,,O
okuteta,v,"to turn somebody or something good into something useless, worthless or unpleasant",to spoil,,,O
okuteteerwa,v,to pretend to be asleep or unaware of something in order to decieve somebody,,,,O
okutetema,v,to shake especially because one feels cold or is frightened or excitement,to shiver,,,O
okutetera,v,to make a loud noise especially after laying an egg,,,,O
okuteteza,v,to make things (utensils) make noise,,,,O
okutezya,adj,"having similarity in size, shape, and relative position of corresponding parts",symmetrical,,,O
okutibaaba,v,to cry for long without a break,,,,O
okutibagana,v,to be very soft,,,,O
okutibatiba,v,to put on someone's clothes without his/her permission,,,,O
okutibatibika,,,,,,O
okutibiirira,v,"removing unwanted weeds or plants from the garden for example of maize, potatoes, beans, etc by use of a hoe or a stick",to weed,,,O
okutibika,v,to insert a container into a hand with the aim of getting part of the liquid,to deep,,,O
okutibirana,v,to mix different things especially drinks,,,,O
okutibiriza,v,to have fear especially when you are to have sexual intercourse,,,,O
okutibita,v,to shake,,,,O
okutiga,v,"to be determined not to change one's attitude or position, having strong will",to be stubborn,,,O
okutigaiga,v,to be slow at work,,,,O
okutiganda,v,to cut wood for building houses or making fences,,,,O
okutigatiga,v,to influence somebody especially unfairly so that they have a bias,,,,O
okutigiriza,v,to be undecided on what to do,,,,O
okutigita,v,to move оr make somebody/something mover with short quick movements from side to side or up and down,to shake,,,O
okutiha,v,to go bad especially of porridge or juice,,,,O
okutiigiiga,v,to be reluctant in doing something,,,,O
okutiiha,v,"to move and lift soil, sand or stones with a spade",to shovel,,,O
okutiiha,v,a situation where more than one crested cranes make a certain noise especially while playing,,,,O
okutiika,v,to force or stick something or someone on someone,,,,O
okutiika,v,force something into some onr,,reka kutiika omwana emere naza kugitanaka.,stop giving the baby too much food he will vomit it.,O
okutiikuura,v,to secretly search into someone's property for personal reason,,,,O
okutiina,adj,a feeling of fear or anxiety,to be afraid,,,O
okutiiruura,v,to return what has been borrowed,,Nshangire naatiiruura emyenda ei yaabaire atiirize.,I found him returning clothes he had borrowed.,O
okutiitiiba,v,to insist on one's opinion,,Bakamuragaanisa kumushashura eizooba erindi we yaatiitiiba ngu bamushashure.,He insisted on being paid there and then though he was promised another day.,O
okutiitiira,v,to be nervous or frigtened,,,,O
okutiitiira,v,to lack self confidence; having too much lack of self esteem,,,,O
okutiiza,v,to borrow or lend out something,,,,O
okutikura,v,to remove something from a vehicle or shop after they have been transported by it,to offroad,,,O
okutimba,v,"In geology, the scientific study of the earth, including the origin and history of the rocks, soil of which it is composed",to dig up,,,O
okutimba,v,to dig up holes,,,,O
okutimbikirana,v,to pile on; to put things on top of one another,,,,O
okutimbira,v,to get out of the house or in a position very quickly,,,,O
okutimbiriza,v,to be keen at looking for a mistake,,,,O
okutimbya,v,bring out something that is hidden or that has been stored for a long time,to dig out,,,O
okutimwatimwa,v,to be slow to speak or act because one feels uncertain or unwillingp; to pause in doubt,to hesitate,,,O
okutimwimwa,v,not yet certain on choosing between the available alternatives,to be undecided,,,O
okutinda,n,to make a bridge,,,,O
okutinda,n,to lay a bed in preparation for someone who is sleeping in it,,,,O
okutindika,v,to keep something for sometime before drying it,,,,O
okutinduura,,to remove beddings from a bed,,,,O
okutinga,n,to have sex with a person of the same sex,to sodomise,,,O
okutingiriza,v,to be on heat,,,,O
okutintina,v,to shrink with fear when you are in bed,,"Nkaroota shwenkuru owaafiire, naatintina.",I dreamt of my latr grandfather and shrunk with fear.,O
okutinzya,v,to delay something especially what does not belong to you,,,,O
okutiriga,v,"to spread an oily or sticky substance e.g. point, on something or somebody in a rough or careless way",to smear,,,O
okutirima,adj,playful and full of energy,frisky,,,O
okutirimba,v,to make a stampede as in wild headlong rush of frightened animals (horses or cattle),,,,O
okutirimbura,v,to force someone to go out of a home or house,,,,O
okutirimuka,v,,,,,O
okutirimura,v,,,,,O
okutiringuza,v,to move restlessly in away that annoys other people,fidget,,,O
okutiritiza,v,to run at a high speed,,,,O
okutitira,v,"to feel cold and shaky because of fear, coldness or illness",,,,O
okutoba,v,to combine or put together to form one substance,to mix,,,O
okutobeka,v,,,,,O
okutobera,v,go down below the surface of something especially of a liquid,to sink,,,O
okutoboka,v,to give in or to succumb to something after a long time,,,,O
okutobora,v,to break virginity during the first sexual encounter,,,,O
okutobya,v,to make wet,,,,O
okutoga,v,to take part of a bigger thing to examine it in order to see what the rest like,to sample,,,O
okutogonyora,v,to smash something and make it look nusty and nauseating,,,,O
okutimbuuka,,,,,,O
okutimbuura,v,to push a knife or pointed object into something/somebody,to stab,,,O
okutogota,v,to boil something in water until it steams and forms bubbles,,,,O
okutogotsa,v,to prepare food in a hurry,,,,O
okutonganisa,v,to force someone into an angry disagreement,,,,O
okutogyera,v,to cut and gather a crop especially grains,to reap,,,O
okutoha,v,to get overripe to the extent that they cannot be eaten,,,,O
okutongooka,v,to get burnt and some meat starts getting off from the body,,,,O
okutohonora,v,to make a hole in or through something especially with something sharp,to pierce,,,O
okutoija,v,to give presents to someone formally or ceremonially,,,,O
okutojoka,v,to be understanding,,,,O
okutokoma,v,a state of fire burning with big fire flames making a red colour,,Emotoka ekakwata omuriro yaatokoma.,The car caught fire and burnt to ashes.,O
okutokoma,v,burn to ashes,,Emotoka ekakwata omuriro yaatokoma.,The car caught fire and burnt to ashes.,O
okutokoora,v,to remove something from one's eye,,,,O
okutokooza,v,to put a foreign body in one's eye,,,,O
okutokooza,v,to dirten something,,,,O
okutomera,v,to hit something with a hard blow especially in an accident,to knock,,,O
okutona,v,to give a prize to someone,,,,O
okutona,v,to design something with different colours or make it decorated,,,,O
okutona,v,to announce an unexpected event or surprise someone by making him aware of a visitor he has spent long without seeing,,,,O
okutonda,v,to put something in order,,,,O
okutonda,v,to shake milk and it reaches a time of bringing small particals while making cheese,,,,O
okutonda,v,to refuse someone or somebody you are not used to,,,,O
okutonda,v,to form a foetus,,,,O
okutondagira,v,to walk on someone usually by small insects or animals,,,,O
okutondagira,v,"to walk carefully, choosing the dry safe places to step on",,,,O
okutondekanisa,v,to recite something chronologically or to say something without altering its order,,,,O
okutondoora,v,to discover and examine all the facts about something,to explain,,,O
okutondora,v,to separate or divide into two or more often opposing groups or to divide or make something break into two or more parts especially from the end to end,,,,O
okutoneka,v,to step into someone's wound unintentionally,,,,O
okutonera,v,"to insert a sharp and often poisonous, part of certain insects into the body",to sting,,,O
okutonga,v,"to wish someone something bad or good e.g. disiease, poverty, wealth, etc",,,,O
okutongana,v,to have an angry arguement with another,to quarrel,,,O
okutonganirira,v,to plead for somebody,to defend,,,O
okutongora,v,a public declaration of policy and aims especially one issued before an election by a political party or candidate,to launch,,,O
okutongora,v,"forming a unit by itself, existing as an individual part",to separate,,,O
okutongoza,v,to asign a job or a role to someone,,,,O
okutongoza,v,to walk slowly especially when one is in his happy moments,,,,O
okutonoora,v,to abuse someone for someting you have given him or her,,,,O
okutonoora,v,to pick dirty things or pieces from someone,,,,O
okutonoora,v,to seperate one thing from the other on a slow pace,,,,O
okutonoora,v,to remove unwanted things from others,,,,O
okutonora,v,to remove dead cells from a healing wound,,,,O
okutontobeka,v,to apply too much jelly on the body,,,,O
okutontohera,v,to fail to hatch into chicks,,,,O
okutontoheza,v,failure to hatch,,,,O
okutontoma,v,to quarrel a lot and all the time,to grumble,,,O
okutontomera,v,,,,,O
okutonyogoka,v,"to ooze, usually blood",,,,O
okutonyora,v,to give in small bits,,,,O
okutonzya,v,to feel sorrow,,,,O
okutoofoora,v,to do something at a very slow pace; to be slow,to be slagish,,,O
okutoohoora,v,to put diluted soap into a cows anus to help it pass out the dung due to constipation,,,,O
okutooka,v,to produce new leaves or shoots,to sprout,,,O
okutoomooka,v,to develop terrible sores on the skin and then wounds,,,,O
okutoonya,v,to shed small drops of liquid,drip,,,O
okutoonyerera,v,rain lightly,to drizzle,,,O
okutoonyeza,v,"to put a dot, a mark or a tick on something",,,,O
okutoonyoka,v,to make dry,,,,O
okutoora,v,to cheat someone especially when playing cards,,,,O
okutoora,v,to carry something or acompany somebody from one place to another,,,,O
okutoora,v,to take a certain direction when going,,,,O
okutoora,v,to carry a baby,,,,O
okutoora,v,to dress finely,,,,O
okutoora,v,to trap an animal,,,,O
okutoora,v,to acquire wisdom especially from parents,,,,O
okutoora,v,to like something,,,,O
okutoora,v,to subtract from,,,,O
okutooragura,v,to pick something from down or come across something that has been lost,,,,O
okutoorana,v,to select from many things,,,,O
okutooreza,v,to try do or say what someone else is doing or saying,,,,O
okutoroboza,v,to play sex with a girl who is still a minor,defile,,,O
okutoroka,v,,,,,O
okutoroka,v,to get away from a place where you had been kept,to escape,,,O
okutorooga,v,the premature delivery of a foetus,,,,O
okutorotoora,v,to pick up something when it has been dropped by someone,,,,O
okutota,v,to put too much water while mingling,,,,O
okutotoma,v,to complain or protest in a bad tempered way usually not loud,to grumble,,,O
okutotora,v,to make sound when passing out stool,,,,O
okutotoza,v,to have a grambling stomach that usually leads to passing of waterly stool,,,,O
okutoya,v,reproduce someone's behaviour or looks,to imitate,,,O
okutsiba,v,to fasten the door or window using a padlock,,,,O
okutsiba,v,to imprison someone because of a crime he has committed,,,,O
okutsiba,v,to plait hair,,,,O
okutsiba,v,to undertake birth control,,,,O
okutsibaaza,v,to stagger,,,,O
okutsibaguza,v,to move or do something in a hurry,,,,O
okutsibana,v,to directly meet at the ball and hit it at once,,,,O
okutsibanga,v,to run through the garden of crops e.g. beans uprooting some of the crops and destroying the unprooted ones,,,,O
okutsibikana,v,intertwining of ropes or threads,,,,O
okutsiburira,v,to remove a knot or free something that is tied by a rope,,,,O
okutu,n,the organ used for hearing,,,,O
okutubura,v,to push back the foreskin of the male organ,,,,O
okutuga,v,to kill a person or animal by squeezing the throat so that they cannot breath,to strugle,,,O
okutuga,v,giving money or presents to someone so that they will help you by doing something dishonest or illegal,to bribe,,,O
okutugunjuka,v,to be sharp,,,,O
okutuguta,n,"an abnormal enlargement of a part of the body typically as a result of an accumultion of fluid or blood into the hitted part of the body by wood, stone, etc",to swell,,,O
okutuhuura,v,to bring something up along with you on a sleepy area,,,,O
okutukura,v,to be with a brown colour,,Omwishiki ogu naatukura.,This girl is brown.,O
okutukurinkana,v,,,,,O
okutukurira,v,to become a nuisence to someone,,,,O
okutukurirwa,v,to fail to solve a problem and remain disturbed,,,,O
okutuma,v,to cause something to happen,,Niwe atumire baamukoma.,Hi is the one who caused his arrest.,O
okutuma,v,to send someone to do for you something,,,,O
okutumba,v,to swell,,Akateerwa enjoki yaatumba omubiri gwona.,He was stung by bees and the whole body swelled.,O
okutumbagira,v,to fill things beyond the limit so that others are falling out,,,,O
okutumbika,v,to put seeds in water and they stay before they are cooked with the purpose of shortening the period of cookng,,,,O
okutumbika,v,to make clothes stay in water before they are finally washed,,,,O
okutumbikiriza,v,to stand on one's toes,,,,O
okutumbura,v,to protrude ones mouth or lips especially when one is annoyed,,,,O
okutumbuza,v,to move while naked,,,,O
okutunama,v,to have bones raised from the body especially after a severe sickness,,,,O
okutunatuna,v,to become fat,,Ente aziriisize gye zitandikire kutunatuna.,The cows have been fed well and they have started to become fat.,O
okutunda,v,to sell,,,,O
okutundama,v,to become extremely quiet especially if there are heated debates,,,,O
okutunduguza,v,to be in a state of not feeling fine and/or feeling a bit sick,,,,O
okutunenga,v,to tie tightly,,,,O
okutunga,v,to become rich and own movable and non-movable assets,,,,O
okutunga,v,to use a needle and thread and make stitches in a cloth,to sew,,,O
okutunga,v,to take something into one's possession,,Atungire sente nyingi kuruga aha ishomero.,He got a lot of money from school.,O
okutunga,v,to point a finger accusing someone,,,,O
okutunga,v,to put meat on a stick,,,,O
okutungama,v,to be steep,,Akasindika egaari ahantu harikutungama.,He pushed the bicycle on a steep slope.,O
okutungamira,v,to get on top of someone or something,,,,O
okutungika,v,to place things one on top of the other,to pile,,,O
okutungirira,v,to build and cover the timber or trees that make the wallplate with bricks before or after roofing,,Abaaire naatungirira enju.,He was putting timber on the house before laying iron sheets.,O
okutungisa,v,to make something or someone richer,to enrich,,,O
okutungura,v,to have fever,,,,O
okutunguura,v,to make someone or something gradually grow or become bigger or more advanced,to develop,,,O
okutunguuta,v,to be in a state where something can easily be moulded or folded,,,,O
okutungyera,v,"to breath with short, quick breaths as a result of exhaision or excitement",to pant,,,O
okutunika,v,to make something enlarged and it steaks out from something in a round form,to bulge,,,O
okutuntumuka,v,to move upwards especially of dust,,,,O
okutuntura,v,to have a condition of being worried due to the problems that may have arose,,,,O
okutunura,v,to look at something or somebody with eyes wide open,,,,O
okutunuura,v,to remove pumpkin seeds from the fruit and prepare them for drying and roasting etc,,,,O
okutunuura,v,,,,,O
okutunyugura,v,to squeeze a fruit so as to get seeds out of it,,,,O
okutura,v,to get a liquid to pass through a small hole or crack,to leak,,,O
okutura,v,to accuse,,,,O
okuturama,v,to overstay in a place or compleyelty remain there especially where you work,,,,O
okuturama,v,to run away from home,,,,O
okuturaniza,v,to mix,,Mutakaaturaniza ebihimbo n'amashaza.,Do not mix beans with peas.,O
okuturika,v,to break suddenly,to burst,Ekidomora ky'omuramba kyaturika.,The jerrycan of local beer has burst.,O
okuturira,v,to pass on a disease from one person to anotther,to transmit,,,O
okuturira,v,to add honey in porridge or local beer,,,,O
okuturiza,v,the act of beginning to mingle millet bread,,Otakaaturiza oburo n'omuriro mukye.,Do not begin minglering millet bread with little fire.,O
okuturubiza,v,,,,,O
okuturubwita,v,to form solid substance when one is preparing to make porridge,,,,O
okuturumuka,v,to get away from a place where one has felt like a prisoner or moving away without informing others,to go away,,,O
okutururuma,v,to make continuous shaking movements,to vibrate,,,O
okutururwa,v,to have balls in the porredge,,,,O
okuturuura,v,to throw things very far,,,,O
okuturuza,v,to propel something to go into the air by movement of the arm and hand,to throwing,,,O
okututuura,v,to lift somemthing at once,,,,O
okutuubagira,v,to do something in a hurry or rapidly,,,,O
okutuubya,v,to make something smaller,to reduce,,,O
okutuuheera,v,to breath restlessly especially when one is tired or annoyed or after running,,,,O
okutuuka,v,to hold or fix something tightly,to tighten,,,O
okutuuka,v,to get very annoyed and breath very fast,,,,O
okutuuma,v,to heap a number of things together,,,,O
okutuunagira,v,to pant especially when you are scared or tired,,,,O
okutuunagurikwa,v,,,,,O
okutuuneeka,v,to tie someone or something very tight,,,,O
okutuuruuza,v,to throw something with much force to a long distance,,,,O
okutuuruuza,v,"to put too much water in something like porridge, sauce, etc",,,,O
okutuutubikana,v,to look as if something or someone is benning to sweat,to shine,,,O
okutuutuuba,v,to move while bending,,,,O
okutuuza,v,conditions to be better after sickness,to improve,,,O
okutuuza,v,to be humble,,Abaishiki be batuurize.,His girls are humble.,O
okutuza,v,to pour milk from one milk pot to another,,,,O
okutwa,v,to give presents to people while helping them in meeting their social obligations,,,,O
okutwara,v,to carry something from one place to another or for someone,to take,,,O
okutwara,v,to become pregnant,,,,O
okutwarana,v,to give someone company when going somewhere,to escort,,,O
okutwarira,v,to take gifts to a newly wed couple by the bride's relatives,,,,O
okutwarirana,v,to become pregnant while you are still breastfeeding,,,,O
okutwaririra,v,,,,,O
okutwaririza,v,the ability to attempt an activity or get something,to try,,,O
okutwarwa,v,to stop living or existing,to die,,,O
okutwaza,v,to do things in a particular way,to behave,Akazaara abaana nibatwaza gye.,She produced kids who are well behaved.,O
okutweka,v,to make a woman pregnant,to impregnant,Atwekire abaishiki yaabamara aha kyaro.,He has impregnanted all girls in the village.,O
okutweka,v,to make someone or something go to another place,to send,,,O
okutwekyera,v,to make a for farm equipment like a hoe get fixed in its pestle,to fix,,,O
okutwekyerera,v,to put something on top of another in order to protect or hide it,to cover,,,O
okutwera,v,"to give money, goods, or time and effort in order to achieve something",to contribute,,,O
okutwisa,v,to request someone to contribute towards a function,to ask for contribution,,,O
okutyaba,v,an act by chicks to produce a certain sound,,,,O
okutyabura,v,to break suddenly with a cracking sound,,,,O
okutyankana,v,to have a body of a planet meet one another,satelite,,,O
okutyankana,v,"A moon that appear continuosly or one after the other during rain, before or after",,Enjura yanyobwebazyo ebairemu okutyankana kw'emirabyo mingi.,Yesterday's rain had a lot of satelites.,O
okutyaza,v,"to make something sharp e.g. a knife, hoe, panga etc",to sharpen,,,O
okutyoka,v,to move away quickly and without notice,to stealthly go,,,O
okutyongooza,v,to laugh loudly and in a nauty way,,,,O
okutyotyoza,v,o utter a succession of light chiping or tremulous sound especially of birds,to twitter,,,O
okuveenyuuka,v,to cry for no reason especially children,,,,O
okuviigiira,v,"to utter a long, loud, piercing cry as of pain or fright",to scream,,,O
okuviigiiza,v,to fill to capacity,,,,O
okuviika,v,to make a hole into something using a sharp object,to pierce,,,O
okuvindiika,v,"to place a banana leaf in a source pan or any container full of water such that when one carries it, water should not be poured on him or her",,,,O
okuvindika,v,to strike somebody so as to take something not of his/her choice and against his/her will unknowingly,,,,O
okuvinvirika,v,to put or fix something into another,,,,O
okuvuga,v,to control a vehicle to go where you want,to drive,,,O
okuvuga,v,"to sit on something, like a horse, bicycle, ontrol it and go where you want",to ride,,,O
okuvuguza,v,to disturb someone or something,,,,O
okuvumba,v,to beg for alcohol,,,,O
okuvunuura,v,to dilute something concentrated,,,,O
okuvunuura,v,to change spoken or written language from one langauge to another,to translate or interprete,,,O
okuvurika,v,to hurt by sticking a sharp part of your body into a skin,to sting,,,O
okuvuruga,v,to mix a substance by moving it around using a spoon or a stick,to stir,,,O
okuvuruga,v,to make what had been organised into disarray and confusion,to disorganise,,,O
okuvurunganya,v,"to shake up things that are in liquid form. e.g. porridge, alcohol etc",,,,O
okuvuyanga,v,to disorganise things,,,,O
okuyaabuuka,v,to get finished; to go suddenly,,,,O
okuyaabuura,v,to bewitch crops using fetishes,,,,O
okuyaabuura,v,to do something so that the person is not bewitched,,,,O
okuyaaga,v,to make unpleasant comments and criticism about someone who is not there,to backbite,,,O
okuyaaga,v,to confort someone in times of bereavement by visiting him/her,,,,O
okuyaayaana,v,to move from one place to another without any purpose or aim to achieve,to wander,,,O
okuyaayuuka,v,to get blown off by wind,,,,O
okuyaayuuka,v,to be a hooligan,,,,O
okuyabaitukana,v,to be easy for every-oneand outgoing,,,,O
okuyaga,v,changing of a solid substance into liquid,to melt,,,O
okuyagaara,v,to work or behave in a disordery way,,,,O
okuyangayanga,v,to become morning,,Ku bwabaire nibuyangayanga ekiho kyashweka ekyaro kyona.,"When it was coming to morning, the mist covered the whole village.",O
okuyangayanga,,mist covered the whole place,,,,O
okuyangayanga,v,to improve in sickness as one recovers,,,,O
okuyogoora,v,to make noise in a disorderly way,,,,O
okuyomba,v,to make noise and to say something loudly,to shout,,,O
okuyonga,v,to burn and turn into ashes,,,,O
okuyonja,v,to remove dirt from something,to clean,,,O
okuyoogana,v,to make alot of noise,to shout,,,O
okuyoora,v,to remove or pick something,,,,O
okuyoora,v,to put hands around someone,to hug,,,O
okuyoorera,,to pick dried grass from a garden with crops which have germinated,,,,O
okuyumbya,v,to have many leaves,,,,O
okuyunga,v,to add an extra thing to something,,Omugoye gw'embuzi gukaba guri mugufu naaguyunga.,The rope for tying the goat was short and I added an extra one.,O
okuyunguura,v,to transfer animals from one place to another,,,,O
okuyuzya,v,to relieve oneself of something,,,,O
okuyuzya,v,to make something less tight,to loosen,,,O
okuza,v,to move from one place to another,to go to,,,O
okuzaagarara,v,to get disorganised,,,,O
okuzaagira,v,to rest and allow cows to become calm,to relax,,,O
okuzaaguruka,v,to leave one place like a shade from where they have been taking rest and go back to the grazing land,,,,O
okuzaahuuka,v,to return from exile,,,,O
okuzaahuura,v,to bring from a far,to rescue,,,O
okuzaana,v,to pour milk down and it begins flowing,,,,O
okuzaana,v,to do something for pleasure or enjoyment,to play,,,O
okuzaara,v,to deliver or give birth to a young one of a human being or an animal,,,,O
okuzaara,v,multiplication of invested money/capital.; (in religion or marriage): to become a God parent of somebody getting baptised or married (Protestant),,,,O
okuzaara,v,the repercusious of a certain behaviour resulting into repercussions,,,,O
okuzaara,v,the production of a plant,propagation,,,O
okuzaara-akantu,phr,to cause trouble,,,,O
okuzaariranwa,v,to be born with genetically,,,,O
okuzaasya,v,to force someone to leave a country usually because they have broken the law or because they have no legal right to be there,,,,O
okuzaaza,v,to help a woman or an animal to give birth,,,,O
okuzahambuka,v,To hurriedly quarrel from nowhere as if one wants to fight or has run mad,to be short tampered,,,O
okuzambaara,v,"to be in a state of confusion, or disorder",,,,O
okuzambaguturana,v,to have an intended wrestling which involves serious fighting between two people,,,,O
okuzambaitura,v,to snatch something from a certain place,,,,O
okuzambatuka,v,"to hurriedly stand up quickly and do something bad without an intention. It can be a fight, give a slap or a quarrel.",,,,O
okuzambuuka,v,to go away from where you have been gathered or seated,,,,O
okuzambuura,v,to pick and gather things scatttered on the ground,,,,O
okuzeereera,v,to remain on top of water without sinking,to float,,,O
okuzeereera,v,to be in the air without hanging or holding onto something,to fly,,,O
okuzeereeza,v,to stay in the air in one place,to hover,,,O
okuzeetama,v,to sit vagarantly,,,,O
okuzeezeeta,v,the act of someone who does not work and spends the whole day moving with no aim,to be idle,,,O
okuzenga,v,to move from place to place,to wander,,,O
okuzengurukana,v,to move to and from,,,,O
okuzengyerera,v,to remain or linger in or near a place or to keep loitering as if one has no home,to be homeless,,,O
okuzengyerera,v,to move about aimlessly especially due to being idle,,,,O
okuzengyerera,v,to feel dizzy due to illness,,,,O
okuzenzya,v,to take goods from one place to another looking for buyers,to hawk,,,O
okuziba,v,to block or to cover,,,,O
okuzibikira,v,"the blocking of blood vessels, canals, turnals, etc.",,,,O
okuzibira,v,to stop someone from doing something,to prevent,,,O
okuzibukura,v,to unblok something especially if it is hollow,,,,O
okuzibuuza,v,to recover from great illness especially the one where one has been in comma,,,,O
okuziga,v,to get or acquire by means of searching or making a great effort,to find,,,O
okuziga,v,to hide and keep alert of something that you are interested in watching,,,,O
okuziga,v,to paint something black,,,,O
okuzigaziga,v,to disguise oneself in order to dodge participating in a certain activity or to avoid something,,,,O
okuzigirira,v,to strangle something,,,,O
okuziguka,v,to naturally change the body colour from usual (natural colour) and turns purely into black,to become black,,,O
okuziha,v,to move in water in a holizontal manner,to swim,,,O
okuzihaziha,v,to walk with weak and unsteady steps due to drunkardness or illness,to stagger,,,O
okuzihiira,v,to breath with difficulty like after an asthma attack,,,,O
okuzihiiza,v,to breathe deeply as a result of anger,,,,O
okuziimuura,v,to look at someone with an intent of underlooking her/him,,,,O
okuzika,v,to mix ash with sorghum and in the process they come in contact with water or rain and that sorghum fails to germinate,,,,O
okuzika,v,to overgrow,,,,O
okuzika,v,to become very dirty,,,,O
okuzima,v,the going off of a lanten or cadle,,,,O
okuzimba,v,to become bigger due to illness or an accident on any part of the body,to swell,,,O
okuzimba,n,to multiply and increase the profits,,,,O
okuzimba,v,to overcharge,,,,O
okuzimbagarira,v,to become problematic,,,,O
okuzimburuka,v,to reduce in size of something that has been swollen,,,,O
okuzimu,n,deep underground,,,,O
okuzimuruka,v,to break up a relationship with someone,,,,O
okuzimuura,v,to pay back the bridewealth or dowery after divorce or break up of marriage,,,,O
okuzina,v,to move your body to the sound of music or rythm being played,to dance,,,O
okuzinda,v,to attack,,,,O
okuzindaara,v,"to be husky, or to have the voice blocked",,,,O
okuzinduka,v,to pay a long visit,,,,O
okuzindura,v,to pay a long visit with a special aim of taking a gift to that person especially harvest,,,,O
okuzinga,v,to move or to cause to move in a particular direction by turning over and over on an axis,to roll up,,,O
okuzinga,v,to charm your pregnancy and take more than the required time to deliver or never to concieve,,,,O
okuzinga,v,to coil something and make it round,,,,O
okuzingama,v,to become paralyzed,,,,O
okuzingamya,v,not being effective in delivering a service,,,,O
okuzingazinga,v,to bend over or double up so that one part lies on another part,to fold,,,O
okuzingitirira,v,winding something long and flexible in a joined sequence of concentric circles,,,,O
okuzingitirira,v,to pick and take away a mixture of different things without first checking which is which or sorting them out first,,,,O
okuzingiza,v,to get hold of something or someone very firmly with the intension of relocating it or him,,,,O
okuzingura,v,to settle in a new home; to rebuild,,,,O
okuzinguruka,v,to become un wound or out of the folds,,,,O
okuzinisa,v,to keep giving empty promises to someone,,,,O
okuzira,v,to refuse to do something,,,,O
okuzira,v,to prohibit to do something,to forbid,,,O
okuzirazira,v,to be undecided,,,,O
okuziriiza,v,"to speak with difficulty, i.e to speak with a hoarse voice",,,,O
okuzirika,v,to fasten a belt,to gird,,,O
okuziringa,v,to roll something many times,,,,O
okuziringa,v,mingle of the millet bread with a lot of cassava,,,,O
okuziringa,v,to fear to deliver a child,,,,O
okuziringutana,v,to fight with somebody by holding him or her firmly and rolling on the ground,to wrestle,,,O
okuziritirira,v,"to rub the eyes especially when they are itching, or when a foreign body has fallen there",,,,O
okuzirura,v,to deter a taboo,,,,O
okuziruura,v,the act of reconciling,,,,O
okuzitira,v,codora off an area from access using either poles or barbed wires,to fence,,,O
okuziza,v,to declare something a taboo,,,,O
okuzizika,v,"to steal something and in the process of hiding it in pockets or under clothes, one happens to see him/her",,,,O
okuzizima,v,to hesistate to do something,,,,O
okuzonga,v,to move or stand unsteadily as if under a great weight,to stagger,,,O
okuzonga,v,to remain unstable after placement,to sway,,,O
okuzongoza,v,to make one to suffer for a long time e.g illness,,,,O
okuzonzya,v,to make somebody move around,,,,O
okuzooka,v,to rise from the dead,to resurrect,,,O
okuzookora,v,to open one's eyes widely,,,,O
okuzoora,v,to discover,,,,O
okuzoora,v,to invent,,,,O
okuzoora,v,to find something that had not been seen before,,,,O
okuzoora,v,to open the eyes wide,,,,O
okuzunguza,v,to shake something,,,,O
okuzuuruuza,v,to throw something far away in a distance,,,,O
okwa,prep,of,,Ninza kuzayo omu kwezi kwa kashatu.,I will go there in the month of march.,O
okwaba,v,to burst,,Enyungu y'amaarwa yaayaba.,A pot containing local beer has burst.,O
okwaba,v,to begin to get light in the morning hours,,,,O
okwabaaba,v,to complain,,,,O
okwabika,v,to make something to burst giving out a loud sound,,,,O
okwabuuka,v,to complete something and declare it over,to get finished,,,O
Okwakabiri,n,the second month of the year,february,,,O
Okwakana,n,the fourth month of the year,April,,,O
Okwakashatu,n,the third month of the year,March,,,O
Okwakataano,n,the fifth month of the year,May,,,O
okwakiirirwa,v,,,,,O
okwakira,v,to unveil bananas which are covered in a pit for ripening,,,,O
okwakisa,v,to start a machine enable it to work of function,,,,O
okwakura,v,to greet or say hullo to someone,,,,O
okwamagirira,v,to raise an alarm with the aim of chasing away crop pests,,,,O
okwaga,v,to beg for help from someone you have been an enemy to,,,,O
okwambara,v,to challenge the validity of something,to challenge,,,O
okwagaaga,v,to touch someone in a loving affectionate way,to caress,,,O
okwagagara,v,to sit at ease,,,,O
okwambazana,v,to call one another,,,,O
okwagura,v,the act using the nails to rub an itching part of the body,to scratch,,,O
okwaguukira,v,to pick interest in something that you had once underlooked,,,,O
okwahira,v,to go and collect grass or pyprus tops especially when it is towards the give away celemony like a day before and it is used for sitting on,,,,O
okwahukana,v,to seperate from one another,,,,O
okwahukira,v,to begin to graze,,,,O
okwahura,v,to take a number or amount from another,to subtract,Itaano waayahuraho emwe noosigaza ina.,If you subtract one from five you remain with four.,O
okwahura,v,to put a part one thing from another,to seperate,Mwahure amashaza n'ebihimba.,Seperate beans from peas.,O
okwahura,v,To show or see a difference between things,to differenciate,,,O
okwahura,v,to officially make someone priest or a reveland in church,to ordain,,,O
okwahuza,v,to hurry in doing something,,,,O
okwahwa,n,the part of the body under the arm where it joins with the shoulder,armpit,,,O
Okwaikumi,n,the tenth month of the year,October,,,O
Okwaikumi-na-ebiri,n,the twelve month of the year,December,,,O
Okwaikumi-na-kumwe,n,the eleventh month of the year,November,,,O
okwaka,v,to produce light or/and heat,to shine,,,O
okwaka,v,to argue another person or group,to quarrel,,,O
okwaka,v,to take away something from someone,,,,O
okwakaana,v,to be chooked by something,,,,O
okwambika,v,to put something around the neck,,,,O
okwambuka,v,to cross something like a bridge,,,,O
okwambura,v,to take money or property from a person illegally,to rob,,,O
okwamira,v,to shout at something or someone,,,,O
okwamuka,v,to leave or change the topic that people are discussing,,,,O
Okwamukaaga,n,the sixth month of the year,June,,,O
Okwamunaana,n,the eigth month of the year,August,,,O
okwamura,v,to stop the rain from raing when it had starte threatening to,,,,O
Okwamushanju,n,the seventh month of the year,July,,,O
okwamuuka,v,to stop raining,,,,O
okwamuza,v,to shout loudly,,,,O
okwamwamwa,v,to take a deep breath with the mouth wide open. Especially when one is tired or bored,to yawn,,,O
Okwamwenda,n,the ninth month of the year,September,,,O
okwana,v,to start flowering,,,,O
okwanama,v,"to be bare, not being covered and being lonely",,,,O
okwanamira,v,working extrenely hard for someone especially working for your children,to toil,,,O
okwananga,v,to hit someone very heavily with a palm of a hand,to slap heavily,,,O
okwandaara,v,to walk without one knowing where he/she is going or moving from here to there,to wonder,,,O
okwandaara,v,to run,,,,O
okwandaguza,v,to walk hurriedly,,,,O
okwandira,v,to begin on anything especially in cultivation,,,,O
okwandirira,v,to start an activity especially with digging,,,,O
okwanduuka,v,to dry up,,,,O
okwanduura,v,to remove things from the ground and leavong it bear,,,,O
okwanduura,v,to rescue or save something from danger,,,,O
okwanduura,v,to dry after germination as a result of dry spell or drought,,,,O
okwanga,v,to say that you will not do something,to refuse,,,O
okwangaashana,v,to gilter,,,,O
okwangana,v,a strong feeling of dislike for someone,to hate,,,O
okwanganya,v,to make something grow smaller in number,,,,O
okwangata,v,to bring back breast milk a short-time after being breast fed,,,,O
okwangisiriza,v,to persevere or persist in doing something in hardships,,,,O
okwanguha,v,to hurry or move fast in doing something or going somewhere,,,,O
okwanguha,v,to be light not heavy in terms of weight,,,,O
okwangutsya,v,to do something hurriedly,,,,O
okwaniira,v,to sprout from a particular spot of the plant,,,,O
okwanika,v,to dry something under the sun,,,,O
okwanika,v,to declare publically,,,,O
okwanikiriza,v,to make something dry by putting it on the sunshine and scattering it several times so as to shorten the process of drying,,,,O
okwanja,v,to spread something,,,,O
okwanjama,v,to raise a voice against someone,,,,O
okwanjara,v,to spread grains in the sun so as to dry them,,,,O
okwanjuka,v,to run mad or be mentally unstable,,,,O
okwanjura,v,to move slowly with hands and knees,to crawl,,,O
okwanjura,v,to introduce someone or something,,Omwishiki akanjura omushaija we omu mbaga owaabo.,The girl introduced her husband at the party.,O
okwanjura,v,to finish grinding,,,,O
okwanjuruza,v,to open something widely,,Akanjuruza emyenda aha mushana ngu eyome.,She spread the clothes under sunshine so that they can dry.,O
okwanura,v,to slap someone heavilly,,Akamwanura oruhi ruhango.,He slaped him heavily.,O
okwanura,v,it is the act of removing what has been on display or exposure for sundrying; it is also done when it is threatening to rain,to remove from display,,,O
okwanurwa,,,,,,O
okwanzika,v,to put millet on the grainding stone so as to start grinding,,,,O
okwanzirira,v,to walk as if you are going to fall,to stagger,,,O
okwara,v,to make or lay the bed clothings neatly,,,,O
okwaraara,v,to say many words in a short period of time,to be talkative,,,O
okwarama,v,to stay indoors for sometime before she is allowed to go out to do some work,honeymoon,,,O
okwarika,v,to sit on eggs by a hen to enable them hatch,,,,O
okwarika,v,to build a nest,,Enyonyi zikaarika omu nju yaitu.,Birds built a nest in our house.,O
okwarika,v,to cover millet so as to ripen,,,,O
okwaririra,v,to lay grass into a banana plantation or any garden,,,,O
okwaruka,v,to come out of the secrusion by the bride,,,,O
okwaruka,v,to hatch out,,,,O
okwarura,v,to bring a bride from secrusion,,Nituza kwarura omugore.,We are going to bring the bride from secrusion.,O
okwarura,v,to take a hen outside after chicks are hatched,,,,O
okwasaguza,v,to beat somebody with a stick or palms in a merciless way,,,,O
okwashama,v,to open the mouth as wide as you can,to gape,,,O
okwasya,v,to blow the fire so that it can light up either for lighting or cooking,,,,O
okwata,v,to make a liquid flow from a container,,,,O
okwata,v,the act of making a fragile item shutter into pieces,to break,,,O
okwata,v,to become stupid or useless,,,,O
okwata-amabanga,v,to disclose secrets,,,,O
okwata-amaizi,v,to discharge urine from the body,to urinate,,,O
okwataata,v,somebody or something to move apart or cause people or things to be or to move apart,to separate,,,O
okwata-enaama,phr,to let secrets out,,,,O
okwatagurika,v,to be broken into pieces,,,,O
okwatana,v,to be divided,,,,O
okwatata,v,to force way through the crowd,,,,O
okwatayata,v,,,,,O
okwatika,v,to break into pieces and be damaged,,,,O
okwatirira,v,to cut open,,,,O
okwatsa,v,to split something into two,,,,O
okwatsya,v,to chop a log into many small portions,,,,O
okwatuka,,and make firewood,,,,O
okwatuka,v,to be audible,,,,O
okwatuka,v,break out,,,,O
okwatura,v,to admit that you have done something specially when it is wrong,,,,O
okwatura,v,to make a sound of a word or letter in a particular way,to pronounce,,,O
okwatura,v,to hatch the chicks,,,,O
okwaya,v,to loot or plunder,,,,O
okwayaya,v,to be helpless,,,,O
okwayira,v,to uproot the grass for laying in the kitchen so as to sit on,,,,O
okwe,n,a location other than here; that place,there,,,O
okwebaasa,v,to be able to manage for yourself,,,,O
okwebandira,v,to make a path for oneself,,,,O
okwebariirira,v,to do what you can manage without overstraining yourself,,,,O
okwebaza,v,to thank or appreciate one for doing something comendable,,,,O
okwebeisaho,v,to be self reliant; able to sustain oneself,,,,O
okwebembekyerana,v,to move together for people of the same family,,,,O
okwebembera,v,to be infront of others and show the way,to lead,,,O
okwebendeeka,v,to pretend to be be humble when they are dangerous,,,,O
okwebeyenga,v,overparticipating in work especially cooking,,,,O
okwebinda,v,to wear something around the waist,,,,O
okwebinda,v,to gather one's force for a jump,,,,O
okwebinda,v,to be secretive,,,,O
okwebirika,v,rolling down and turn over and over while remaining in the same position,,,,O
okwebiringita,v,,,,,O
okwebisa,v,to hide yourself,,,,O
okweboha,v,the habit of liking to go in crowds,,,,O
okwebohoora,v,meandering of water in a river,,,,O
okwebumba,v,to close as flowers do,,,,O
okwebunga,v,to eat well in order to regain some energy lost as a result of sickness,,,,O
okweburabuza,v,to hide oneself and dodge responsibility,,,,O
okwebwa,v,to forget,,,,O
okwecamura,v,behave childly,,,,O
okwecuma,v,to be smart and clean,,,,O
okwecumuura,v,a bad omen in girls of killing husbands and they try to get medicine to stop that,,,,O
okwecunda,v,to move forward and backwards while hanging from one fixed place,to swing,,,O
okwecura,v,to see someone unexpextedly especially after a long time,,,,O
okwecura,v,to quieten down used as of a baby,,,,O
okwecuranzya,v,a person or thing that causes his or her own problems or trouble especially heavy one,to burden,,,O
okwecurenga,v,to be work hard,,,,O
okwecurengyera,v,"to beg for something using polite, simple and convicing tongue",,,,O
okwecurikaho,v,"to dodge work, yet you want to eat",,,,O
okwecurikaho,v,to keep seated while others are working,,,,O
okwecurikaho,v,to bend hard or stand one's head by putting the legs up or high especially at the bed,,,,O
okwecuukuura,v,to abuse your body,,,,O
okwecuusya,v,to realise that something has already taken place notifying it,,,,O
okwecwacwana,v,to break up and scatter in different directions,,,,O
okwecwamu,v,to divide into groups,,,,O
okwecwanyagura,v,"to move in a series on steps, alone or with a partner or in a group especially in a way that matches the speed",,,,O
okwecwarika,v,to behave in a tough way,,,,O
okwecwencwebuza,v,to be left with nothing or no belonging,,,,O
okwecwendeeka,v,to humble oneself,,,,O
okwecwijagura,v,to let something happen by valuing of ones belongings,,,,O
okwediima,v,to refuse to work as a protest,to strike,,,O
okwefeereza,v,to give up something that is important or valuable to you in order to do something that you think is important,,,,O
okwefiisa,v,to become useless as a result of your actions,,,,O
okwefoora,v,to change ones character and show good behaviour,,,,O
okwefubika,v,to wrap oneself against cold conditions,,,,O
okwefunfurika,v,to squeeze oneself where one cannot fit,,,,O
okwefunya,v,used to refer to folds that are within a cloth,,,,O
okwefurika,v,to pierce yourself with a burning wood,,,,O
okwefuuza,v,to feel sorry about something that you have done or you have not been able to do,to regret,,,O
okwega,v,to gain knowledge or skill,to learn,,,O
okwegaana,v,to have an expression of denial or refusing its young one,,,,O
okwegaita,v,to join with others and work together,to unite,,,O
okwegama,v,to take shelter from rain,,,,O
okwegama,v,to lean on,,Yaayemerera munonga yaasharamu kwegama aha kisiika.,He stood for a very long time and he decided to lean on the wall.,O
okwegamba,v,to report oneself,,Byaruhanga yaatema omurumuna omukono ku yaamara yaaza aha poriisi kwegamba.,Byaruhanga cut his brother's hand off and after that he went to police to report himself.,O
okwegamba-orubango,phr,to be the first to spear something,,Ku naareeba yankiza amaani naamwegambira-orubango.,"When he over-powered me, I speared him.",O
okegambisa,v,to speak so many words about a subject matter,,,,O
okweganda,v,to be lazy and fail to do an assigned task,,,,O
okweganya,v,,,,,O
okwegaranjura,v,the arrival of someone for example a visitor,,Abagyenyi abu tusiibire tutegyereize baayegaranjura omu rubuga.,The visitors we have been waiting for have arrived in the courtyard.,O
okwegaratsa,v,to stand idle or linger aimlessly,to loiter,Akeegaratsa omu kyaro kumara esaabiiti emwe.,He loitered in the village for one week.,O
okwegarika,v,to lie oneself down facing up,,,,O
okwegarukamu,v,to repent and do what is right,,,,O
okwegaruriza,v,to regain control over something,,"Omukaikuru ku yaafiire, Mwangi yaayegaruriza eitaka ahabwokuba niwe yaamurwaize.","When the old woman died, Mwangi regained conrol over her land just because he met the medical bills.",O
okwegiriza,v,the act of making somebody else do something that you should have done,,,,O
okwegoberera,v,to delay in doing something,,,,O
okwegomba,v,to wish to have something,to desire,Omwana wangye naakira okwegomba enyama aamara ameezi eshatu atagiriire.,My child usually desires to eat meat when he spends three months without eating it.,O
okwegombeza,v,to favour oneself,,,,O
okwegonooza,v,,,,,O
okweguka,v,to avoid somebody or something,,,,O
okwegumya,v,to endure a condition,,Mwesasira akegumya obu baabaire nibamukuura eriino.,Mwesasira took courage when they were extracting his tooth.,O
okwegunga,v,to adamantly deny sex to the spouse,,,,O
okegura,v,to carry something on the head,,Yaaza kwegura enyungu y'amaizi kugaiha omu nju ngu agatware aheeru.,He has gone to carry a pot of water from the house to the outside.,O
okweguruka,v,to skip oneself,,Naayeguruka emirundi ebiri obu naagaba sente.,I skipped myself twice when I was distributing money.,O
okweguruka,v,to deny something that you have knowledge about,,,,O
okwegurusya,v,to defy the order given to do things,,,,O
okweguya,v,to have a feeling that there is something you can benefit from someone,,,,O
okweguza,v,to borrow something that does not belong to you and return it after use,,Esente ez'okweguza n'emitwaro ikumi zonka.,The money to be borrowed is one hundred thousand shillings only.,O
okweguza,v,to engage in commercial production,,,,O
okwegyakagyaka,v,to claim or assume a class or level or grade or status higher than his own,,,,O
okwegyega,v,to walk along the bank of a river,,Akeegyega aha rubaju rw'enyanja yaagwamu.,He walked a long the bank of the river and drowned.,O
okwegyeka,v,to lean something against the wall,,,,O
okwegyema,v,to force oneself and do what he cannot manage,,,,O
okwegyemurira,v,to put your life at a rik,,,,O
okwegyendesereza,v,the act of being very careful in what you are doing,to be cautious,,,O
okwegyereka,v,to arrange a position or take someone place,,,,O
okwegyerera,v,to make oneself what s/he is not,,,,O
okwegyeza,v,to make an effort to do something,,,,O
okwehaga,v,to breath forcefully and make the stomach bigger,,,,O
okwehaganyura,v,to remove small particles of food for example meat from the teeth,,,,O
okwehakana,v,to deny or refuse to admit that you are responsible for a certain action,,,,O
okwehakuura,v,,,,,O
okwehamba-itama,v,to hold one's cheek as if you have lost your dear one,,,,O
okwehambira,v,to take away something that does not belong to you without permission,,,,O
okwehamiiriza,v,to make oneself firm when the conditions are no favourable,,,,O
okwehanangiriza,v,"to make an urgent, serious and heartfelt request",,,,O
okwehanda,v,to try to do something that one cannot manage,,,,O
okwehandiika,v,to register oneself,,Naayehandiika aha rukarra rw'abantu abaaba nibaza omu rukiiko.,I have registered myself on the list of the people who were going for the conference.,O
okwehandiikisa,v,to have oneself registered,,Omwezi oguhweire tukehandiikisa kuteera oburuuru.,Last month we registered ourselves to participate in elections.,O
okwehanduura,v,,,,,O
okwehanga,v,to take courage and do something someone thought would not do,,,,O
okwehangamurira,v,to attempt a very difficult task,,,,O
okwehangana,v,to put up with something or somebody unpleasant,to endure,,,O
okwehangurira,v,to get for oneself the best,,,,O
okwehanika,v,to commit suicide by hanging oneself,,,,O
okwehanika,v,to raise oneself to a status that is beyond your level,,,,O
okwehanuuza,v,as a way of seeking advice or knowledge,to consult,,,O
okwehara,v,to avoid or keep away from somebody or something,,Mutabani oine okwehara abatsigazi abu orakire kugyenda nabo ahabw'okuba nibaza kukwegyesa kunywa amaarwa.,My son you have to avoid the boys that you usually go with because they will teach you how to drink alcohol.,O
okwehayo,v,to devoute yourself to something in order to achieve it,,,,O
okwehayuura,v,to pick something from the teeth especially meat,,,,O
okwehayuura,v,to decide to leave revenge after threatening to carry it out,,,,O
okweheha,v,to rub your anus after deficating,,,,O
okwehemahema,v,to eat and remain unsatisfied,,,,O
okwehena,v,to punish oneself,,,,O
okwehenda,v,to stress oneself by trying to to do what may not be necessary,,,,O
okwehenenga,v,to be restless by doing everything possible to get a better outcome,,,,O
okwehereka,v,to plant one's garden especially by children such that the proceeds there from are theirs and thus have control over them,,,,O
okweherera,v,to isolate oneself and be alone especially like during meditation,,,,O
okweheta,v,to turn oneself and and make an arc,,,,O
okwehiga,v,to make a small movement of the body,,,,O
okwehigika,v,to squeeze oneself,,,,O
okwehikira,v,to reach for yourself,,,,O
okwehimbagiriza,v,to spoil oneself by doing things that make you a nuisance,,,,O
okwehimbagiza,v,to make yourself a nuisance,,,,O
okwehimbisa,v,to praise oneself,,,,O
okwehinda,v,moving up and down of oneself or from side to side,to toss about,,,O
okwehindagutura,v,to turn many times in bed,,,,O
okwehindukana,v,to turn against or to change one's mind,,,,O
okwehindukiriza,v,to overturn when you are seated or standing,,,,O
okwehindurira,v,to turn against something or disguise to be doing something,,,,O
okwehinguririza,v,to sorround somebody or something,,,,O
okwehinguura,v,to retire oneself from the activity one has been doing,,,,O
okwehinya,v,to fold oneself,,,,O
okwehirika,v,to fall down hard,,,,O
okwehiringisa,v,to roll oneself,,,,O
okwehisya,v,to draw near and bring closer what you want,,,,O
okwehohoora,v,"to deny a certain act or trying to create a good image about oneself, leaving the perception people have about you",,,,O
okwehoma,v,to stick on someone ever when that person does not want to be with you,,,,O
okwehomeerera,v,to build back ones image after being tarnished,,,,O
okwehonda,v,to hit oneself against something,,,,O
okwehonga,v,to dedicate oneself to God or any people of high rank or respect,,,,O
okwehongyera,v,to surrender yourself to someone or something,,,,O
okwehonoora,v,to rub one's tears off the face,,"Ozaho oyangye kuza aha izibi, maama yaija naaza kukuteera nooyehonoora amaziga.","Be there and refuse to go to fetch water, when mummy comes she will beat you and you will rub yourself with tears.",O
okwehonora,v,to hurt oneself causing a simple and minor injury to the body especially as a result of friction,,,,O
okwehoreka,v,"to be marked by meekness or modesty in behaviour, attitude or spirit",,,,O
okwehotoorora,v,to stretch one's arm in order to wash one's back and arms without washing the rest of the body,,,,O
okwehugiza,v,to be occupied with doing something as you want for your major task,,,,O
okwehumbarika,v,to pretend to be peaceful,,,,O
okwehumbika,v,to cover oneself. To wrap oneself into things that can generate warmth,,,,O
okwehurikirira,v,"to be in deep thoughts when one is alone in a lonely place, while thinking about what would follow",,,,O
okwehurira,v,"to feel pleasure and satisfied over something one owns, does or is part of",to be proud,,,O
okwehurumura,v,to get pissed off as a result of anger,,,,O
okwehuura,v,"to fall down or to hit oneself with a stick, or hit yourself onto something and feel pain",,,,O
okwehuuta,v,to move at a faster rate or to increase on the speed at which one is moving,,,,O
okwehuzya,v,to deny attention to somebody or something,,,,O
okwehwitaguza,v,to pretend to be old yet you have not reached that age..,,,,O
okweiba,v,to escape for a while and go to attend something else,,,,O
okweihaho,v,to become free from judgement by denying responsibility for an action,,,,O
okweijusya,v,to remind oneself,,,,O
okweimusya,v,To raise or wake up oneself,,,,O
okwekambiika,v,to emphasise,,"Bwanyima y'okumuzibira ngu atagyenda, yaayekambiika ngu naateekwa kuzayo.","After being denied the permission to go, he emphasised that he must go there.",O
okwekanga,v,to be frightened after something or somebody has caused impulse to oneself,to be scared,,,O
okwekeita,v,oneself,to compesate,,,O
okwekiika,v,to cross from one end to another horizontally,,,,O
okwekiika,v,to assume that one is your friend when you actually want to seek or find out from that person,to pretend,,,O
okwekiikana,v,to isolate somebody in order to inquire about a subject matter such that information got is treated with confidentiality,,,,O
okwekikuura,v,to take a long route instead of a short one,,,,O
okwekindikira,v,to wrap oneself in very short clothes,,,,O
okwekinga,v,the action of the door or window closing itself,,,,O
okwekingira,v,To enclose oneself in a house or some where else where you cannot be seen,,,,O
okwekinya,v,to flop oneself hard on the ground,,,,O
okweinika,v,to bend oneself,,,,O
okweinura,v,to retire oneself from a day's work,,,,O
okwekobeka,v,to try to be good when you are not,,,,O
okwekoma,v,to fasten oneself with a string or something,,,,O
okwekoma,v,to dress smartly,,,,O
okwekomba,v,to lick one's own lips,,,,O
okwekorera,v,to carry something or someone especially on the head,,,,O
okweita,v,to commit suicide,,,,O
okweitira,v,to admire and develop affection for somebody,,,,O
okwejugumbura,v,to get annoyed quickly,,,,O
okwejumba,v,to participate in an activity and be part of it,,,,O
okwejunisa,v,to use something,,Haza nbkejunisa akacumu kaawe ijo.,"By the way, I used your pen the previous day.",O
okwejura,v,to rescue oneself from danger,,,,O
okwejuumika,v,to turn upside down by itself,,,,O
okwejuumika,v,To lie facing down,,,,O
okwejuumuura,v,to turn up by itself or by oneself,,,,O
okwejuura,v,to refuse to affirm the prior arrangement with someone over the subject matter,,,,O
okwekaka,v,"to force oneself, and do something that you would conventionary not do",,,,O
okwekamba,v,to dedicate ones time and effort to a purpose or task,,,,O
okwekoreza,v,helping someone to lift and put on the head,,,,O
okwekoroza,v,the act of coughing when one is not suffering from cough. To cough by pretence.,,,,O
okwekuba,v,to fold oneself,,,,O
okwekubangura,v,to twist and turn with quick short movements,,,,O
okwekubiirira,v,"to stick, hardline or insist on something or someone for some reason",,,,O
okwekubirana,v,,,,,O
okwekubita,v,feeling of being annoyed,show annoyance,,,O
okwekunangura,v,rolling one self,,,,O
okwekunda,v,to be selfish,to be selfish,,,O
okwekundira,v,to do something out of free will,,,,O
okwekundisiriza,v,to be farmiliar to somebody with an intetion of benefiting something from that person,,,,O
okwekunenga,v,to fall down and rotate on the ground due to the force exerted,,,,O
okwekunganya,v,to gather in one place for a particular purpose or meeting,,,,O
okwekuring,v,to be covered with dust having been beaten or out of one's willingness,,,,O
okwekuringirira,v,to sweet talk someone,,,,O
okwekurura,v,to be slow in working,,,,O
okwekurura,v,to crawl on the ground,,,,O
okwekururira,v,to cause attraction of something or somebody to self,,,,O
okwekuruza,v,to move from one end to another using the buttocks,,,,O
okwekuuma,v,to chew the curd especially in harbivorus animals,to regurgitate,,,O
okwekuuma,v,to guard against as a form of security or protection,,,,O
okwekuza,v,to assume one's age and take yourself to be older that your actual age,,,,O
okwekwasa,v,to shift blame to another person,,,,O
okwekwata,v,the act of refusing to spend when you actually have money,to be economical,,,O
okwekwatirira,v,to try to do something when you are very weak,,,,O
okwekweya,v,to be tall that you can be dragged on the ground,,,,O
okwekyanga,v,to act in protest without prior understanding why it is there,to protest,,,O
okwekyanga,v,To dance in such a way that one shakes his body showing happiness,,,,O
okwekyanga,v,to refuse to do something intetionally,,Ahabwe naamutuma ahaiziba yaayekyanga ngu mbanze muhe sente.,,O
okwekyeeka,v,feeling the feel of something bad you have done that it will be known by other people,to be suspecious,,,O
okwekyehesa,v,keeping quite while others are talking or shouting,to humble oneself,,,O
okwema,v,used to refer to the structure of something,,,,O
okwema,,to be on heat for animals especially cattle,,,,O
okwema,v,to be at the starting point,,,,O
okwemaamaata,v,to feel or express great sorrow or regreat for somebody,to lament,,,O
okwemaamura,v,to involuntarily open up the mouth and inhale deeply due to tiredness or boredome,to yawn,,,O
okwemaaringa,v,to make a series of movements and steps after someone has got annoyed or surprised,to dance about,,,O
okwemanya,v,to be proud as if you are above others,,,,O
okwemanyiiza,v,to familiarise oneself with and get used to,,,,O
okwemara,v,to have everything so that there is no need of borrowing or asking for help,,,,O
okwemaramara,v,to be proud with some style in walking,,,,O
okwemariirira,v,to be independent and self reliant,,Mutabani wangye hati ahi yaahika abaasa kwemariirira.,My son can now sustain himself at his level.,O
okwemeka,v,to make someone a priest or a bishop in an official religious ceremony,to ordain,,,O
okwemeka,v,to make someone a king or queen,to corrote,,,O
okwemera,v,to persevere rsevere or accepting the situation as it is,,,,O
okwemera,v,to recognize that a bad situation exists and cannot be avoided or changes,to accept,,,O
okwemerera,v,to have your body in an upright position supported by your feet,,Akemerera yabareeba atarikugamba.,He was standing looking at them in silence.,O
okwemerera,v,"this refers to car, plain or train stands somewhere not moving waiting to be used",,Emotoka ekemerera.,The car stopped.,O
okwemerera,v,to make a worker redundant,,Bakamwemereza aha murimo.,He was retrenched.,O
okwemererwa,v,to have pheumonia,,,,O
okwemereza,v,to stop something from being done,,"Bakaba baatandika orukiiko, minisita ku yaijire yaarwemereza.","They had already started the meeting but when the minister arrived, he stopped it.",O
okwemereza,v,Making something or someone who has fallen down stand again,,,,O
okwemereza,v,having fear or anxiety,,,,O
okwemereza,v,to spread,,Enkoko ekemereza amapapa.,The hen spread feathers.,O
okwemesa,v,to put a sperm into a woman or female animal to make her pregnant,to inseminate,,,O
okwemesereza,v,to stick and insist on someone that he is the real one who has done such a thing,,,,O
okwemeza,v,to germinate where they have not been planted,,,,O
okwemigisiriza,v,to get through or into a small space,to squeeze,,,O
okwemokoora,v,to make an involuntary act of pushing to bring back what is in the stomach through the mouth,,,,O
okwemunyunguza,v,to rinse oneself in the mouth,,,,O
okwemurika,v,to do something enjoyable in order to show that an occassion is special,to celebrate,,,O
okwemurugunya,v,"not to get satisfied with what has been done, said, or given to you",,,,O
okwenaamura,v,to be slow e.g in speech or at work,,,,O
okwenaga,v,to move away from the place where you have been and go to a distant area,,,,O
okwenanuura,v,"to make your arms, legs or body as straight as possible so that your muscles become long and tight",to stretch,,,O
okwenda,v,"to feel you would like to have, keep or do something",to want,,,O
okwenda,v,to lust to want something very much especially sex,,,,O
okwenegyeza,v,to facilitate or help something to go ahead or forward,,Obwegyese nibwenegyeza entunguuka.,Education facilitates development.,O
okwenga,v,to become ripe or to make something ripe,to ripen,,,O
okwenga,v,to make beer,to brew,,,O
okwenga,v,to dissolve a solid or crystals into a liquid e.g. salt,,,,O
okwengyengyeta,v,to shine with a lot of small quick flashes of light,to glitter,,,O
okwengyerera,v,to over rippen,,,,O
okweniaguriza,v,to escape,,Omwana w'eishomero akeniaguriza aha ishomero eshaaha zitakahikire.,The student escaped from school before time.,O
okwenootoora,v,,,,,O
okwenyigiriza,v,To squeeze oneself through,,,,O
okwenyogoora,v,to twist the body from side to side especially as a result of nervousness or discomfort,,,,O
okwenyonkooba,v,"to show ingratitude, disoconfort, resistance to what one has been ordered to do usually by fridgeting and making slow movements",,,,O
okwenyoofoora,v,to do something while taking your time or slowly,,,,O
okwenyungutuka,v,to pour half way,,,,O
okwenywanisiriza,v,to behavein an informal or friendly way towards someone you do not know very well,,,,O
okwenza,v,to cause trouble,,,,O
okwepaaka,v,to be proud,,,,O
okwera,v,to be ripe,,,,O
okwera,v,"to clean the home after the funeral, a ritual performed four days after burial",,,,O
okwera,v,to winnow by seperating dust from the grains,,,,O
okwera,v,to produce high yields,,,,O
okwera,v,to be white in colour,,,,O
okwera,v,to be clean,,,,O
okweraarasa,v,to fail to keep up the pace or struggle,to lag behind,,,O
okweraarikirira,v,to feel nervous and upset because you keep thinking about a problem that you have or could have in future,to worry,,,O
okwerabura,v,first signs seen when you are going to give birth,,,,O
okwerabwa,v,to catch a glance,,,,O
okweragaza,v,to clean or dry something using a cloth or something soft over it,to wipe,,,O
okwerambika,v,to be in a position in which your body is on a surface such as the floor or a bed,to lie,,,O
okweranguuza,v,to drink from a container and finish the contents there,,,,O
okwereebera,v,to see for yourself and prove that something is true,to confirm,,,O
okwereera,v,to water,,,,O
okwereeta,v,to come voluntarily,,,,O
okwerekura,v,to give out something to someone freely in suport,,,,O
okwerekura,v,to reduce in size and become small and weak,to lose weight,,,O
okwerembaremba,v,to eat slowly by slowly picking a small piece so as not to finish the food quickly,,,,O
okweremesa,v,"to fail oneself, in an activity",,,,O
okwerenga,v,an act of trying to be better that anybody else in a race or activity,to compete,,,O
okwerengyerera,v,to carry something on the head without holding it with hands,,,,O
okwerengyeza,v,to commit suicide by hanging yorself,,,,O
okwerenzya,v,"to eat, drink or use all of something so that there is nothing left",to finish off,,,O
okwerinda,v,"to keep someone or something safe from harm, injury, damage or loss",to protect,,,O
okwerinda,v,to warn or threaten someone,to be careful,,,O
okweringiita,v,"a person to act pretentiously ог publicly by parading themselves, their possessions ог accomplishment",to show off,,,O
okweringirika,v,to make yourself clean,,Naakunda kweringirika arikuza aha bugyenyi.,She likes making herself clean when going for a party.,O
okweringirika,v,to show off with what you have,,,,O
okweriza,v,to pretend as if you are crying or feeling sorry for something,,,,O
okweriza,v,to cry for no reason,,,,O
okwerongoora,v,to reward one's own self,,,,O
okwerunda,v,to sit uncomfortably due to lack of space,,,,O
okwerundaana,v,to gather in one place for a meeting or for any other reason,,,,O
okwerundaana,v,to come closer to one another,,,,O
okwerunga,v,to sit somewhere holding your chin to express sadness,,,,O
okweruuka,v,to be blown off by wind,,,,O
okwerwanaho,v,to defend yourself against a threat,,,,O
okwerya,v,to be proud of yourself,,,,O
okwesaasa,v,to hurt oneself,,,,O
okwesaasira,v,to ignore something or not let it influence you,,,,O
okwesha,v,to play a game using stones,,,,O
okwesha,v,to push or move in a game,,,,O
okweshaanya,v,to be disgusted,,,,O
okweshaariiza,v,"to be strong and resilient, able to withstand great strain without tearing or breaking",to be tough,,,O
okweshaasha,v,to work hard in order to achieve something,,,,O
okweshagara,v,to get married when the parents and relatives are not informed,,,,O
okweshagara,v,"to go out to the kitchen, latrine, or toilet alone late in the night",,,,O
okweshahura,v,to go very fast from a given place so that something bad may not happen to you from there,,,,O
okweshanja,v,to find room,,,,O
okweshara,v,to cut oneself,,,,O
okwesharinga,v,"a public arrangement often organised, meeting or match protesting against or supporting",to demonstrate,,,O
okweshashura,v,to pay oneself,,,,O
okweshaza,v,to make oneself run mad when in actual sense he or she is normal,,,,O
okweshegura,v,to give support to the head while sleeping using a pillow,,,,O
okweshemba,v,to bandage oneself,,,,O
okweshemeza,v,to enjoy oneself,,,,O
okweshemeza,v,to make thoroughly clean,,,,O
okweshengyenya,v,to make constant small movements in a way that annoys other people,,,,O
okweshengyereza,v,to request for something earnestly,,,,O
okweshengyereza,v,to make request (especially to God),to pray,,,O
okweshera,v,to give animals water for drinking,,,,O
okweshereka,v,to prevent something or somebody from being seen,to hide,,,O
okweshongora,v,to make musical sounds with the voice in form of a song tone,to sing,,,O
okweshongora,v,to seperate oneself from the group when he may be doing something bad and he starts doing the right thing,,,,O
okweshotoora,v,to take yourself very slowly in terms of walking,,,,O
okweshuka,v,to get poured in large quantities,,,,O
okweshumba,v,quick movement to avoid something or someone from hurting or harming you,to dodge,,,O
okweshunga,v,to be fond of playing,to be playful,,,O
okweshunshuna,v,to develop a sense of proudness and sturboness,,,,O
okweshushaniriza,v,to form a mental picture of something,to imagine,,,O
okweshushura,v,to shed skin,,,,O
okweshushuura,v,to rub feaces from the anus using a paper or leaves of only wild plants after using the toilet,,,,O
okweshuubura,v,to lose feathers before new ones can grow,,,,O
okweshuusha,v,to go to a place many times within one day,,,,O
okweshwa,v,"to look like yourself or being yourself, that is resembling no one else",,,,O
okweshweka,v,,,,,O
okwesiba,v,to secure or fix something firmly,,,,O
okwesibanga,v,to roll oneself on the floor when he or she is feeling a lot of pain on the stomach or when someone is overdrunk,,,,O
okwesiga,v,"the belief or willingness to believe that one can rely on the goodnedd, strength, ability",to trust,,,O
okwesigainganya,v,"to assigned a given task, and instead of doing it together, one keeps on telling his workmate to do it instead",,,,O
okwesigarana,v,to be left without support or help especially after loosing all your property,,,,O
okwesiibyako,v,eating little or no food for a period of time,to fast,,,O
okwesiiga,v,to spread an oily or sticky substance,to smear oneself,,,O
okwesiima,v,to feel happy when you have got something good,,,,O
okwesiimira,v,to agree to or take responsibility,,,,O
okwesiimirana,v,to boast of something,,,,O
okwesiisibiriza,v,,,,,O
okwesika,v,to pull oneself,,,,O
okwesikurira,v,to let something happen to a person by himself or herself,,,,O
okwesikuza,v,to forcefully avoid someone or something; use of force to be free from someone's hands when he or she is holding you,,,,O
okwesimba,v,an event in which people compete against each other for a prize,to contest,,,O
okwesindika,v,feeling or showing pride,to be proud,,,O
okwesinga,v,to trust someone when he or she is lying you,,,,O
okwesingiza,v,praising oneself,,,,O
okwesinsimura,v,to take time in doing something without minding about others,,,,O
okwesisibanisa,v,to make oneself dry with hands,,,,O
okwesiza,v,to pay no attention to something,to ignore,,,O
okwesyamura,v,to go somewhere and you reach a long way and decide to go back,,,,O
okwesyamura,v,to expel air from the nose involuntarily,,,,O
okwesyonoora,v,to do something slowly and in untidy way,,,,O
okweta,v,to ask someone to come,to call,,,O
okweta,v,to give someone a name,to name,,,O
okweta,v,to ask someone to come for an event,to invite,,,O
okweta,v,to give someone a vacancy,to admit,,,O
okweta,v,to put a magic spell on someone,bewitching,,,O
okwetaaga,v,to require something that is very important,need,,,O
okwetaahiriza,v,to make a deeper understanding of a given task,to analyse,,,O
okwetaanyagura,v,"twisted expression on face. Expressing pain, disgust, etc intending to laugh",grimace,,,O
okwetaasya,v,to put oneself into a place or situation where one is not welcome,to intrude,,,O
okwetaataana,v,to go in different directions,disperse,,,O
okwetaba,v,to take part in something,,,,O
okwetabagura,v,to make someone or something muddy,,,,O
okwetabura,v,to mix,,,,O
okwetaguza,v,to call someone many times or consecutively (that is time after time),,,,O
okwetaho,v,to put something on yourself such as putting the blame on yourself,,,,O
okwetamika,v,to put food in ones mouth,,,,O
okwetanga,v,to protect or guard yourself from something bad that may affect your health or your life,,,,O
okwetangarika,v,to make oneself exposed,,,,O
okwetantara,v,to keep away from doing something,to avoid,,,O
okwetara,v,to have an unusual movements and running in an expression of happiness and good health especially by animals which are satisfied and healthy,,,,O
okwetara,v,to move anyhow,,,,O
okwetarika,v,an act where one displays him/herself either on fire or sun heat for warmth or drying,to expose,,,O
okwetebeekanisa,v,,,,,O
okweteeba,v,"to do something that will directly affect one who has done it, e.g in football",,,,O
okweteeka,v,to completely finish something or lose a job and stay in one place just with nothing to do or eat,,,,O
okweteeka,v,to sit or stand at still after he/she has done something (normally not good). The situation where one appears like he has not been or concerned about what went on the previous moment,,,,O
okweteekateeka,v,to get ready for something,to be prepared,,,O
okweteekyera,v,to prepare food or cook for oneself,,,,O
okweteera,v,to clean one'self from the dust that is on the clothes or flapping birds' wings,,,,O
okweteerana,v,"to form group, for example people from the same clan to be able to do something communially",,,,O
okweteerana,v,to experience a situation where hatred is brought between friends by an intruder who concocts a story to ruin people's relationship and end up being enemies,,,,O
okweteerateera,v,"to make an abnormal act of beating oneself, usually done to make people laugh or by mad people like slaping one's face or getting a stick and trying to beat yourself",,,,O
okweteerateera,v,to refuse to do something intentionally because may be one needs people,,,,O
okwetega,v,to prepare for something like famine and you look for food and keep enough to sustain you in the famine,,,,O
okwetega,v,to fail to stand due to crossing one's legs as he or she walks and falls down,,,,O
okweteguura,v,to prepare for anything or prepare to be challenged,,,,O
okwetegyeka,v,"to be independent: to be free from the control or influence of others, may be politically one not representing any political party and is not accused",to be independent,,,O
okwetegyeka,v,capable for acting for oneself or one's own without being stopped,,,,O
okwetegyereza,v,to be in position to understand or get what you are being told or reading and being able to react to or about it,,,,O
okwetegyereza,v,being literate: a situation where by one is capable of reading and writing,being literate,,,O
okwetegyerezana,v,to understand each other,,,,O
okweteisa,v,to repent: an act of asking for forgiveness if one has done wrong and want to be set free from the guilt,to repent,,,O
okwetendaiga,v,to talk good about oneself,,,,O
okwetenga,v,"to wish: a want or desire, feel, expression, or hope about someone's well being, succes, a feeling one gets wishing she or he could be like the one he admires",to wish,,,O
okwetenga,v,to be in need of something,,,,O
okweterera,v,to name after: giving a name to a person for recognition or a clan like if a parent died and the son is given his name to keep him remembered,to name after,,,O
okwetigita,v,to shake oneself,,,,O
okwetiiba,v,"to behave in a way that is not presentable. it is like pride, showing off and treating others to be cheap and knowing oneself to be beautiful and doing funny things to attract other people's attention",,,,O
okwetiiha,v,"to limit to oneself to what amount of food or alcohol he or she should take, that is bottle after bottle with excitement of enjoying till one can take no more",,,,O
okwetiina,v,to have inferioty complex: lack of self confidence in ones self about the peoples' or public pinion or one not being sure tha he can do something on his own and challange others,to have inferioty complex,,,O
okwetinda,v,to hide someone with an intention of beseiging him or her,,,,O
okwetinduura,v,to uproot something or getting rid of something,,,,O
okwetinduura,v,to come out of the hiding to expose ones presence to the person you were hiding from,,,,O
okwetirimura,v,(of a person) to isolate or seperate from a group of people he or she has been working ог staying with,,,,O
okwetomboita,v,to grumble: to complain about someone or something when one is very annoyed,to grumble,,,O
okwetonda,v,"to be careful: to give serious attention, especially to the details of the situation or something",to be careful,,,O
okwetonderana,v,"to ask for forgiveness from each other, especially the conflicting people",,,,O
okwetongora,v,to isolate: to keep separate from a group or company one is attached to,to isolate,,,O
okwetontobeka,v,the act of applying a lot of jerry or lotion on one's body,,,,O
okwetoofoora,v,to be slagish: doing something at a very slow pace,to be slagish,,,O
okwetoorana,v,to select: the act of choosing or selecting oneself,to select,,,O
okwetoorereza,v,to base on something or anothe to do something,,,,O
okwetooroora,v,to go round: moving in a circular form or making movements that take you where you have been formerly,to go round,,,O
okwetorotooza,v,to pilfer: to steal (things of small value),to pilfer,,,O
okwetorotooza,v,to disguise: to give a new appearance in order to hide its form,to disguise,John naayetorotooza nk'orikwenda kwiba.,John is disguising as if he wants to steal.,O
okwetuga,v,to use a lot of energy and courage to do something or make an achievement (especially when you feel you cannot manage),,,,O
okwetuga,v,to use force to end one's life or existence (especially using a rope),,John akeetuga n'omuguha yaafa.,John used the rope to hung himself and he died.,O
okwetuma,v,to jump or move quickly in order to catch or take hold of something,,,,O
okwetumiriza,v,to go unsent: the act of one going where not ordered to go,to go unsent,,,O
okwetumisiriza,v,,,,,O
okwetunenga,v,"to tighten oneself: squeezing oneself with either a rope or a cloth. It can be used to refer to when someone puts on tight clothes, which really outline the whole body make",to tighten oneself,,,O
okwetunga,v,to survive by oneself: struggling to live or exist on your own without depending on anybody or recieving help from anywhere,to survive by oneself,,,O
okwetunguura,v,to boast: the act of speaking proudly or happily about what one has done or what one knows,to boast,,,O
okweturatuza,v,to shrink: disapproving to avoid work or responsibility especially when difficult or unpleasant,to shrink,,,O
okwetuuma,v,to use a lot of force: to use a lot of energy or vigour to perform an activity,to use a lot of force,,,O
okwetwa,v,to be called upon to do work one is suited to do and to which one should give all his time and energy,,,,O
okwetwa,v,"to die: to stop leaving or existing, either slowly or suddenly",to die,,,O
okwetwara,,to be careful: to pay extra attention to something,to be careful,,,O
okwevuga,v,"to recite: the act of speaking out words in literature very fast (rapping) as people respond after one's words either admiring someone you love, talking about war or lamenting about the hash life",to recite,,,O
okwevuga,v,to drive oneself in his or her car,,,,O
okwevunuura,v,to take a drink with an intention of suppressing hang-over,,,,O
okweya,v,to clean a kraal: to remove dung and urine from places where animals reside or stay (especially domestic animals),to clean a kraal,,,O
okweyagura,v,to scratch oneself: to scratch one's body using fingernails especially when it is itching,to scratch oneself,,,O
okweyaka,v,to allow what you have leave your hand or possession,,,,O
okweyama,v,"to warn: to inform someone in advance of an impending or possible danger, problem or other unpleasant situation",to warn,,,O
okweyamba,,to help: to save oneself,to help,,,O
okweyamba,,to answer ones call of nature,,,,O
okweyanga,v,to dislike oneself,,,,O
okweyangisa,v,to pretend: a way of behaviour that is intended to decieve people,to pretend,,,O
okweyanjura,v,to introduce oneself,,,,O
okweyarira,v,to lay or make a bed by oneself,,,,O
okweyayamura,v,to yawn,,,,O
okweyebesa,v,to forget: to put out one's mind (often intentional),to forget,,,O
okweyemeka,v,to crown: to take control or position of power especially without having the right to,to crown,,,O
okweyemereza,v,to stand: to be in verticle state by straightening the legs of oneself,to stand,,,O
okweyendeza,v,to be selfish: to think first of one's own interests or personal needs without concern for others or not sharing what one has with others,to be selfish,,,O
okweyerera,v,to sweep: to clean (especially the floor) by using a brush or broom to collect the dirt into one place from which it can be removed,to sweep,,,O
okweyogosha,v,"to squirm: to move from side to side in an awkward way because of nervousness, embarassment or pain",to squirm,,,O
okweyoreka,v,to make yourself possible to be seen,,,,O
okweyoreka,v,to show off,,,,O
okweyorobya,v,to pretend: to behave as if one is simple in character when it is not neccessarily so,to pretend,,,O
okweza,v,to ripen (of a fruit or crops): to be fully developed or ready to be collected or eaten,to ripen,,,O
okweza,v,to make extremely clean,,,,O
okwezambaaza,v,to conduct oneself in such a way that he/she is exposed or prone to danger or anything bad,,,,O
okwezengyereza,v,to turn around,,,,O
okwezi,n,"moon: the object similar to a planet, which moves in the sky around the earth once every 28 days and which can be seen clearly at night when it shines with the light coming from the sun",moon,,,O
okwezigaziga,v,to change appearance or manner in order to obscure one's nature or intention,,,,O
okwezigoora,v,to rotate around: the act of moving around an axis or centre,to rotate around,,,O
okwezigurutsya,v,to walk around,,,,O
okwezigurusya,v,,,,,O
okweziika,v,to escape and disappear to a place where you cannot be traced,,,,O
okwezinga,v,to coil around: to tie or wrap something around another,to coil around,,,O
okwezingirira,v,to wind oneself around,,,,O
okwezingiza,v,to curl up: to move along by turning over and over from side to side,to curl up,,,O
okwezirika,v,to put clothes on oneself,,,,O
okwezirikurura,v,to remove or untie something tied around oneself (especially used of belts),,,,O
okweziringa,v,to be too slow in doing things or taking ones time in doing something. It is lack of quick action in performing things,,,,O
okweziringa,v,to roll on,,,,O
okweziringura,v,to wriggle: to twist and turn with quick short movements,to wriggle,,,O
okweziritirira,v,to rub the eyes: an act of squezingcthe eye especially when something has fallen into it,to rub the eyes,,,O
okwezuranzya,v,to move from here and there repeatedly in an effort to make an activity perfect or successful,,,,O
okwiba,v,to steal: to take something that is not yours without permission and with no intention to bring it back,to steal,,,O
okwiba-empimbi,v,to perform a ritual where a bride goes to her father-in-law's home and takes some food in an unofficial way. It is assumed she has stolen the food,,,,O
okwibika,v,to lay bee hives to trap bees as an arpilary activity,,,,O
okwibika,v,to immerse something in water,,,,O
okwibira,v,to swim: to move in water holizontally with the help of arms and legs,to swim,,,O
okwibirira,v,to cheat for someone in order to give him/her an advantage over the others,,,,O
okwibiza,v,to give a brief or incomplete view or look,,,,O
okwibuka,v,to remember: to renew ones image or thought; an act of memory,to remember,,,O
okwibuuza,v,to resurface: to disappear and again appear,to resurface,,,O
okwiga,v,to use magic to cause rain,,,,O
okwigira,v,to come nearer to a person especially when squeezed,,,,O
okwigirira,v,,,,,O
okwiguta,v,to get satisfied having had enough food,,,,O
okwiguza,v,to ask someone to open for you by knocking on the door,,Okwiguza omuntu ou otarikumanya ti kirungi.,It is not good to ask someone you do not know to open for you.,O
okwiha,v,to uproot tubers especially potatoes,,,,O
okwihaho,v,to subtract a number or an ammount from another number or ammount,,,,O
okwihaho,prep,except: it is used to mean only,except,,,O
okwihamu,v,to choose: to select something from others,to choose,Omutsigazi akaihamu ente nungi omu kikomera.,The boy chose a good cow from the market.,O
okwihura,v,to pay a debt,,Mukuru w'eishomero naaza kwihura abashomesa esente zaabo.,The headmaster is going to pay teachers their money.,O
okwihura,v,to serve food,,Omwana bamwihuriire ebyokurya bingi.,The child has been served alot of food.,O
okwihurira,v,to serve someone food,,Okwihurira omuntu ebyokurya nikyoreka emicwe mirungi.,To serve a person food shows good manners.,O
okwihuza,v,"to request for money, property that one is sure is his or hers, or has got the right of belonging or owning",,,,O
okwija,v,to come to a place,,Okwija kwanyu kwatushemeza.,Your coming has pleased us.,O
okwijurira,v,to transfer someone or something from one place to another,,,,O
okwijurirana,v,(of liquid) to be too full in a container,,,,O
okwijuza,v,to fill in a certain document,,Okwijuriza foomu omwana wa siniya ya kana tikiboneire.,Filling forms for a senior four student is not good.,O
okwijuza,v,(of a container) to make full of something,,,,O
okwikaara,v,,,,,O
okwikara,v,to sit and stay in one place for a period of time,,,,O
okwikarira,v,to wrestle down someone,,,,O
okwikaza,v,to do things in a hurry: to speed up the progress of work,to do things in a hurry,Akahinga arikwikaza yaarahuka kumara omusiri.,He dug hurrying and was able to finish the garden quickly.,O
okwikaza,v,to do baby sitting,,Maama areetsire omwishiki w'okwikaza omwana.,My mother brought a girl to baby sit the child.,O
okwikiriza,v,to accept to do what you have been asked,,Yaikiriza kwija.,He has accepted to come.,O
okwikiriza,v,to believe or have religious faith,,Abakazi nyamwingi nibaikiririza omuri Mukama Ruhanga.,A number of women believe in the Almighty God.,O
okwikiriza,v,to respond creatively to a cow when it makes a sound,,,,O
okwikirizibwa,v,to be allowed to do something,,,,O
okwikiza,v,to add unboiled food to the boiled one,,,,O
okwikiza,v,to bury grass while digging especially in the garden where potatoes are to be grown,,,,O
okwimata,v,to press something with a finger,,,,O
okwimatuka,v,to be soft especially for fruits like sweet bananas as a sign that they are ripe,,Okwimatuka kw'omunekye nikimanyisa ngu guhiire.,When a sweet banana is soft it means that it is ripe.,O
okwimukirana,v,to stand down for someone especially when there is competetion,,Okwimukirana nikirungi namunonga kwenda kureetaho obusingye.,Standing down for someone a good thing especially for the sake of bringing about peace.,O
okwimukirira,v,to keep lifting something up and moving it down,,,,O
okwimukiriza,v,"to incite somebody to do somthing violent, illegel ог unpleasant",,Akasharirwa omushango gw'okwimukiriza akavuyo.,He was charged with inciting violence.,O
okwimukyera,v,"to be unstable, he or she keeps on moving up and down",,,,O
okwimusya,v,to raise upright something that had fallen down,,Ashagire omusinzi ahirimire omu muhanda yaamwimusya.,He found a drunkard lying on the way and made him stand upright.,O
okwimusya,v,to start building a house,,,,O
okwimuura,v,(of masters) to change,,,,O
okwimuura,v,brasfamy: to sin against God,brasfamy,,,O
okwinama,v,to bend: to move down in a cycle form,to bend,,,O
okwinamira,v,to bow down as a sign of respect to an important person,,,,O
okwinamirira,v,to pay last respect to the one who has died,,,,O
okwinamuka,v,to retire from work for example from the garden after getting tired,,,,O
okwinamuka,v,to stand upright,,,,O
okwinara,v,"to be a victim of evil or harm of supernatural powers, hatred or any other bad thing",,,,O
okwinaza,v,to cause someone to be a destitute,,,,O
okwinganiza,v,"to make equal, uniform, corresponding, or matching",,,,O
okwinika,v,to bend something especially a stick,,,,O
okwinika,v,to put sorghum or millet that is dry in water in order to make it germinate,,,,O
okwinikira,v,to begin to milk a cow,,,,O
okwinikiza,v,to tell ancient stories,,,,O
okwinuka,v,,,,,O
okwinura,v,to retire someone from work for example from the garden,,,,O
okwinziira,v,to marry a widow in her own house,,,,O
okwiragura,v,to become dark in colour,,,,O
okwiragura,v,to become dirty,,,,O
okwiraguza,v,to make something dirty,,,,O
okwirira,v,(in the Anglican faith) to go for holy communion,,,,O
okwirira,v,to move a bit so as to create space,,,,O
okwirirayo,v,to extend further,,,,O
okwiririmba,v,to look harsh on the face especially when something has disturbed you,,,,O
okwiririrwa,v,to be caught up by darkness before reaching home,,,,O
okwiruka,v,to run,,Bakamweta omu mpaka z'okwiruka.,They called him into the running competetions.,O
okwirukana,v,to have diarrhoea: a sickness of frequent and watery bowel movements; can be a symptom of infection ог food poisoning,to have diarrhoea,Okwirukana nikwita kwaba kutaraguriziibwe.,Diarrhoea can kill if not treated.,O
okwirukanga,v,,,,,O
okwirukangirira,v,to give aid in form of money and other things to help one in need,,,,O
okwirukirira,v,,,,,O
okwirutsya,v,to run after something with an intention of catching it,,Okwirutsya embuzi orikwenda kugikwata kigumire.,Running after a goat to catch it is not easy.,O
okwisa,v,to create a condition that can lead to the death of someone,,,,O
okwisya,v,to breath: the process of taking in and expelling air during breathing,to breath,,,O
okwita,v,to kill: the act of terminating a life,to kill,Nooza kwita omwana ogu.,You will kill this child.,O
okwita-amaaya,v,to allow mingled millet start to cool and show carves,,,,O
okwita-ekihara,v,(of a man) to have sex outside marriage when his wife is pregnant,,,,O
okwita-enju,v,(of a woman) to have sex with a stranger when they are building a new home,,,,O
okwita-entabire,v,to commit adultery ог fornication before sowing seed in an already prepared garden,,,,O
okwita-eriisho,v,to look at someone with one eye closed in order to warn him,,,,O
okwitaita,v,to cover up something that is not exposed to the public,,,,O
okwitana,v,to kill each other: this is where people kill one another,to kill each other,Okwitana kw'abantu n'ekintu kirikutiinisa.,For people to kill of each other is something that is scaring.,O
okwitanira,v,to compete stiffly for something,,,,O
okwita-oburo,v,to commit adultery or fornification before millet is harvested and eaten,,,,O
okwita-omwaku,v,to eat unsatisfactorily,,,,O
okwitira,v,to smoke milk pots by burning grass so that they may have an aromantic scent,,,,O
okwitira,v,to remove extra suckers from a banana stool,,,,O
okwitirira,v,to water plants in the garden,,,,O
okwitiriza,v,to debauch: to be corrupt morally or by intemperance or sensuality,to debauch,,,O
okwitiza,v,to smoke a well scented stick into a milk gourd,,,,O
okwiturura,v,to separate butter milk from ghee,,,,O
okwitururuka,v,(of saliva) to drop slowly in a thin stream,,,,O
okwituura,v,to sharpen a hoe which has become blunt because of being used in stony places,,,,O
okwituura,v,to pay for work you did half way,,,,O
okwitwa,v,to be killed,,,,O
okwizihira,v,"to look nice, pleased, etc especially of brides",,,,O
okwo,pron,a word that stands in for a proper noun especialy of a place,,,,O
okwo,prep,that way,,,,O
okwobooka,v,to remove skin after burning,,,,O
okwoboora,v,to remove someone's skin off,,akashuuna omwishiki yamwoboora.,he pitched a girl and removed he skin off.,O
okwoboora,v,to abuse someone severely,,,,O
okwoga,v,to give a bath or clean your body with water,to bath,,,O
okwoga,v,to swim,,,,O
okwoga,v,to deny someone instead of defending him in the courts of law,,,,O
okwoga,v,to get away from unpleasant or dangerous position,,,,O
okwoga,v,to surpass others and leave them behind,,,,O
okwoga,v,to pass through something,,,,O
okwogaho,v,to go ahead; to move on,,,,O
okwogosha,v,to twist or wind a thread on something or make a rope,,,,O
okwoha,v,to push a person using force,,,,O
okwoha,v,to persuade or convice somebody to do something which can lead him into trouble,,,,O
okwoha,v,to eat with greed at high speed as you put a lot of food in the mouth,,,,O
okwohereza,v,to send someone or something to a certain place,,,,O
okwohibwa,v,"to attract somebody or make somebody have something, even if they know it is wrong",to atempt,,,O
okwohoka,v,to get destroyed or fall,(of the house or wall),,,O
okwohoka,v,to be upset,,,,O
okwohoora,v,to cultivate in a piece of land where potatoes have been harvested,,,,O
Okwokubanza,n,the first month of the year,January,,,O
okwokyera,v,to weld a metal,,,,O
okwokyereza,v,to burn off weeds when preparing a garden,,,,O
okwoma,v,to become dry,to dry,,,O
okwoma,v,To dry up esepcially of water,,,,O
okwoma,v,to get dehydrated,,,,O
okwomankana,v,,,,,O
okwombeka,v,to construct a house,to build,,,O
okwombera,v,to remove unwanted plants from the garden,to weed,,,O
okwomera,v,to fail to get words to say for example when someone abuses you in a terrible way,,,,O
okwomerana,v,to be extremely dry especially clothes if they have been hung in sunshine for a very long time,,,,O
okwomerwa,v,to fail to have words after being told something very strange,,,,O
okwomesereza,v,to make somebody take a decision or say clearly what they think or what they intend to do,,,,O
okwomesereza,v,to speak vehemently by way of denying guilt,,,,O
okwomooka,v,to dry slowly especially when it has just rained,,,,O
okwomoora,v,to get rid of all soup in well cooked beans,,,,O
okwomoora,v,to dress a fresh wood,,,,O
okwomoora,v,to give first aid,,,,O
okwomoosya,v,to wipe clean or dry something,,,,O
okwomya,v,to cause or make something to dry,,,,O
okwona,v,to destroy crops,(of animals),,,O
okwondoora,v,to drink the dregs of local brew,,,,O
okwondora,v,to clean a traditional churn with stones and water for the first time when it is going to be used newly,,,,O
okwonesa,v,to let animals graze and destroy crops in the garden,(of herdsmen),,,O
okwongoboka,v,,,,,O
okwongoboka,v,to grow thin,,,,O
okwongonzya,v,to try to get something out of someone slowly,,,,O
okwongota,v,to cook or burn something beyond what is normal,,,,O
okwongotoka,v,to be burnt completely,,,,O
okwongyera,v,to put something into another or increasing on what you have,to add,,,O
okwongyera,v,to give an additional item,,,,O
okwongyesereza,v,to add on something,,,,O
okwongyeza,v,to increase for example the price of something,,,,O
okwonjobora,v,the act of doing a humiliating thing which causes a painful feeling of distress caused by the consciousness of wrong or foolish behaviour,to put to shame,,,O
okwonjobora,v,to over abuse someone,,,,O
okwonora,v,to burn with hot water or steam,,,,O
okwonsya,v,to breast feed the baby or a young animal,,,,O
okworeka,v,to show,,,,O
okworeka,v,to enlighten or inform,,,,O
okworekana,v,to show something to each other,,,,O
okwomeka,v,to witness falsely,,,,O
okwomera,v,to say the truth incase one wants to deny,,,,O
okworekwa,v,to be shown how to do something,,,,O
okworekyerera,v,to demonstrate or guide the state of something,,,,O
okworekyereza,v,to point at wih a finger,,,,O
okworoba,v,"to be soft, smooth and delicate",,,,O
okworoba,v,to be obedient and do what one is told to do,,,,O
okworobya,v,to soften something,,,,O
okworora,v,to bring up somebody,to nurture,,,O
okworoza,v,to give someone the responsibility of looking after someone's child,,,,O
okwosyosya,v,to convince somebody to do something s/he was not willing to do,,,,O
okwotera,v,,,,,O
okwozamu,v,to photocopy a printed or written material,,,,O
okwozya,v,"to wash clothes, utensils, etc. with soap and water",,,,O
omu,prep,in,,,,O
omubaagi,n,a person who slaughters animals and sells meat,a butcher,,,O
omubabo,n,a decoration,,,,O
omubago,n,a local resident at the landing site,,,,O
omubamba-njobe,n,a small pricky tree,,,,O
omubambi,n,"someone who fastens things using short, straight, stiff piece of wood with a blunt head and a sharp point",,,,O
omubanda,n,a new blandy car,,,,O
omubanda,n,flute,,,,O
omubande,n,a trail of animals for example in the garden,,,,O
omubangi,n,someone who puts a gap between teeth,,,,O
omubarashuko,n,an equipment used for catching animals and hiting,trap,,,O
omubaro,n,quality or sum obtained by adding or multiplying,total,,,O
omubazi,n,a substance given to treat illness,medicine,,,O
omubazi,n,a person who takes part in census exersise to count people,enumerator,,,O
omube,n,gas expelt noisely from the stomach through the mouth,belch,,,O
omubengyeyo,n,"someone or something that looks nice, healthy and attractive",,,,O
omubeya,n,very young maize,,,,O
omubiikira,n,someone studying to be a nun (sister),,,,O
omubimba-ifuro,n,a medicinal plant specie,,,,O
omubimbiro,n,a piece of stick used for clearing bush,,,,O
omubindi,n,a big pot in size with a very wide opening,,,,O
omubindo,n,a strip of cloth to wear around the sides and back of the body between the ribs and the hip bones,loin cloth,,,O
omubire,n,flesh alcohol,,,,O
omubiriizi,n,a tree with simple leaves which are sour,,,,O
omubisha,n,a person who shows hostility towards or opposes the purpose or interests of another person,enemy,,,O
omubobo,n,A natural fibre used in making ropes and other things,,,,O
omubonano,n,Doing something that is not known or seen by others,secret act,,,O
omubonesya,n,a castrated man especially one who was employed as a harem attendant in certain oriented court,eunuch,,,O
omubongoya,n,a young girl or boy who hands milk or food to the king and members of the royal family,,,,O
omububuuro,n,pimple,,,,O
omubunduuro,n,a short metal rod with a wood handle used as a thermopherapy instrument on sick animals and people,,,,O
omubungi,n,a person who wonders everywhere without doing anything constructive,iddler,,,O
omubungi,n,a person who sets broken bones,born setter,,,O
omubunzi,n,a girl who leaves her place of birth and goes somewhere inorder to get a man,,,,O
omuburugye,n,sauce made of a mixture of different vegetables,,,,O
omubutuuro,n,changing a sick person's position when he or she is too sick or weak to roll himself,,,,O
omubwera,n,a certain tree specie which has very long and sharp thorns,,,,O
omubyare,n,something that is newly planted or a garden that has just been sowed in seeds,,,,O
omuceceko,n,being very quite,silence,,,O
omuceebo,v,the act of investigating a person about her family matters,,,,O
omucerere,n,a plant where straw berries grow,,,,O
omucokozi,n,someone who hurts another who is smaller or weaker than he is,bully,,,O
omucoocoozi,n,someone who likes to tell jokes or make people laugh,,,,O
omucotera,n,someone who is neither a white nor black as a result of intermarriages,halfcast,,,O
omucu,n,sauce,,,,O
omucucu,n,very small fine grains of soil,dust,,,O
omucuku,n,fatility loose of anything,,nkahinga ebihimba omu mucuku gwitaka gwabwita,beans I dug in the un fertile soil did not give yields.,O
omucunguzi,n,a person who rescues another from a dangerous or difficult situation,saviour,,,O
omucungwa,n,a round juicy edible fruit that is reddish yellow when ripe,orange,,,O
omucunzi,n,one who churns milk and turns it into ghee,,,,O
omucwacwani,n,a person who welcomes people with a smile,welcoming person,,,O
omucwamba,n,a green grass that is commonly fed on by cows. cynodon nlmfuensis,star grass,,,O
omucwanga,n,a member of a christian religious group that believes that christ will soon return to earth and their day of prayer is saturday,seventh day adventist,,,O
omucwanzya,n,a dishonest person who takes what does not belong to him ог her,,,,O
omucwe,n,the manner in which an individual conducts himself or herself,behaviour,,,O
omudada,n,dry branch of a dry tree,a dry branch,,,O
omudimo,n,a place whre wwter comes naturally to the surface from under the ground and is guided by a pipe in form of a protected spring,spring,,,O
omudoma,n,a stupid person. a person who is very slow in understanding,dull person,,Her daughter is dense she is ever the last in class.,O
omudugu,n,"a ripe fruit, orange in colour",fruit,,,O
omufaakazi,n,a woman who has lost her husband,widow,,,O
omufa-igyesha,n,a tree species,,,,O
omufariso,n,a pad of soft cushion material for sleeping on,matress,,,O
omufubeerwa,n,bananas that fail to ripe after they have been put in the hole to ripe and they are put back again to ripe,unripe banana,,,O
omufumbagizi,n,a herb with stems like those of a sugarcane but small and tests like salt,,,,O
omufumbagyesi,n,a plant with a salty tasty stem that cures sore throat,,,,O
omufundi,n,a person whose job is making and repairing wooden objects and structures,carpenter,,,O
omufundikizo,n,a cover of a container,lid,,,O
omufunguro,n,diluted drink made from millet or sorghum flour,porridge,,,O
omufura,n,plant that grows in the swamp and is itchy when it is touched,,,,O
omufuraafuuro,n,payment that is done in parts and paid regularly over a period of time,instalments,,,O
omufuraano,n,an attire that has long neck and is worn to make a person warm,pull neck,,,O
omufuregye,n,a long narrow open hole dug in the ground for purposes of controlling or directing the movements of water,trench,,,O
omufuruki,n,a person moving from one place to another in order to stay to that new place without returning to the place of origin,migrant,,,O
omufurura,n,a plant resembeling sorghum plant that grows in the wilderness,,,,O
omufutafuta,n,someone whose job is to change or translate what somebody is saying from one language into another,interpreter,,,O
omufuuro,n,small pieces of something that may not help in accomplishing an intended activity.,bits,,,O
omufu-w'eihamba,n,an insect that looks like an ant with a black colour and stinks,insect,,,O
omuga,n,a small and narrow river with running water.,stream,,,O
omugaaniizi,n,a person who likes teasing people verbally,joker,,,O
omugaara,n,An extension of hair on one's cheeck from the head not beards,,Omushaija ogu k'arikutega obureju n'eishokye asigaho omugaara kusha.,"Whenever this man shaves the hair and beards, he leaves the hairly extension from the head.",O
omugaara,n,the long hair on the neck of a horse or a lion,,Ekicuncu kiine omugaara muraingwa.,The lion has along mane.,O
omugaari,n,a big crack on someone's foot,foot sore,,,O
omugaati,n,"food made out of yeast, flour, sugar and water",bread,,,O
omugaati,n,"soft food made by baking a mixture of yeast, milk, eggs, flour and sugar taken at celemonies such as weddings, birthday parties, etc.",wedding cake,Baashara omugaati gw'amatembezo ana.,They cut the wedding cake with four steps.,O
omugaatwa,n,"a very bony animal whose structure shows that it was a big animal e.g. cows, goats etc",old animal,,,O
omugabagaba,n,a medical tree specie that is used to cure constipation,plant,,,O
omugabe,n,the head of a kingdom in Ankore,,,,O
omugabe-kazi,n,the mother or wife to the king,queen,,,O
omugabi,n,a person who is free on giving out things to others,,,,O
omugabo,n,that which someone takes as a result of dividing into two or more parts,share,,,O
omugabuzi,n,"someone serving food eg in a party, restaurant or hotel",food saver,,,O
omugaga,n,being not well organised or neat,untidiness,,,O
omugagara,n,"something that causes worry, difficulty ог hard work",burden,,,O
omugagye,n,cooked food that has gone bad,stale food,,,O
omugaiga,n,a person possessing a lot of wealth,rich person,,,O
omugaite,n,a person who is married in church and recognised as an official husband or wife,wedded person,,,O
omugaju,n,a pleasant smell from a liquid or plant that makes one or something smell nice,aroma,,,O
omugamba,n,a collection of milk pots that are given to the girl on the give away celemony from her parents,,,,O
omugambi,n,a person who gives a speech or talks about a particulr subject,speaker or master of ceremonies,,,O
omugambi,n,"A person who is in charge of political debates, functions, such as wedding parties",,,,O
omugambirizi,n,a person who acts as an intermediator in negotiations,spokesperson,,,O
omugambuuzi,n,someone who has a habit of ill talking about other people when they are not around,back biters,,,O
omuganda,n,form of support given to somebody to advance or complete the task at hand eg somebody building a house,contribution,,,O
omuganda,n,bundle e.g of firewood,,,,O
omugando,n,"a tree species with small leaves, thorns and has yellow flowers",,,,O
omugane,n,a story about imaginery event or past experience but made more exciting especially that is full of action and adventure,tale,,,O
omuganga,n,someone who predicts or say what is to happen in the future especially by using magic,foreteller,,,O
omugangabuzi,n,a person who treats things struck by thunder,healer,,,O
omugangare,n,,,,,O
omugangi,n,a person who cures people of illnesses and diseases using traditional or herbal medicine,traditional healer,,,O
omugango,n,being in a state of thinking about something that may happen and may be problematic,worry,,,O
omugango,n,tall thin tree with long joined leaves at the top,,,,O
omuganguuzi,n,a person with sufficient energy and may use violence to achieve his objectives,strong person,,,O
omugangwa,n,a person especially a woman who is loved more than the rest in a polygamus marriage,favourite person,,,O
omugani,n,a person who tells a tale or legend,story teller,,,O
omugano,n,protected spring,,,,O
omugano,n,tropical plant with thick yellow like steps with green leaves,bamboo,,,O
omuganuro,n,new harvest of the season given to the elders,food,,,O
omuganya,n,a permanent fold in a cloth,pleat,,,O
omuganyi,n,a person who is very lazy in doing things and feel that he is un able to do things around him or her,lazy person,,,O
omugara,n,person who is detasteful of work that involves physical effort,lazy person,,,O
omugaragwa,n,a person who was previledged to work for the king in Ankore,servant,,,O
omugarama,n,meat that contains no bone,fillet meat,,,O
omugarura,n,wild plant,,,,O
omugasho,n,the state of being of help to someone,use,,,O
omugasho,n,the state or fact of being of great value or significance,importance,,,O
omugasho,n,the importance attached to something because of what it can be transformed into,value,,,O
omugati,n,a person born in the middle of others in the family,,,,O
omugatwa,n,,,,,O
omugavu,n,a tree specie from which timbers can be made,,,,O
omugayo,n,a situation of under looking someone,,,,O
omugi,n,pleasure: the activity of relaxing and enjoying yourself,pleasure,,,O
omugiisi,n,umbrical cord: a long tube in animals that connects the feotus to its mother such that it receives food and oxgyen,umbrical cord,Encwamutwetekacwekire omugiisi.,The calf's umbrical cord has not fallen,O
omugiisi,n,The tube that remains hanging after the the birth of an animal which falls off from the tied point and leaves a scar,,,,O
omugimba,n,sugarcane: a whole sugarcane with no part cut,sugarcane,,,O
omugimu,n,"healthy person or thing: something that has grown so well, healthy, strong and good looking",healthy person or thing,,,O
omugina,n,a situation of one coming across something very good,,,,O
omuginda,n,"a tree with purle flowers, small leaves and pods grown for a shed in the compound",,,,O
omuginga,n,a person that is thought or judged to lack the ability to understand,,,,O
omugirigiri,n,boy: a young health boy of about 12 years old,boy,,,O
omugirwa,n,a subject person: a person that is being discussed ot talked about,a subject person,,,O
omugisha,n,blessing: a prayer dedicated to God by someone to protect or help someone or something,blessing,,,O
omugisha,n,a good thing that happens to you not because of your own effort or abilities,,,,O
omugisha,n,an opportunity for someone to do something,,,,O
omugiti,n,cane: a small stick used for hitting somebody,cane,,,O
omugobante,n,a stick that is used to beat someone,,,,O
omugobe,n,a collection of a variety of small brown beans' leaves that are eaten as sauce,,,,O
omugogo,n,local bridges: a temporary bridge made with tree trunks,local bridges,enjura egwire nyingi yaatwara omugogo titwine hokwambukira.,it rained heavily and our local bridge was taken away we have no where to cross from.,O
omugogoro,n,rich person: a person who has alot of money and valuable things,rich person,,,O
omugogozi,n,pathetic person: someone who lacks interest or feeling in things or who has no little or no emotions,pathetic person,,,O
omugomoko,n,fatness: a situation of someone growing big,fatness,,,O
omugomotsyo,n,something that a person puts inside clothes so as to appear big,,,,O
omugonampiri,n,a certain type of medicinal plant,,,,O
omugongo,n,a tree that spreads its branches like an umbrella,,,,O
omugongo,n,back: part of a human body that is on the opposite side of the chest between the neck and the buttocks,back,,,O
omugongo,n,hill or mountain: an area that is higher than the land around it,hill or mountain,,,O
omugore,n,bride: a woman when she is newly married,bride,,,O
omugoreko,n,shyness: being nervous when speaking and meeting other people,shyness,,,O
omugorogooro,n,a tree with long oval leaves,,,,O
omugororombe,n,"dull person: a person who is not bright, inexperienced, and not bright; usually takes long to understand",dull person,,,O
omugorozi,n,examiner: someone who tests peoples ability or knowledge,examiner,,,O
omugoshoora,n,a tree from which walking sticks can be got,,,,O
omugote,n,smashed irish potatoes ready to be eaten,,,,O
omugoye,n,a strong thick string made by twisting strings and it is used to tie things,,,,O
omugoye,n,cattle disease: a disease that affects cattle,cattle disease,,,O
omugoye,n,octopus: a sea creature with a soft round body and eight long tentacles,octopus,,,O
omugoyi,n,boatmen: a man who earns a living from small boats either by carrying passengers or goods on the water or lifting them out,boatmen,,,O
omugoyo,n,potatoes smashed for food,,,,O
omugugu,n,swamp grass: the grass found in valleys usually used for making mats,swamp grass,,,O
omuguma,n,milk vomited by a child,,,,O
omuguniro,n,the converging point of something especially in a saucepan or a basin,,,,O
omugunjukye,n,a civilised person: a person who has or shows polite and reasonable behaviour,a civilised person,,,O
omugunu,n,thickness: the size of something between the layers of something like a saucepan,thickness,,,O
omuguriko,n,magic: any art that invokes supernatural powers,magic,,,O
omugurusi,n,old man: a man in an advanced age especially after getting sons or daughters-in-law,old man,,,O
omuguruzi,n,,,,,O
omugusha,n,sorghum: a cereal grown in native warm regions of the world,sorghum,,,O
omugusha,n,sorghum plant or garden,,,,O
omuguta,n,hide: animal's skin when it has been removed and dried for leather,hide,,,O
omuguta,n,weight: the weight of a person,weight,,,O
omuguta,n,the term used to refer to a dead body of Ankole's king,,,,O
omuguuri,n,a very big thing: a word used to exaggerate the size of something,a very big thing,,,O
omuguutuuro,n,idiom: an expression whose meanings cannot be inferred from the meanings of the words that make it up,idiom,,,O
omuguzi,n,buyer: a person who buys things or who gives in money in return of goods and services,buyer,,,O
omugwagye,n,a wealthy person: a person who has a lot of money and owns a lot of possessions,a wealthy person,,,O
omugwansimbo,n,epileptic person: a person who has a disorder of the nervous system characterised by loss of consciousness and convulsions,epileptic person,,,O
omugwera,n,a banch of bananas that falls down especially due to wind blowing and mostly it is not mature,,,,O
omugwezi,n,a person who is always ready and waiting for an opportunity to tell lies,,,,O
omugyagya,n,"a plant with scented leaves, sometimes put in tea to add flavour",,,,O
omugyegyene,n,very clean and clear water,,,,O
omugyemuzi,n,a person who hawks milk,,,,O
omugyemuzi,n,a persone who takes food to a patient in a hospital or to someone in prison,,,,O
omugyendagyenzi,n,a person who moves aimlessly from one place to another,,,,O
omugyenderano,n,addition: the fact or conditon of being stuck into something or substance or activity so as to develop a habit in doing something,addition,,,O
omugyendo,n,movement: joint actions and efforts of a group of people for a special purpose,movement,,,O
omugyenzi,n,the late: a term used to refer to the deceased person,the late,,,O
omugyenzi,n,a traveller: a person who is always moving from one place to another,a traveller,,,O
omugyere,n,kick: the act of delivering a blow with the foot,kick,,,O
omugyereki,n,the person who sts standards or measures of what people are supposed to do,,,,O
omugyero,n,"estimate: judgement that one makes without the exact figures or details about the size, amount or cost",estimate,,,O
omugyeto,n,a sharp long object,,,,O
omugyeyo,n,a term used to refer to a person from the abagyeyo clan,,,,O
omugyezi,n,bright: someone that is quick at learning and understanding words,bright,,,O
omuhaahi,n,a person who cheers the rest,,,,O
omuhaahi,n,a person who searches for food,,,,O
omuhaasirizi,n,a person who asks for a blessing and passes it on to others,,,,O
omuhago,n,kwashiorkor: Disease usually in young children who lack some food nutrients,kwashiorkor,,,O
omuhako,n,"udder: a bag like organ of a female animal like cows, goats, etc from which milk is produced",udder,,,O
omuhakwa,n,servant: a person working in the service of another,servant,,,O
omuhambiiro,n,scarcity: the exisitance of a product in short supply,scarcity,,,O
omuhambo,n,a general term for the medicine and charms that are used to get rid of spells,,,,O
omuhangaani,n,"someone who gives support, confort or courage",,,,O
omuhangi,n,one of the names of God the creator,,,,O
omuhangi,n,a person who has made or invented a particular thing,,,,O
omuhangu,n,a person with special knowledge or training in a given field,expert,,,O
omuhanguzi,n,a person who emerges the best after an activity,the winner,,,O
omuhangwa,n,a person who predicts what is likely to happen using his charms,,,,O
omuhani,n,a person who advises others in problems or on what is good for human beings,counsellor,,,O
omuhanurankuba,n,a tall person whose height is about six feet or so much that this erson is able to touch the highest point where most people are not able to,,,,O
omuhanuuzi,n,someone who narrates a story in a chronological order,,,,O
omuhanyo,n,a state of feeling very tired in mind or body without energy,lassitude,,,O
omuharara,n,a female goat that has not produced (after being weaned),,,,O
omuhe,n,a medical plant,,,,O
omuheekyera,n,,,,,O
omuheesi,n,a person whose job is to repair or make things made of iron,black smith,,,O
omuhehere,n,a thick stick lit and used as a torch for lighting,,,,O
omuhenano,n,unfriendly behaviour that causes anger or resentment,provocation,,,O
omuhengyeka,n,to bend something on one's side,,,,O
omuhihiito,n,one of the stomachs of a ruminant,rumen,,,O
omuhiiha,n,a long straw made out of a certain type of plant that is used for drinking local brew or porredge,,,,O
omuhiire,n,a certain type of medical plant,,,,O
omuhiire,n,one who blesses people,,,,O
omuhimba,n,many things of an item that are bundled together,bulk,,,O
omuhimba,n,the state of being solid,,,,O
omuhimba,n,a blade of spear,,,,O
omuhimbuzi,n,a person who cures those who are about to be trangled by spirits,magician,,,O
omuhindura,n,a medicinal tree specie,,,,O
omuhingaazima,n,,,,,O
omuhinganzima,n,a curved band of seven colours that appear in the sky when sun shines through the rain,rainbow,,,O
omuhingi,n,a person who derives his or her living through cultivation,agriculturist,,,O
omuhingura,n,a medicinal tree specie,,,,O
omuhino,n,an instance of being horny,erection,,,O
omuhito,n,milk cheese forming milk in a churn,,,,O
omuhondano,n,disagreements between one or more people,conflict,,,O
omuhondeberero,adj,a person who is weak,,,,O
omuhondo,n,cow's first milk produced after delivery,colostrum,,,O
omuhonezi,n,a person who buys salt in large quantities after travelling a long distance,,,,O
omuhongi,n,someone who offers sacrifices,,,,O
omuhongorozo,n,a blocking bar at an entrance,,,,O
omuhongyera,n,a tree with a grayish furrowed stem and purple fruit,,,,O
omuhongyerezi,n,a person who performs religious ceremmonies in church,priest,,,O
omuhongyerezo,n,"a habit of giving up things or killing animals important to wash away any bad omen or recognise somebody; God, gods, or spirit",,,,O
omuhongyerezo,n,to appeal earnestly implore or beg,plead,,,O
omuhoogo,n,a song normally sung when taking cattle back home in the evening,cattle song,,,O
omuhooza,n,a person whose job is collecting tax that people must pay on the money they earn,tax collector,,,O
omuhoozi,n,a person who reacts by punishing somebody in return of what he/she has done,vengeance person,,,O
omuhoro,n,a knife with a hooked point used as a cutting tool,machette,,,O
omuhorokomba,n,a stalk that holds banana clusters,,,,O
omuhorongoro,n,a cattle disease that affects the uterus,animal disease,,,O
omuhororo,n,a person belonging to an ethnic group found in Rukungiri district of South-Western Uganda,an ethnic group,,,O
omuhotozi,n,a person who likes causing trouble between other people,,,,O
omuhova,n,type of worm that lives in soil,earth warm,,,O
omuhuhe,n,milk with no froth,,,,O
omuhunda,n,thepointed lower part of a spear,ferrule,,,O
omuhunguzi,n,"a person who has a legal right to recieve somebody's property, money or title when that person dies",heir,,,O
omuhungye,n,a type of tree used for making charcoal,,,,O
omuhungye,n,clear water,,,,O
omuhurikiza,n,a person who pays attention to what is being said,listener,,,O
omuhuruza,n,someone who informs people of what is taking place or what has happened especially when it is tragic,,,,O
omuhuta,n,wounded: to be cut or blown especially on the skin,wounded,,,O
omuhuta,n,suffer a harm or damage,,,,O
omuhuuhe,n,pure liquid,,,,O
omuhuuhe,n,"long-nosed, long-tailed rat",,,,O
omuhuuku,n,a person who is legally owned by another and is forced to work for them,slave,,,O
omuhuumuza,n,a person who is trained to advise people with problems especially personal problems,counsellor,,,O
omuhuuni,n,a person especially a man who shows lack of respect for other people and enjoys playing tricks on others,rascal,,,O
omuhuuru,n,a man who has never been married,bachelor,,,O
omuhuuzi,n,a person or machine that separates grain from corn or other crops by beating,thresher,,,O
omuhwanshoni,n,a disobedient or badly behaved child,naughty child,,,O
omuhwezi,n,a person who assists somebody to do something,helper,,,O
omujaburo,n,the portion you get before the final product,,,,O
omujanjabi,n,a person who is trained to take care for the sick,,,,O
omujigaijo,n,a person's first born child,first born,,,O
omujinya,n,having a strong desire to do something,ambition,,,O
omujoogani,n,some one who is discrespectful,,,,O
omujuba,n,an aparatus for blowing air into or through something,,,,O
omujubi,n,a person who catches fish either as a job or a sport,fisherman,,,O
omujugangoma,n,a tree specie with large oval leaves,tree,,,O
omujugantaara,n,a tall tree variety with a straight stem and soft wood,tree,,,O
omujugujugu,n,"a short stick that is thrown at something especially birds, animal or even people while fighting",,,,O
omujuguto,n,a piece of stick,,,,O
omujugutsi,n,a bellow blower,,,,O
omujuma,n,a wild plant with purple composite flower that is used as medicine for fever,,,,O
omujuma,n,seeds of cereals that have been removed from their hasks,,,,O
omujumbi,n,the rain that falls at around 5am and goes on until about 12pm,morning rain,,,O
omujumbuzi,n,someone who discovers something or someone that was missing or hidden or solve thing that was not known,inventor,,,O
omujumo,n,a plant variety that cures malaria,,,,O
omujungu,n,a white person of European origin,European,,,O
omujuni,n,a person who rescues somebody or something from a dangerous or difficult situation,saviour,,,O
omujunju,n,an act of eating or using up things very fast,,,,O
omujunwa,n,someone who is saved,born again christian,,,O
omujurizi,n,a person who sees something happen and is able to report to other people,witness,,,O
omujuyango,adj,problematic things which are not fine,,,,O
omujwago,adj,an idler or person with bad manners,goon,,,O
omujwekyerwa,n,a person who is chosen or elected to represent the views of a group of people,delegate,,,O
omujwengye,n,long hair on the neck of a lion,mane,,,O
omujwiga,n,thee pointed part of the bunch of banana before its cut that shows off as a flower,banana flower sheath,,,O
omuka,n,a house where someone lives,home,,,O
omukaafiire,n,a person who does not believe in any of the mainstream religions especially Christianity or Isam,pagan,,,O
omukaamwana,n,the wife of one's son,daughter-in-law,,,O
omukaatara,n,a person who has a scaly scabby or hard skin caused by poor body hygiene,,,,O
omukago,n,the relationship between two or more people who are not related by birth or marriage but by mutual concent,friendship,,,O
omukaikuru,n,an aged woman who have lived for a very long time,old woman,,,O
omukama,n,master: a person (usually a man) who has people working for him,master,,,O
omukama,n,Lord: Almighty God,Lord,,,O
omukama,n,King: a male ruler or one who inherits that position by right of birth,King,,,O
omukamba,n,,,,,O
omukambi,n,,,,,O
omukami,n,milk person: a person who milks the cows,milk person,,,O
omukamuure,n,"sweet fluids gotafter squeezing something like ripe banana, passion fruits, pinneapples, etc.",,,,O
omukandara,n,belt: a long narrow piece of leather or cloth that one wears around the waist,belt,,,O
omukangaine,n,snake: a snake specie that is small and long with green colour and commonly found in banana leaves,snake,,,O
omukangambwa,n,a metalic case: a suit case made ou of metalic substances,a metalic case,,,O
omukanja,n,a shrub with edible berries,,,,O
omukankaana,n,,,,,O
omukankaburo,n,bunch of unripe young banana that has just flowered,,,,O
omukaraata,n,an old domestic animal that has lived for a very long time,,,,O
omukarabanda,n,shoes/sandles: kind of shoes especially those that are wooden,shoes/sandles,,,O
omukarabaya,n,one of the plant species,,,,O
omukarabyo,n,hard questions that are asked in an examination,,,,O
omukarangye,n,the smell that comes from millet ог soghum that is being fried,,,,O
omukaro,n,dried meat: meat that has been roasted and left to dry,dried meat,,,O
omukaru,n,dry tea/ black tea: a mixture of tea and water as a beverage,dry tea/ black tea,,,O
omukaso,n,monitoring: to look at or monitor closely,monitoring,,,O
omukaturiki,n,a person who believes in the Catholic Church,,,,O
omukazi,n,woman: adult human female,woman,,,O
omukazi,n,a married woman considered in relation to her husband,,,,O
omikiika,n,a position or an area to the left orright of something,,,,O
omukiiki,n,participant in the meeting,,,,O
omukiniikano,n,sarcasm: a way of using words that are the opposite of what you mean in order to be unpleasant to somebody or make fun of them,sarcasm,,,O
omukira,n,"tail: the part of an animal, bird or fish, etc. that sticks out at the back",tail,,,O
omukobe,n,a tree specie,,,,O
omukokoro,n,a person with debilitated and unhealing wound,,,,O
omukokwe,n,the back of a tree which is twisted to get fibres that are rope-like in size and are sometimes used to make mats,,,,O
omukokye,n,a trench: a ditch dug in the ground,a trench,,,O
omukomagi,n,backcloth maker: a person whose job is making back clothes,backcloth maker,,,O
omukongorani,n,a prickly shrub,,,,O
omukongozi,n,a lazy person: a person who is always unwilling to work or doing as little as possible,a lazy person,,,O
omukono,n,arm: one of the two long parts of the body that connects the shoulders to the hand,arm,,,O
omukonwa,n,eunuch: a man who has been castrated,eunuch,,,O
omukooto,n,half cooked or ripe,,,,O
omukoraijo,n,a stick which is usually used to make traditional beds,,,,O
omukorangani,n,a person who makes or connects two parties into agreement,,,,O
omukoyo,n,soft soil found deep inside an anti-hill,,,,O
omuku,n,shoot: new branc growing on the plant,shoot,,,O
omuku,n,a bull's voice: a sound made by a bull when mowing,a bull's voice,,,O
omukujumbwe,n,half cooked food: food that fails to get fully cooked,half cooked food,,,O
omukukuni,n,small jumping insect without wings that feeds on blood of animals such as dogs,,,,O
omukukuuru,n,a skin disease of hairly animals caused by a parasite,,,,O
omukungashebeya,n,a grass specie,,,,O
omukungu,n,chief's assistant: a person who deputises a parish chief,chief's assistant,,,O
omukunguru,n,ear wax: yellow substance like wax that is produced in ears,ear wax,,,O
omukunisirizo,adj,shy: an act of being afraid to do something or being involved in something,shy,,,O
omukununkirizo,n,an instance where one tends to reach for something that is out of their reach,,,,O
omukunyu,n,muddy sediments in beer,,,,O
omukura,n,a ditch: a long narrow chennel at the edge of the road,a ditch,,,O
omukuraijo,n,a medicinal plant specie,,,,O
omukuru,n,"elder: a person who is of great age, experience or authority",elder,,,O
omukuru,n,father: a person appointed to perform religious duties and ceremonies in the Roman catholic and orthodox or anglican church,father,,,O
omukuza-nyena,n,a tree: a certain tree specie,a tree,,,O
omukwata-nsenene,n,a tree specie where grasshoppers usually like to rest,,,,O
omukwato,n,a thing that is given as security for the fulfilment of a contract or the payment of a dept and is liable to forfeiture in the event of failure,,,,O
omukwodyo,n,a tactiful person,,,,O
omukyandari,n,a lunatic or hooligan: a young person who behaves in an extremely lousy and violent way in public usually in a group,a lunatic or hooligan,,,O
omukyara,n,wife: a woman that a man is married to commonly known as a married woman,wife,,,O
omukyebe,n,a metallic container used to keep liquids,,,,O
omukyebebo,n,"rust: reddish, or yellowish brown flaking coating of iron oxide that is formed on iron or steel by oxidation especially in the presence of moisture",rust,,,O
omukyebezi,n,,,,,O
omukyeeka,n,mat: a small piece of thick carpet made from palm leaves used for sitting on,mat,,,O
omukyeeno,n,curse: a word or phrase that has a magic power to make something bad happen,curse,,,O
omukyeeri,n,rice: short narrow white or brown grain grown on wet land in hot countries,rice,,,O
omukyekyezi,n,a night dancer: a person who goes to people's homes at night and dances around them naked,a night dancer,,,O
omukyemuzi,n,barber: a person who trims other peoples hair,barber,,,O
omukyene,n,"a poor person who does not have money, food, clothes, etc. for his survival",,,,O
omumaisho,adv,ahead: further forward in space or time,ahead,,,O
omumbya,n,a certain grass specie,,,,O
omumiiki,n,visitor: a person who takes bridal gifts to the bride few days after the give away ceremony,visitor,,,O
omumuri,n,"a tree specie, usually has very bright flames when lit",,,,O
omumuriki,n,"torch bearer: a person who is considered the brightest amongst others, to be known as the light of others",torch bearer,,,O
omuna,adj,a word used to describe many things,,,,O
omunaamuko,n,laziness: the practice of doing something or walking slowly,laziness,,,O
omunafu,n,lazy person: a person who does not involve or put much energy in activities,lazy person,,,O
omunaga,n,a very strong thick strong made by twisting thinner strings together,,,,O
omunagiro,n,"a type of cloth that is fastened at the neck and hangs losely from the shoulders, worn especially in the past",,,,O
omunago,n,to make quick money afte putting in a little effort,,,,O
omunaku,n,"poor person: a person who lacks basic necesities like food, shelter, clothing and others",poor person,,,O
omunanaasi,n,pineapple juice: juice squeeed out of pinneaples,pineapple juice,,,O
omunekye,n,sweet banana: reap banana that is ready,sweet banana,,,O
omuniagiiro,n,"struggle: using alot of energy, knowledge in a bid to do something that is not so easy for you to accomplish",struggle,,,O
omunigi,n,killer: a person who kills others by strangling them,killer,,,O
omuniogano,n,conflict: a stateof disagreement or argument between opposing groups,conflict,Kakuru na munyaanya bari omu muniogano.,Kakuru and her sister are in a conflict.,O
omuniogano,n,a situation in which it is difficult to move because there are so many people or vehicles in one particular place,,,,O
omunofa,n,striated muscles: stripped pattern on meat especially beef,striated muscles,,,O
omunogoozi,n,potter: a person who makes clay items like pots,potter,,,O
omunoofooki,n,,,,,O
omuntu,n,person: a human being as an individual,person,,,O
omunugano,n,dislike: a feeling of dislike for somebody or something,dislike,,,O
omunugi,n,the person who dislikes,,,,O
omununu,n,a herb with yellow flowers,,,,O
omunvuuri,n,umbrella: a lightweight handheld collapsible canopy,umbrella,,,O
omunwa,n,lip: fleshy folds of tissue as those surrounding the mouth,lip,,,O
omunya,n,basket fibre,,,,O
omunya,n,"lizard: a small reptile with a rough skin, four short legs and a long tail",lizard,,,O
omunya,n,a wound under the toe,,,,O
omunyaadiini,n,religious person: a person connected with a specific religion,religious person,,,O
omunyaafu,n,whip: along thin stick used for making domestic animals move or punishing children,whip,,,O
omunyaanyaatsi,n,slanderer: a person who speaks false statements intended to damage the good opinion people have of somebody,slanderer,,,O
omunyabanyo,adj,insuficient food: having food that is not enough to feed those present,insuficient food,,,O
omunyabibi,n,sinner: a person who has comitted sins,sinner,,,O
omunyabiragiro,n,lawyer: a person who is trained and qualfied to advise people about the law and to represent them in court and write legal documents,lawyer,,,O
omunyabuzaare,n,a relative: a person related to another either by blood or through marriage,a relative,,,O
omunyabwangu,n,a swift person: a person who does things quickly and without delay,a swift person,,,O
omunyabwengye,n,wise person: a person who makes very sensible decisions and gives good advice because of knowledge and experience one has,wise person,,,O
omunyabwira,n,,,,,O
omunyabwoba,n,cowards: a person who shows fear or timidity,cowards,,,O
omunyaga,n,a term used to refer to part of the kraal that is swept by omuhiima(herdsman),,,,O
omunyagi,n,bad debtor: a person who takes things on credit and refuses to pay,bad debtor,,,O
omunyago,n,booty: valuable things stolen especially by soldiers in time of war,booty,,,O
omunyago,n,raided things,,abateso bakatwara omunyago gwabakaramoja.,the Iteso took raided cattle for the Karamojong.,O
omunyaitima,n,a jealous person: a person who is envious of another because of his/her success,a jealous person,,,O
omunyaju,n,partly dried thing: anything that is not dried fully,partly dried thing,,,O
omunyakishuba,n,a lier: a person who makes statements that he knows are not true,a lier,,,O
omunyamahanga,n,a stranger: a person that is not known in the locality and is in a very distant,a stranger,,,O
omunyamahwa,n,"a plant with very sharp long thorns, small leaves and grows in clay soils",,,,O
omunyamakuru,n,"journalist: a person whose job is to collect and write news stories for newspapers, magazines, radio or television",journalist,,,O
omunyamanyo,n,conjurer: someone who performs magic tricks to amuse an audience,conjurer,,,O
omunyamaryo,n,sturbon person: a person who is difficult to deal with and always wants tt force his way,sturbon person,,,O
omunyamukago,n,friend: a person you know well and regard with affection and trust,friend,,,O
omunyamururu,n,glutony: a person who has a habit of eating and drinking too much,glutony,,,O
omunyamurwa,n,chief catechist: a catechist in the catholic church who is allowed to administer the sacrament of eucharist,chief catechist,,,O
omunyamwaga,n,cruel person: a person able or disposed to inflict pain or suffering,cruel person,,,O
omunyamwoga,n,professional person: a person that is highly trained and specialised in his field,professional person,,,O
omunyana,n,"the youngest banana leaf, bud",,,,O
omunyanaama,n,secretive person: aperson who cannot tell any other person when he is in the know,secretive person,,,O
omunyanda,n,,,,,O
omunyangara,n,premature bunch of matooke,,,,O
omunyangarara,n,crack: a long narrow opening line on the surface of something,crack,,,O
omunyangararo,n,suffering: physical or mental pain resultng into constant unhappiness,suffering,,,O
omunyanjara,n,hungry person: someone who has no food and is ever looking for food here and there,hungry person,,,O
omunyankuzi,n,con man: a person who is fond of swindling people's money or stealing their property,con man,,,O
omunyansi,n,indigenous person,,,,O
omunyanzigu,n,someone who likes revenging,,,,O
omunyanziika,n,,,,,O
omunyarara,n,strip: a relatively long narrow piece of something,strip,,,O
omunyarubwa,n,"stubborn person: someone who is by nature obstinate, likes speaking a lot of funny things and likes teasing others",stubborn person,,,O
omunyarugambo,n,a rumourmonger: a person fond of gossiping and divulging personal information about others,a rumourmonger,,,O
omunyaruganda,n,,,,,O
omunyarwango,n,misanthropist: a person who hates and avoids other people,misanthropist,,,O
omunyeeto,n,youth,,,,O
omunyeganyegye,n,a swamp bush with pods,,,,O
omunyegezi,n,pins and needles,,,,O
omunyigimbo,,to walk slowly,,,,O
omunyiginya,n,prince: a male member of the royal family who is not a king,prince,,,O
omunyiginya-kazi,n,princess: a female member of the royal family who is not the queen,princess,,,O
omunyigye,n,smashed food especially bananas,,,,O
omunyimbanyimbo,n,an elegant style of walking,,,,O
omunyinya,n,accacia tree,,,,O
omunyoma,n,,,,,O
omunyomwa,n,the doubted: somebody that does not satisfy the requirements of a certain activity or participation,the doubted,,,O
omunyongororwa,n,earth warm,,,,O
omunyontore,n,a very tall thing or person,,,,O
omunyororo,n,door lock: a metalic shutter that is attached to the door in which one uses a key to open or lock,door lock,,,O
omunyugu,n,lame: a kind of disability where a person does not walk properly,lame,,,O
omunyurure,n,rabia minora: a pulled labia minora,rabia minora,,,O
omunyururu,n,,,,,O
omunyuuki,n,banana brewer: a person who makes juice out of ripe bananas,banana brewer,,,O
omunyuunyuutsi,n,exploiter: a person who uses something or someone selfishly or unethically,exploiter,,,O
omunywengyerero,n,weight loss: a situation where one keeps on loosing weight slowly by slowly due to over thinking or any other problem,weight loss,,,O
omunywero,n,a clay vessel with long neck that is used to drink something,,,,O
omunzaani,n,,,,,O
omupakasi,n,labourer: a person who works or is engaged in manual labour for others,labourer,,,O
omupatiko,n,a kind of behaviour characterised by too much familiality to less concerned parties,,,,O
omupiipo,n,shiver: a sudden shaking movement of the body because of illness,shiver,,,O
omupiira,n,football: a game played by the teams of eleven using a round ball,football,,,O
omupiira,n,"ball: a round object used for throwing, hitting, or kicking in games and sports",ball,,,O
omupiira,n,tyre: a thick rubber ring that fits around the edge of a wheel of a car or a bicycle,tyre,,,O
omura,n,jigger: a flea that lays eggs under a person's or animal's skin causing itch or pain on areas affected,jigger,,,O
omuraazi,n,the visitor who goes to a place and stays for a night or more,,,,O
omurabanamu,n,,,,,O
omuragara,,millet seeds that usually remain on the ground where millet fingers have been put for drying,,,,O
omuragazo,n,a person or animal which is born first,,,,O
omuragwa,n,heir: a person with the legal right to recieve property or money when the owner dies,heir,,,O
omurahuzi,n,aggressive person: someone who delights in other's pain or unhappiness by causing them not to be happy or to suffer,aggressive person,,,O
omuramagi,n,pilgrim: a person who travels to a holy place for religious reasons,pilgrim,,,O
omurambi,n,,,,,O
omurambuure,adj,something very long,,,,O
omuramukazi,n,sister-in-law: a sister of one's husband,sister-in-law,,,O
omuramukazi,n,A sister of one's husband,,Yaba narwana nomuramukazi.,She has been fighting with her sister-in-law.,O
omuramukazi,n,A sister of one's husband.,,Yaba narwana nomuramukazi.,She has been fighting with her sister-in-law.,O
omuramura,n,a tree specie whose wood is used for making huts for spirits.,,,,O
omuramuzi,n,a person in a court of law whose job is to decide questions brought before a court of justice.,judge/magistrate,,,O
omurande,n,,,,,O
omurando,n,Having a lot of plants that grow following others for support or any other support e.g. the ground walls.,creeping plant,,,O
omuranga,n,the noise and shouting made by people while crying.,,,,O
omuranga,n,a long narrow band with the same width through out its length differing in colour or texture from the surface on either side of it.,stripe,,,O
omurangara,n,a tree specie.,,,,O
omuranguka,n,to die suddenly.,untimely death,,,O
omuranguuzo,adj,the act of finishing up something either in a container or somewhere.,habit,,,O
omurara,n,a cow with mixed colours of brown and black and with black patches running from the head up to the tail and brown patches under the neck.,,,,O
omuraramo,n,a serious disease in which the tissues enclosing the brain and spinal cord become infected or swollen.,meningitis,,,O
omurashi,n,someone who shoots cows using an arrow to get blood from it.,,,,O
omurasho,n,something done very quickly.,,,,O
omurasho,n,a disease that is common in goats.,,,,O
omuravunga,n,"a medicinal plant which has very soft leaves, a bit spongy and very bitter. It can cure a stomach ache.",,,,O
omuraza,n,a person who cuts down trees for some reason.,,,,O
omureebuuzo,n,being curious.,,,,O
omureegi,n,An official who sings liturgical music and leads prayer in a synagogue.,cantor,,,O
omureeko,n,an instrument put around the iron thatched house to collect rain water falling off the house such that water is directed into one end to be collected from there.,,,,O
omureeterezi,n,a person who adds value to the song in a group of singers.,song leader,,,O
omureetsa,n,name of a comet.,,,,O
omureguzo,n,measuring so many times for example you can measure a kilo of meat and someone tells you that it is not yet a kilo so you measure again to prove that really it is a kilo.,,,,O
omurema-mpango,n,A thick hard wood tree used to make milk pots.,,,,O
omurema-njojo,n,a shrub used to make walking sticks.,,,,O
omurembe,n,something with a cylindrical shape.,,Akahinga ebyozi by'emirembe byonka.,He only grew pumpkins with a cylindrical shape.,O
omurembeserezo,n,a repeated act of making a baby to stop crying.,,,,O
omuremi,n,a covered frame on which the sick is carried by two peole each one holding either side.,stretcher,,,O
omuremuuro,n,being too tired that one cannot do anything.,dead tired,,,O
omurengi,n,state of being calculative in some body's spending where one considers every quantity they are to give out.,,,,O
omurera-mikono,n,A person who is not willing to work or do anything that involves efforts.,lazy person,,,O
omurezi,n,someone who looks after a child for a short time while the parents are out.,a baby sitter,,,O
omurezi,n,a person who looksa after the child and takes care of it.,baby sitter,,,O
omuribato,n,moving up and down aimlessly in a crowd of people.,,,,O
omurigito,n,sound made when it is threating rain.,,,,O
omurigito,n,being jumpy and playful.,,,,O
omuriiti,n,a rope with a noose at the end used for catching cattle.,lasso,,,O
omuriituuro,adj,"obtaining by power, pressure or violence.",force,,,O
omurimiro,n,a timber or metal post set in the ground as a supporttng part of a fence.,post,,,O
omuroba,n,fresh grass. It is normally laid in the kitchen.,,Ejura egwire haamera omuroba.,It rained and fresh grass started growing.,O
omuroba,n,the duck's excrets.,,,,O
omurogi,n,a person believed to be having evil powers.,witch,,,O
omurokora,n,a kind of stick that has white spotsoften used for grazing.,,,,O
omuronko,n,a small tree that is used for making bows.,,,,O
omurozo,n,a small quantity of food or drink that one tries in the mouth to see how it tastes.,,,,O
omuruhuuzi,n,"someone who gives relief, physical wellbeing or consolation to others.",conforter,,,O
omurumuuzi,n,a person who cures poisonous bites e.g. snake bites.,,,,O
omurundi,n,time count.,,Yaazayo omurundi gwa kabiri.,She has gone there the second time.,O
omurundi,n,multiplication table.,,Ekipampagari ky'ekitabo kye kiriho omurundi.,The cover of my exercise book has a multiplication table,O
omurundi,n,shin.,,Yaaba naazaana omupiira bamuteera omurundi gwahutaara.,He was playing football and he got his shin injured.,O
omurunga,n,a type of very thick strings that can be used for tying or pulling things.,rope,,,O
omurungaanwa,n,An Arab and Swahili trader.,,,,O
omuruumo,n,A skin disease caused by bacteria that causes the great enlargement of the feet.,elephantiasis,,,O
omuruura,n,alarm,alarm,,,O
omurwaire,n,a sick person.,patient,,,O
omurya,n,the string of a zither.,,,,O
omurya,n,recently made and never used by anyone before.,new,,,O
omurya-njoki,n,a light coloured insectivorous bird with a large head and a long down curved bill and typically with long central tail feathers.,bee eater,,,O
omuryanyonyi,n,a tall wild tree with short leaves that prevent worms in the stomach.,,,,O
omuryanyonyi,n,"a wild bird with a big, long sharp mouth that eats the fresh of other birds.",bird,,,O
omuryoto,n,soft wet and sticky place.,mud,,,O
omusa,n,a kind of tree with hard wood and fairly broad leaves usually in making long lasting furniture or tools.,tree,,,O
omusaara,n,mat on which moslems dit while praying.,,,,O
omusanzire,n,"two men who have married from the same family, same sisters or two men who are having a relationship with one woman.",,,,O
omuseeto,n,having an even and regular surface especially roads.,smooth or clear,,,O
omuserebende,n,a brand new car.,,,,O
omuseveni,n,a person who participated in the world war and belonged to the seventh African rifles.,,,,O
omushaabo,n,a tree species.,plant,,,O
omushaara,n,money paid to emplyees especially professionals usually paid at the end of the month.,salary,,,O
omushaayo,n,"wet, soft ground formed of decaying plants.",bog,,,O
omushabagariko,n,The manner of doing something innefectively.,,,,O
omushako,n,food bought from markets or worked for from other people as aresult of food shortage.,,,,O
omushamaazi,n,"a person who looks at other people or something steadly and intently especially in admiration, surprise or thought.",,,,O
omushamato,n,,,,,O
omushambi,n,a rough person.,,,,O
omushanana,n,a Kinyarwanda traditional dress.,,,,O
omusharakanda,n,a grass species.,,,,O
omusharara,n,a smell that usually comes out from the water that is fetched from the well in the swamp..,swampy,,,O
omusharashare,n,small scratches on an object.,,,,O
omushatuzi,n,a person who chops wood into small pieces especially for cooking.,wood chopper,,,O
omushazi,n,mentally ill or insane. person.,mad person,,,O
omushe,n,,,,,O
omushebuko,n,regrowing of dry plants.,new growth,,,O
omusheegu,n,a person who plays the flute.,flute player,,,O
omusheeshe,n,a tree species.,,,,O
omushega,n,a wild canivorous mammal which is of a dog family that lives and hunts in groups.,wolf,,,O
omushekye,n,the time of very early morning when the ky starts to show signs of the sun rise.,dawn,,,O
omusheneneko,n,liquid that is free from dirt and looks very clean.,,,,O
omushenguro,n,a heavy blow..,thump,,,O
omusherebembe,n,"a small crawling animal that typically has a long body and tail, four legs, movable eye lids and a rough, scaly or spiny skin.",lizard,,,O
omushinja,n,a person who stands by the side of another person to support him against the case.,witness,,,O
omushinya,n,a plant species used in making ropes.,,,,O
omushitamirizi,n,a person who outstays.,,,,O
omushoberwa,n,"a person who is always confused with numerous conflicting situations, objects, statements, etc.",bewildered person,,,O
omushobo,n,"something that is more than necessary, reasonable or acceptable.",excess,,,O
omushoboorozi,n,someone who has the power to do something.,an authority,,,O
omushoboyo,n,the number count that goes beyond the required number.,excess,,,O
omushobya,n,"someone who does things that are contrary to morals, norms and day to day ways of living.",,,,O
omushobya,n,plant species.,,,,O
omushoga,n,castor oil beans.,,,,O
omushogoyo,n,a period of growth among humans from childhood to adulthood normally between the age of twelve to eighteen.,puberty or adolescence,,,O
omushohi,n,a person who uses a fishing busket to catch mud fish from water more especially from small rivers or ponds.,fisherman,,,O
omushohoro,n,first crops grown in a season.,,,,O
omushojwa,n,a type of grass with hard pointed seed heads some of which are sharp enough to harm livestock.,spear grass,,,O
omushokooro,n,"a liquid substance that is found in the hard dense, calcified tissue that forms a skeleton of most vertabrates and contains calicium.",bone marrow,,,O
omushomankuzi,n,a person who secures gains unfairly or unlawfully.,swindler,,,O
omushomesa,n,a person whose job is to teach someone a lesson or instructions so that he or she knows how to do something.,teacher,,,O
omushomesa-kazi,n,a female teacher.,mistress,,,O
omushomi,n,a person who understands or takes in the meaning of written or printed words or symbols.,reader,,,O
omushomi,n,a person who speacks loud the words of something written or printed.,,,,O
omushomi,n,a person who believes in God and attends church services.,religious person,,,O
omushomi,n,a person who steals cows.,cattle thief,,,O
omushomo,n,a course of study arranged to either last a short time or a long time leading to a certificate.,course,,,O
omushonga,n,"a sharp or severe pain that normally attacks the chest, eye, ear, stomach, head etc.",sharp pain,,,O
omushonga,n,"a plant that grows in the banana plantation and is sometimes grown by people, believed to prevent epilepsy and has a sharp smell.",herb,,,O
omushongashongi,n,a plant or herb whose leaves are eaten for great enjoyment. It is also medicinal.,,,,O
omushongi,n,liquid honey with a very pleasant taste.,honey,,,O
omushongore,n,"one who has good manners, respect for others and known by people for that.",polite person,,,O
omushono,n,secret powers that people believe can make a strange thing that seem imposible to happen if one says or does special things.,,,,O
omushono,n,The art of doing tricks that seem impossible in order to entertain people.,,,,O
omushooro,n,young millet stalks.,,,,O
omushoro,n,a compulsorypayment to government so that it can pay for public services.,tax,,,O
omushoromerezi,n,someone who picks green vegetables.,vegetable picker,,,O
omushoromi,n,"someone who gathers, collects, picks crops especially coffee and tea.",picker,,,O
omushoroorwa,n,large maggot that lives in rotten truncks of trees and are also found in grass thatched houses (roofs) especially during the rainy season.,lavae,,,O
omushorooza,n,someone who gathers money or a charge that is charged by the government or its domains from persons of different categories for support of that government.,tax collector,,,O
omushororongo,n,"a row of people, things, words, etc on a page.",line or verse,,,O
omushozi,n,a raised area or high hill.,mountain,,,O
omushu,n,a tree whose bark prevents cough and normally grows in a forest and is very sour.,,,,O
omushu,n,a young hen that has not started laying eggs.,pullet,,,O
omushubiro,n,a child that is born second in a family.,second born,,,O
omushubyo,n,Milk of the second milking. After the first round you may feel that there is still some milk you have left in the udder.,,,,O
omushugunguru,n,"a device for catching and holding any of the numerous small rodents that characteristically have a pointed snout, propotianately small ears and a long narrow almost hairless tail that live in peoples houses especially in holes they make there and destroy peoples property and materials.",mouse trap,,,O
omushukiso,n,a wide mouthed tube used for pouring liquids into the container with a narrow neck.,funnel,,,O
omushuma,n,a person who steals from another person or takes away their things without concent.,thief,,,O
omushuma,n,"a person who desire for more food, money, power than he really need and does not like to share with others.",a greedy person,,,O
omushumankuzi,n,a person who is fond of taking bribes and at the same time corrupt.,corrupt person,,,O
omushumba,n,someone who is paid for looking after someone else.,slave,,,O
omushumba,n,a person emplyed to look after cattle.,,,,O
omushumba,n,a leader of christian group or church.,pastor,,,O
omushumbakazi,n,a female person owned by someone and has to work for him or her without pay.,a famale slave,,,O
omushumiko,n,anything worn around the waist and has knots especially worn by old women as belts or sash.,girdle,,,O
omushumiko,n,anus,anus,,,O
omushunguru,n,a grass specie.,,,,O
omushunju,n,a meat like strugture above the beak of male birds that is red in colour.,crest,,,O
omushununuko,adj,to leave it to roll or pitch suddenly or erratically as a ship as it docks.,,,,O
omushuraibiba,n,"any of the various nocturnal birds that looks like an owl, that makes a sharp sound at night and is common in Europe.",night jar,,,O
omushure,n,"a small bird with a long beak, tail and destroys people's crops.",shrew,,,O
omushurunguru,n,a rat trap made of wooven glass.,,,,O
omushuubuzi,n,a person who does business of buying and selling goods.,trader,,,O
omushuuguugu,n,"a rough and disorderly person (ruffian, rowdy).",rascal,,,O
omushuuhuuki,n,"someone who leaves a country, area or a region to settle into another.",emigrant,,,O
omushuura,n,a creeping plant that grows especially in vallies whose leaves are used as herbs to prevent stomachache and are very sour with a small creeping stem and leaves that are circular from and a small gap where the leaf stalk starts from.,,,,O
omushuuzi,n,"someone who has the responsibility of looking after a lonely place, he doesnot leave in the place, he only checks if its safe.",guard,,,O
omushwa,n,an insect that live in colonies that have a complex social organisation.,ants,,,O
omushwa,n,a young hen.,pullet,,,O
omushwashumi,n,someone who cheats someone elses money.,swindler,,,O
omushwija,n,a disease with an arbnormally high body temperature caused by female anopheles mosquitoes.,malaria,,,O
omushwijumi,n,"a person who inspects or scruitinies in details to determine the qualifications, ability, knowledge, etc by testing or questioning.",an examiner,,,O
omushwino,n,a small hole in an ant hill.,,,,O
omusi,n,one of the tubes in the body that carries blood from the heart to all parts of the body.,vessel,Omwana wangye aitemire omusi gw'omukono.,My child cut his hand's vein.,O
omusi,n,a person who presses and breaks something into powder.,grinder,,,O
omusiba,n,"thick, sticky mingled millet that is ready for serving and has been properly organised in the mingling pot.",mingled millet,,,O
omusibaazo,adj,to move or stand unsteadily as if under great weight or due to weakness.,,,,O
omusibe,n,a person held in custody or deprived of freedom of action or expression due to a crime done.,prisoner,,,O
omusigazi,n,a male child or young man who is not yet married.,boy,,,O
omusigi,n,a member of one of the clans among the Bakiga who lives in Mpororo. Some used it as a vow.,,,,O
omusigire,n,a person who acts on behalf of his superior.,care taker,,,O
omusigirwa,n,someone who has been temporarily assuming the duties or authorities of another person.,acting,,,O
omusiiba,n,a wide and deep wound especially on the leg of a person.,septic wound,,,O
omusiiga,n,a wide and deepened wound.,,,,O
omusiisi,n,"someone who does something that is contrary to conscience, law or custom.",wrong doer,,,O
omusiisi,n,A person who breaks religious or moral law.,sinner,,,O
omusiita,n,someone who belongs to the Basiita clan and who guards a royal drum.,,Omusiita wa Ankore bamugabeire emotoka nungi.,The guard of Ankole royal drum was given a very nice car.,O
omusikamoori,n,a tree that fall off or shed at the end of the growing season (deciduous) that grows especially in the mediterranean type of climate (Eastern North america) with lobed leaves very tall and ball like seed clisters.,sycamore,,,O
omusikautu,n,someone or something sent out to gather information especially in preperation for military action.,scout,,,O
omusikizi,n,a plant specie that usually grow in flat areas and farm lands.,,,,O
omusiko,n,a type of cry by the bride when she is going to get married.,cry,,,O
omusikuzi,n,untrustworthy person.,,,,O
omusikye,adv,being near something or someone.,,,,O
omusikye,n,someone who has married a person of a higher rank.,,,,O
omusimaari,n,a small pointed piece of metal hammered in a material as a fasterner.,nail,,,O
omusimaari,adj,a very small and tall person.,,,,O
omusimbi,n,alluvial soils.,,Eitaka ry'omusimbi nirimatisa efuka.,Alluvial soils stick on the hoe.,O
omusimeeno,n,a hand or power saw used for cutting hard materials.,saw,,,O
omusimi,n,someone who scraps hides or saves them from loss or destruction.,,,,O
omusindansi,n,"a period of time, turn, step, etc.",,,,O
omusindiizi,n,someone who forces a cow to suckle.,,Omusindiizi encwamutwe emutaire omugyere arikugyenkyereza.,The calf kicked him when he was forcing it to suckle.,O
omusindiki,n,Someone who moves or drives ahead objects or other people.,pusher,Omusindiki ayambire abantu baingi.,The pusher has helped many people.,O
omusindo,n,the sound of footsteps.,footstep,,,O
omusinga,n,newly unbaked pot.,,,,O
omusinga,n,a shrub used for cleaning teeth.,,,,O
omusingasinga,n,a plant species.,,,,O
omusingo,n,a person of the basingo clan found in Ankore and Kigezi.,,,,O
omusingoozi,n,a person whose work is to clean rooms using brooms.,sweeper,,,O
omusinguzi,n,"a victorius person in a fight, battle, contest or struggle.",winner or victor,,,O
omusingye,n,the base or part of a building or wall below the ground.,foundation,,,O
omusino,n,a small cylindirical organ that forms part of the external female reproductive system.,clitoris,,,O
omusinzi,n,a person who drinks a lot of alchohol.,drunkard,,,O
omusipi,n,a long narrow piece of leather or cloth worn around the waist..,belt,,,O
omusiraamu,n,the one who believes in Islamic faith.,muslim,,,O
omusiri,n,"a fertile well cultivated land used for growing flowers, vegetables and fruits.",garden,,,O
omusiriira,n,an injury or black element on (a wood) something caused by exposure to heat or fire; a mark left on something as a result of being burned.,burnt substance,,,O
omusiringanya,n,the outer part of the stem of elephant grass that is too sharp for cutting after it has been removed from the main stem.,elephant grass,,,O
omusisa,n,a series of waves or vibrations in the crust of the earth caused by sudden shifting of the rock under the great strains along geological faults and by volcanic action.,earth quake,,,O
omusisa,n,a bunch of bananas.,,,,O
omusitaari,n,a long thin continuos mark made on paper by pen or pencil.,line,,,O
omusito,n,a long metal or wooden pin used to suspend food while cooking.,skewer,,,O
omusizi,n,a tree with a substance as a gum or wood that burns with a pleasant odour.,incensent tree,,,O
omusizi,n,excretory opening of the alimentary canal.,anus,,,O
omusoomi,n,one who dances.,dancer,,,O
omusoomo,n,according to or being traditional in dancing.,traditional dancing,Bakateera omusoomo barikwakiira mukuru w'eihanga.,They danced the traditional dance when receiving the president.,O
omusoomoro,n,a rough tree whose leaves are used as sand paper to smoothen the rough things like timber.,,,,O
omusoorooza,n,a small thornless plant with small white pea like flowers and leaves like acacia or jacaranda.,,,,O
omusosorodooti,n,atitle for a priest in the Roman Catholic church.,catholic priest,,,O
omusuusi,n,the one who slashes the compound or cuts down the bush.,,,,O
omusya,n,someone new in an area or place.,fresher,,,O
omusyasya,n,any first hand item that is bought.,,,,O
omusyaza,n,tall thorn-tree.,,,,O
omusyo,n,a cutting instrument consisting of a sharp blade with a handle used in cutting.,knife,,,O
omutaagiiro,adv,walking with legs spread especially when one is sick or suffering from a disease that does not allow him to walk properly e.g syphilis.,,,,O
omutaago,n,to fall sick and reach an extent of dying.,being painfully sick,,,O
omutaagurizi,n,one who dances traditionally by jumping up.,dancer,,,O
omutaaha,n,a wild tree with red berries.,,,,O
omutaahi,n,a person who lives or is located near another.,neighbour,,,O
omutaahira,n,a parasite that feeds on human blood under the feet when it is still young.,young jigger,,,O
omutaako,v,"decorated things covered by beads that were taken to kings as gifts such as walking sticks, bungles, etc.",,,,O
omutaano,n,someone's greatness due to his or her deeds.,,,,O
omutaanyaguzi,v,someone who goes to every place with no reason.,a rioter,,,O
omutaanyo,n,the practice of being proud especially with girls of eighteen years and below.,being proud,,,O
omutaari,n,a long spear.,spear,,,O
omutaasyo,adv,a time when cattle come back home in the evening.,,,,O
omutaate,n,a wild tree with a yellow stem when the barck is removed and people make hoe handles from its stem.,,,,O
omutaayaayi,n,one who visits the other.,visitor,,,O
omutaba,n,a narrow trench dug in gardens or banana plantations to hold running water.,,,,O
omutabaazi,n,a person who visits another person or place.,visitor,,,O
omutabaazi,n,a person who makes aformal complaint against somebody especially in court.,"accuser, plaintiff",omutabaazi weeye akanga kumusasira.,his accuser refused to forgive him.,O
omutabani,n,a person's male child.,son,,,O
omutabizi,n,the person who cultivates land.,cultivator,,,O
omutabungwa,n,a coffee plant.,,,,O
omutabuzi,n,the person who disorganises others.,,,,O
omutagara,n,"a short tree with a dark green stem, big leaves. It normally grows in banana plantations and has triplex sub branches and it is very weak.",,,,O
omutagata,n,food that is a bit warm but not hot or cold.,,,,O
omutagatago,n,the underneath part of a cow that holds the teats and bears milk.,udder,,,O
omutahatsi,n,a person who likes to carry many things at once.,,,,O
omutahe,n,local beer made from ripe bananas that has just fermented and is still warm.,,,,O
omutahimbwa,n,a strong metal made from iron ore.,iron bar,,,O
omutaho,n,conical container with a tube at the bottom used to pour liquid or other substances into a small mouthed container.,funnel,,,O
omutaju,n,milk drunk in the absence of the one who usually drinks it.,,,,O
omutaka,n,a person who lives in the same village with another.,village mate,,,O
omutaka,n,a device for protection against rain hot sun.,umbrella,,,O
omutakaatako,n,,,,,O
omutamba-byona,n,a type of thrub which is thought to cure all diseases.,,,,O
omutambizi,n,a person who cures people of illnesses and diseases using natural powers and traditional medicine.,healer,,,O
omutambo,n,The usefulness of something.,,,,O
omutana,n,acollection of things hold or fastened together.,bundle,,,O
omutanagi,n,a person whose job is making arrows.,arrow-maker,,,O
omutanda,n,a full stretch of iron sheet before it is put on the roof of the house.,,,,O
omutanda,n,a garment that is wrapped around the body before it is fastened.,wrapper,,,O
omutangirizi,n,a person who welcomes others in their homes or at functions.,hopitable person,,,O
omutango,n,sum of money imposed as a penalty for an offense.,fine,,,O
omutangye,n,ripe bananas that are squeezed to get juice out of them.,,,,O
omutanyango,n,a situation where a person is proud and cannot settle down all the time.,pride,,,O
omutara,n,cattle disease.,,,,O
omutara,n,infertile land which is not good for growing crops.,,,,O
omutarabanda,n,wooden sandles.,,,,O
omutarasho,n,a quick move to escape something.,,Enjura ku yaizire twateera omutarasho.,We ran quickly as soon as it started raining.,O
omutare,n,a wonderer.,,,,O
omutariko,n,meat that has been roasted.,smoked meat,,,O
omutatembwa,n,a tree species with big leaves and a thorny stem and blances.,,,,O
omutavu,n,a female young one of a cow.,calf,,,O
omuteburo,n,leaves of beans that are picked from their plants and used as sauce.,,,,O
omuteburo,n,the sport of fighting by grappling and trying to bring one's opponent to the ground.,wrestling,,,O
omuteeberezi,n,someone who likes estimating or guessing or telling things right by suppossing without sufficient information to be sure of being correct.,guesser,,,O
omteebi,n,a person who shoots directly in the goal.,striker,,,O
omuteeganda,n,a person that fulfills his duties and does his work properly without leaving any work undone.,hard working person,,,O
omuteegi,n,one who cuts hair in a saloon.,hair cutter,,,O
omuteego,n,"a bad spell, words or actions that make bad things happen.",,,,O
omuteeko,n,a heap or bandle of something.,"heap, bandle",,,O
omuteerani,n,a person who tries to get agreement between people or groups who disagree wit each other.,mediator,,,O
omuteete,n,a spiny evergreen grass native to tropical countries widely cultivated for grazing animals.,lemon grass,,,O
omuteeyamba,n,a person who is always unwilling to work or be active.,lazy person,,,O
omuteezi,n,a disease in human beings which normally affects the veins and causes them to pain especially when one has overworked and veins are tired.,,,,O
omuteezi,n,"neuralgia, a swelling, player striker, multiplier, surveyor, gambler.",,,,O
omutego,n,a device for catching animals.,trap,,,O
omutegyeki,n,a person who leads or governs others.,governor or leader,,,O
omutemere,n,hid of beehive made of banana fibres and is round.,,,,O
omutemo,n,an amount that is set up that one has to fulfill.,potion,,,O
omutereezi,n,somebody who arranges or puts things in place in the right order and at the right time.,organizer,,,O
omuteruzi,n,a person who lifts heavy loads for money.,,,,O
omutiba,n,a brick making tray.,,,,O
omutima,n,the organ in animalsa and human beings that pumps blood into the whole body.,heart,,,O
omutima,n,someone's good or bad behaviour.,character,,,O
omutima gw'ensi,n,a red non-flowering plant with very bad smell a few days after it has sprouted.,,,,O
omutinkimo,n,being very sturbon and wanting to belong to every group or everywhere.,,,,O
omutirimo,n,playing around especially when satisfied after eating.,,,,O
omutobe,n,a mixture of different things that is had to seperate eg different kinds of flour.,,Baine omutobe gw'esaano y'oburo n'obuhunga.,They have a mixture of millet and maize flour.,O
omutoha,n,bean's soup.,,,,O
omutondozi,n,a person who removes banana from its peelings in preparation for squeezing.,,,,O
omutonganwa,n,a tree pleant for a kind of egg plants that are eaten as fruits when ripe.,,,,O
omutoohoro,n,medicine given to a baby through the anus when its stomach is hard to ease the digestive system.,enema,,,O
omutoomoore,n,a very tall person.,giant,,,O
omutoorane,n,one who has been selected from the others to perfom a specified activity.,the chosen or sorted one,,,O
omutoozo,n,a short small piece of wood used for cleaning teeth.,tooth pick,,,O
omutoro,n,a set of things having some attribute in common.,,,,O
omutoroogo,n,a certain animals disease associated with abortion.,contageous abortion,,,O
omutorotoozi,n,a picker of things like cereals etc.,,,,O
omutugi,n,someone who bribes people to get what he wants.,,,,O
omutugi,n,someone who strunggles people with an aim of killing them.,,,,O
omutunda,n,a heap of millet.,,,,O
omutunda,n,a yellow balled bush plant.,,,,O
omutunda,n,plant of passion fruits.,,,,O
omutunga,n,"a thorny wild plant used to make fences, and it stops animals fro destroying crops.",medicine,,,O
omutunga,n,rain water that runs off into a valley o r rivers.,,,,O
omutunguro,n,shaking with cold due to illness.,shiverish,,,O
omuturika,n,a tree species.,,,,O
omuturubwita,n,half cooked food.,,,,O
omutuuko,n,an act of tying something tightly.,,,,O
omutuumo,n,a heap of things.,,Baamuha omutuumo gw'emyenda kwozya.,They have given him a heap of clothes to wash.,O
omutwara-ngoma,n,somebody who has or is to take the mantle ofleadership.,,,,O
omutwaranizi,n,a person who does not give up.,,,,O
omutwe,n,"the part of the body on top of the neck that contains the eyes, ears nose mouth and brain.",head,,,O
omutwe-gwa-mpererayo,phr,to go somewhere and you take long to come back.,delay,,,O
omutyobero,n,a very tall person.,,,,O
omuvumba,n,saliva of the cow.,,,,O
omuvuyi,n,a person in a considerable state of business known to be active in connecting other people or helping them in solving their business problems.,dealer,,,O
omuyego,n,"a highly contegious viral infection of respiratory system that cause fever, severe aching, etc and often occuring in epidemics.",influenza,,,O
omuyogoozi,n,"a talkative person usually, who creates a lot of noise.",,,,O
omuyonga,n,grey or black powder that is left after something has been burnt.,ash,,,O
omuyovu,n,a tree species.,,,,O
omuyoya,n,"a short billed gregarious wading bird, typically found by water but sometimes frequenting grassland, tundra and mountains.",plover,,,O
omuzaabibu,n,a small green or purple fruit that grows in bunches of climbing plants called vines.,grape,,,O
omuzaahe,n,a person forced to live outside his or her country especially for political reasons.,an exiled person,,,O
omuzaahuuzi,n,a person who rescues another from a dangerous or difficult situation..,savior,,,O
omuzaana,n,,,,,O
omuzaani,n,a person who takes part in a game or sport.,player,,,O
omuzaanirizi,n,one with no side in a play [one who plays on both sides].,,,,O
omuzaano,n,an activity done for entertainment purposes.,game or sport,,,O
omuzaarisa,n,a person especially a woman who is trained to help womengive birth to babies.,midwife,,,O
omuzaaza-numi,n,"a tree that grows usually near the paths with a shorter height, with leaves like that of a mango tree.",,,,O
omuzahambuko,n,a state of being too quick to react violently.,hot temper,,,O
omuzaire,n,a person's father or mother.,parent,,,O
omuzaire,n,a person who promises at a christian baptism to be responsible for the child and teach them about the christian religion.,God parent,,,O
omuzaituuni,n,a tree on which olives grow.,olive tree,,,O
omuzambaaro,n,astate of confusion.,,,,O
omuze,n,an evil ог immoral behaviour associated with somebody's character,habit,,,O
omuzi,n,part of the tree that grows under the ground.,root,,,O
omuziga,n,a drop of liquid that comes out when one cries.,tear,,,O
omuziga-ngoma,n,"a tree species with large branches, oval shaped leaves usually planted in farms or compunds to provide shades.",,,,O
omuzigangore,n,A wild tree specie that has small leaves used as medicine.,,,,O
omuzigiti,n,a building in which moslems play from.,mosque,,,O
omuzigo,n,a colourless type ofnof fuel used for lighting.,"paraffin, kerosine",,,O
omuzigo,n,one roomed house.,room,,,O
omuzigu,n,a person who hates somebody.,enemy,,,O
omuziika-manzi,n,a lot of alcohol swallowed at once.,,,,O
omuziko,n,a type of tree with broad leaves that usually grows at the source of water.,,,,O
omuzimbwe,n,great energy or enthusiasm to do something.,zeal,,,O
omuzimu,n,the unseen spirit of a dead person that a living person believes that he can see or hear.,ghost,,,O
omuzindaaro,n,a device for making the voice louder when one speaks.,microphone,,,O
omuzindi,n,a heap of dung.,,,,O
omuzinga,n,a large group of insects especially bees.,swarm,,,O
omuzingangoma,n,a traditional ruler..,king,,,O
omuzingo,n,a long piece of cloth wrapped around itself several times.,roll,,,O
omuzingoonya,n,banana leaves' midrib.,,,,O
omuzini,n,"a person who sings or dances, or whose job is singing or dancing.",dancer,,,O
omuzinzi,n,the action of driving back an attacking force or being driven back.,repulse,,,O
omuzirimuko,n,a short visit paid.,,,,O
omuziro,n,"a traditional or religious custom that does not allow people to do, use or talk about a particular thing or item.",taboo,,,O
omuzizi,n,a quantifiable work done in a single day.,a day's work,,,O
omuzo,n,a walking stick that one usually goes with when moving.,stick,,,O
omuzuzu,n,a small tree used in making sticks and mallets.,,,,O
omwa,adj,"Talking in refference to somebody's belongings ie the inside of them eg in his family, home, shop, etc.",in his or hers,,,O
omwabo,adv,Refering to other people's household.,,Entebe ezi tuziihire omwabo.,We got these chairs from their house.,O
omwaga,n,being a violent and always being associated with agressive behavour.,Ferocity,Omukazi we aine omwaga omu baana.,His wife has got ferocity with the children.,O
omwagazi,n,a young female goat or sheep.,female animal,,,O
omwahure,n,a religious leader in the Anglican church.,Pprotestant Reverand,,,O
omwahwa,n,a very small cluster of plantation.,,,,O
omwaka,n,the period from 1st January to 31st December.,year,,,O
omwaka,n,new harvest.,,,,O
omwakiizi,n,a person whose job is to welcome people arriving at a function.,receptionist,,,O
omwaku,n,a long pipe like stretched part of the elephant's body from the head that it uses to pick food and water.,elephant's trunk,,,O
omwambato,adj,a very long and big foot.,,"Ahabw'okugira omwambato gw'ekigyere, akaburwa enkaito y'okujwara.","Due to his very long and big foot, he failed to get a shoe to put on.",O
omwambuzi,n,a person who takes property from somebody or place illegally sometimes involves killing.,rbber,,,O
omwami,n,"master, husband chief.",Mr,,,O
omwamuzi,n,a person who can use magic to divert rain to another place.,rainstopper,,,O
omwana,n,a young person who is not yet an adult.,child,,,O
omwana gw'eriisho,n,the small round black area at the centre of the eye.,pupil,,,O
omwanda,adj,untideness.,,Enju ye eba omwanda.,His house is usually untidy.,O
omwangaazima,n,a curved band of different colours that appears in the sky when the sun shines through rain.,rain bow,,,O
omwangaazimu,n,,,,,O
omwangangye,n,a large wading bird with a long neck that is found in lakes and swamps.,ibis,,,O
omwangangye,n,a large white or brightly coloured flower with petals that curl back from the centre.,Lily,,,O
omwangangye,n,very small white sports on the face.,,,,O
omwangi,n,a person who does not like another person or hates something.,hater,,,O
omwangizi,n,a person who is always unhappy or angry because of another person's success.,jealous person,,,O
omwango,n,a door frame.,,,,O
omwani,n,coffee.,,,,O
omwaniko,n,something put to air or light with the aim of getting it dry.,exposure,,,O
omwaniko,n,put someones hidden character in an open for other people to see.,,,,O
omwanjagiro,n,a state where one is confused and is not sure of what is right or one is not sure of everything aroung him or her.,,,,O
omwanjami,n,a person who talks about others.,backbitter,,,O
omwanjuki,n,absent minded person.,,,,O
omwanjuko,n,a state of having a serious mental illness.,madness or insernity,,,O
omwano,n,a younger flower/fruit of bananas that is not yet ready for consumption.,,,,O
omwanya,n,period of time.,,,,O
omwanya,n,position got in class after sitting for examinations and getting ranked according to perfomance.,,,,O
omwanya,n,instead of.,,,,O
omwaraara,n,a flat and plain place.,,,,O
omwaransi,n,a flat land big enough and free from hills.,,,,O
omwarikiro,adj,something that lays flat and smooth.,,,,O
omwariko,n,beans which have produced the second leaves after germination.,,,,O
omwarikye,n,a well laid place usually with grass.,,,,O
omwariro,n,grass spread for sitting on.,,,,O
omwaro,n,an area that borders a water body where ships dock.,"port, harbour",,,O
omwaruuro,n,material like grass that are put in a garden or plantation to cover the soil and improve the quality of soil as they decay.,mulch,,,O
omwata,n,a wild plant that grows where it is not wanted.,weed,,,O
omwatangabo,n,end of an arrow.,,,,O
omwatano,n,a real or imaginary line that marks the limits or edges of something and seperates it.,boundary,,,O
omwate,n,millet or sorghum cake.,,,,O
omwatse,n,a piece of wood split from a log.,,,,O
omwayi,n,a thief who normally takes whatever they come across especially petty things.,,,,O
omwebaraganyo,n,a situation where empty things or utensils hit each other and create a certain noise.,,,,O
omwebazyo,n,the time of the day between afternoon and dark especially from 4pm to 7pm.,evening,,,O
omwebembezi,n,a person who heads a group of peaple.,leader,,,O
omwebindo,adj,to close ones legs so as to sit properly.,,,,O
omwecurengi,n,one who is restless and serious in what he or she is doing.,,,,O
omwefuuzo,n,"feeling so sad, repentant or disappointed over something that has happened or has been done especially a loss or missed property.",,,,O
omwefuuzo,n,a wild tree with long breast like fruits or ponds and red flowers.,,"Bakaba bakira kutiinisa abahara ngu baacwa ebijuma by'omwefuuzo, nibamera amabeere maraingwa.","They used to scare girls that if you pick friuts of this tree, you grow long breasts.",O
omwegande,n,a lazy person.,,,,O
omweganzi,n,one who intetionally pretends to be lazy.,,,,O
omwegi,n,"a person who attends a schoool, college or university amd studies something.",student,,,O
omwegiragye,n,a conceited person.,,,,O
omwegizo,n,refusing to do something pretending not to know how to do it.,,Naamanya kuhaata ebitookye kwonka aine omwegizo.,She knows how to peel matooke but she pretends not to be knowing.,O
omwegonozo,n,sweet food eaten at the end of a meal.,disert,,,O
omwegonozo,n,a drink.,,,,O
omwegoojooro,n,doing things in a very slow way or slaggishly.,,,,O
omwegungye,n,"a person who gets annoyed, stops talking with others and also keeps away from others.",,,,O
omwegyego,n,bank of a water body.,,,,O
omwegyemure,n,a large amount of water covering an area due to a heavy rain.,floods,,,O
omwegyenderezi,n,a careful person.,,Okumanya ngu n'omwegyenderezi ebi arikuhandiika tarikubisharamu.,To know that he is a careful person he does not cancel what he writes.,O
omwegyengye,n,a person who is rebellious and cannot be sent for something and accept.,rebel,,,O
omwegyengye,n,,,,,O
omwegyesa,n,a person whose job is teaching especially in school.,teacher,,,O
omweharanganyo,n,unnecessary noise.,,Omwana we nakunda omweharanganyo omu kibina.,Her child likes making unnecessary noise in class.,O
omwehemahemo,n,a state of having little food to eat when you are many on one eating place.,,,,O
omwehenengi,n,a person who works very hard and assures that every task is fulfiled in a proper way.,hard worker,,,O
omwehotooro,n,not being direct either in speech or movement.,,,,O
omwehuriro,n,feeling that you are better and more important than other people.,pride,,,O
omwejwera,n,red colour seen in eyes after a foreighn object lands in it.,,,,O
omwekambi,n,a hard working person.,,,,O
omweko,n,a long narrow piece of fabric leather etc that women wear around the waist.,belt,,,O
omwekorezi,n,someone who carried things on his or her head or shoulder.,,,,O
omwekuniko,n,showing off what one is or has in public.,,,,O
omwema,n,God parent,God parent,,,O
omwema,n,a person who accepts responsibility if somebody else does not pay a debt or appear in court.,surety,,,O
omwemamuro,n,"the act of opening the mouth wide and breath in deeply through it, usually because of being tired, hungry or bored.",yawning,,,O
omwemanyo,n,,,,,O
omwemezi,n,a person who sees something happen and is able to describe it to other people.,witness,,,O
omwenaanuuro,n,the act of being slow whe doing something.,being slow,,,O
omwenda,n,a piece of cloth.,,,,O
omwengi,n,a person who brews alcohol.,,,,O
omwengye,n,local beer brewed from bananas among the Banyankore.,,,,O
omwengyengye,n,a person living in a society but he does not belong to that society.,,,,O
omwenyi-mushaija,n,a medicinal plant.,,,,O
omwera,n,skin which is not oiled.,,,,O
omwerande,n,a type of sweet potato that grows where others have been harvested.,,,,O
omwereegareego,n,pretending to be what one is not or to do what one cannot afford.,,,,O
omwereere,n,a very young child.,new born,,,O
omweremwa,n,,,,,O
omwerera,n,milk that has been mixed with water.,diluted milk,,,O
omweriisaguzo,n,a habit of eating this and the other all the time.,glutony,,,O
omweringiito,n,being or feeling proud all the time in public.,pride,,,O
omweryo,n,,,,,O
omweshezi,n,a person whose job is to give water to cows.,cattle waterer,,,O
omwesho,n,a kind of board game where there are different holed and players keep rotating seeds in those holes.,board game,,,O
omweshungi,n,a person who behaves in a playfully bad way.,naughty person,,,O
omweshungo,n,,,,,O
omwesindagye,n,a medicinal plant.,,,,O
omwesyamuro,n,the act of passing out air loudly through the nose.,sneeze,,,O
omwetango,n,a kind of plant with smaller leaves usually used as a herb to counteract an anticipated bad omen.,,,,O
omwete,n,a local medicine that is pounded and mixed in vaseline by women for the attraction of men they want to have.,,,,O
omwete,n,"a quality of mind or spirit that enables one to face danger with that confidance resolution and from control of oneself, bravely, valor, etc.",courage,,,O
omwetegyeki,n,an indepent minded person.,,ku yaaherize kushoma yaba omwetegyeki.,after his studies he became indepent.,O
omweto,n,vocation,vocation,,,O
omwetsindagye,n,a plant used for perfume.,,,,O
omwetsyamuro,n,,,,,O
omwetwereero,n,a habit of getting involved in conversations or issues which do not concern you.,,,,O
omweyangye,n,fine powder usually yellow that is formed in flowers and carried to other flowers of the samer and by wind or insects to make those flowers produce seeds.,pollen,,,O
omweyayamuro,n,,,,,O
omweyera,n,a rat's track.,,,,O
omweyeso,n,the cut grass that is tied and used to remove cow dung from the kraal.,krall broom,,,O
omweza,n,newly harvested millet seeds or millet bread.,,,,O
omwezi,n,"any of the twelve periods of time into which a year is divided and it is always with 30 and 31 day e.g May, June, etc.",month,,,O
omweziga,n,pounded millet or soghurm chaff.,,,,O
omwezigooro,n,a place where two or more roads meet forming a circle and all the traffic must go around in the same diretcion.,round about,,,O
omweziriki,n,a hard working person.,,,,O
omweziriko,n,a mark left by a tight gridle.,,,,O
omwibi,n,a person who steals something from another person.,thief,,,O
omwigarire,n,a young daughter of a king in Ankole.,princess,,,O
omwigi,n,a person who uses herbal powers to influence the rain: either to rain or not.,rain maker,,,O
omwigo,n,a disease of of the inflamation of the neck due to lack of iron in the body.,shovel,,,O
omwiguto,n,a high level of satisfaction.,satisfaction,,,O
omwiha,n,a stingy part of a cow's blood.,,,,O
omwihura,n,a local medicine pounded and mixed in water to cure stomache.,,,,O
omwihuza,n,a person who asks for payment of his debt.,debt collector,,,O
omwihwa,n,a child born to your sister.,nephew or niece,,,O
omwihwakazi,n,niece,niece,,,O
omwijaija,n,a person who has recently joined the armed forces or police and is not yet trained.,recruit,,,O
omwijaija,n,a person who has recently arrived in a place or started an activity.,new comer,,,O
omwijukuru,n,a child born to a person's child.,grandchild,,,O
omwijukuruza,n,a child of your grand child.,grand grand child,,,O
omwijuzo,n,pouring something in form of a liquid or solid material and it over flows the container in which it is being poured.,overflow,,,O
omwijuzo,n,a day or old name for Friday as the last day of the week.,rets,"Omu bunyakare, abantu abingi Orwakataano bakaba barweta omwijuzo.","Historically, people used to call a Friday rets.",O
omwika,n,"the grey, white or black gas that is produced by something burning.",smoke,,,O
omwika,n,the air that is put n tyres or balls.,pressure,,,O
omwikazi,n,one who stays in one place.,,,,O
omwikizi,n,"a person from the Abaikizi clan, found in Ankole and Kigezi.",,,,O
omwiko,n,a small hand held tool with a flat pointed blade used to apply and spread mortar or plaster.,trowel,,,O
omwina,n,a hollow space found or dug in something solid or in surface of something.,hole,,,O
omwinaro,n,,,,,O
omwinazi,n,"an evil, unpleasant and annoying person.",wretch,,,O
omwingi,n,a person who has a lot of money and property.,rich person,,,O
omwinginya,n,a son of s king in Ankole.,prince,,,O
omwiniko,n,a piece of equipment for catching animals and birds.,,,,O
omwiniro,n,a kind of strong wind.,,,,O
omwino,n,elephant task.,,,,O
omwinukiriro,adj,last piece of work done as one prepares to leave.,,,,O
omwinuro,n,a bottom rim of basket.,,,,O
omwiraguju,n,a black person; an African.,,,,O
omwirima,n,the state of having no light.,darkness,,,O
omwiririzo,n,time after the normal time of doing something in the evening usually towards night.,,,,O
omwiru,n,a person belonging to the Abairu ethnic group of Ankole.,,,,O
omwirukazi,n,a mwiru female person.,,,,O
omwiruki,n,a person who is good at movingvery fast using his or her legs.,runner,,,O
omwishiki,n,a female human being before she is married.,"a girl, a lady",,,O
omwisi,n,a person who causes death to other people.,"a killer, murderer",,,O
omwisyo,n,the air that we take into the lungs and send out again.,breath,,,O
omwiteenwa,n,a person in a charge of milking for the king.,,,,O
omwitiro,n,smoke from a small pot used to produce a good scent in a milk pot.,,,,O
omwitizo,n,a stick used to smoke milking containers.,,,,O
omwituzi,n,funnel.,,,,O
omwitwanda,n,someone who greedily eats every now and then.,glutton,,,O
omwo,adj,reffering to inside the place besides or nearby you.,,Emboga zaawe ziri omu bakuri omwo.,Your sauce is in that bowl.,O
omwoga,n,talent.,,,,O
omwoga,n,"a skill, task or proffession.",,Abaana bangye boona bakashoma omwoga gw'obushaho.,All my children studied the medical profession.,O
omwohera,n,hair that is just beginning to grow a few days after shaving.,,,,O
omwohi,n,a person who decieves you with an intension of plunging you into problems.,,"Omukazi n'omwohi, otarimwesiga.","His wife is cunning, never trust her.",O
omwomoozi,n,a person who can mend brocken bones in the head.,,,,O
omwongo,n,a plant like pumpkin that produces calabash.,,,,O
omwongyezo,n,the act of being added something in addition to what you got before or giving supplements to others.,,,,O
omwonjobozi,n,one who hurls abuses at others.,,,,O
omwonkyerezi,n,the person who oversees calves as they breastfeed their mothers.,breast-feeding aidee,,,O
omwonore,n,being naked.,,,,O
omwonore,n,an infection of the penis.,,,,O
omwonyo,n,a substance that is put in food to give a better flavour.,salt,,,O
omwonyo gw'ente,n,shrub with salty taste leaves.,,,,O
omwonyo-gwa-muha,n,a medicinal tree species.,,,,O
omworekano,adj,a habit of people showing each other what they have.,,,,O
omworeki,n,a person who gives an audience what they see.,,,,O
omworeko,n,"a show, trade show, an exhibtion.",,,,O
omworo,n,a poor person a person who has very little money to meet the basic needs.,,,,O
omworo,n,a poor person.,,,,O
omworozi,n,a person who cares for another especially a child whose parents have died.,"caretaker, guardian",,,O
omwosho,n,an activity that is postponed or does not take place as scheduled.,"absentism, missing out",,,O
omwosi,n,a person roasts meat.,roaster,,,O
omwosya,n,the action of getting very angry in a short time.,temper,,,O
omwotero,n,that which women would sit on to clean up themselves i.e in order to smoke or perfume their private parts especially in marrige.,,,,O
omwotezo,n,a mixture of hurbs which women use to smoke themselves.,,,,O
omwojo,n,a male young child.,boy,,,O
omwoma,n,the feeling of needing or wanting a drink.,,,,O
omwombeki,n,a person whose job is to build houses.,builder,,,O
omwombezi,n,a person who uproots unwanted crops from the garden.,weeder,,,O
omwoya,n,the mixture of gasses that surround the earth.,air,,,O
omwoyo,n,the opening in a person's bottom through which solid waste leaves the body.,anus,,,O
omwoyo-orikwera,n,holly spirit.,,,,O
omwozi,n,a person who washes clothes.,,,,O
-ona,adj,the whole of something.,,Amaizi goona gareete.,Bring all that water.,-
ondiijo,pron,"another one, the other person.",,Bakakwata omushuma kwonka kndiijo we yaatoroka.,They caught one thief but the other one escaped.,O
onu,pron,demonstrative pronoun used to refer to a person near you.,this,,,O
oo,int,used for emphasis or when reaching to something that has been said.,oh,,,O
oraire gye,phr,"How have you slept, good morning.",salutation,Orairegye maama?,Goodmorning mother.,O
orikwera,adj,the holy one.,,,,O
oruba,n,either of the two bones at the bottom of the face that contain the teeth and move when we talk or eat.,jaw,,,O
oruba,n,a bundle of firewood.,,,,O
orubaaho,n,a long piece of wood used in building and making furniture.,furniture,,,O
orubaare,n,,,,,O
orubaare,n,small balls of ice that falls like rain.,hail storm/hail stone,,,O
orubabo,n,Fire flames.,,,,O
orubagano,n,what one gets after doing a collective work like slaughtering a cow.,share,,,O
orubaju,n,any of the curved bones that are connected to the spine and surround the chest.,rib,,,O
orubaju,n,the position or area to the left or right of something.,the side,,,O
orubaka,n,a bird-like animal that flies and feeds at night.,bat,,,O
orubambo,n,a short piece of wood used for holding things together or hanging them especially in drying things like hides and skins.,peg,,,O
orubanda,n,an ancient hero.,,,,O
orubanga,n,steep sides of a mountain on tall hills.,,,,O
orubango,n,a light spear thrown in competetive sport or as a weapon.,javelin,,,O
orubanja,n,a matter that is a subject of investigation related to offending one party by another.,case,,,O
orubaro,n,the process ofofficially counting someting especially a country's population.,census,,,O
orubata,n,millet bread left in a basket after a meal.,,,,O
orubazi,n,timber used for roofing.,,,,O
orubazo,n,a formal talk that a person gives to an audience.,speech,,,O
orubengo,n,a stone used for milling grains especially millet and sorghum.,millingstone,,,O
oruberera,n,a camp where people temporarily construct when doing a certain activity e.g. road construction.,,,,O
orubibi,n,"that which seperates two entities, eg two pieces of land.",boundry,,,O
orubimbi,n,a piece of weork to be done or undertaken.,task,,,O
orubindi,n,a large milk pot.,,Omwishiki waabaire ayekoreire orubindi akateerera yaagwa amate gayatika.,"The girl who was carrying a large milk pot slipped, fell and the milk poured.",O
orubingo,n,Pennisetum-Purpureum.,,,,O
orubisho,n,food or drink kept for a guest.,,Obu twagiire kutaayaaya Kashenyi bakatuha orubisho rw'enyama.,When we went to Kashenyi to visit they gave us food kept purposely for us comprising of meat.,O
orubombo,n,a medicinal plant usually too bitter.,,,,O
orubu,n,the time when somebody i a group of people should do or is allowed to do something.,turn,,,O
orububi,n,cream formed on boiled milk.,cream,,,O
orububi,n,a fine net of threads made by a spider to catch insects.,cob,,,O
orububura,n,tethering-rope.,,,,O
orubuga,n,a loo of a king in Ankole.,latrine,Tihaine ondiijo oza omu rubuga kwihaho omugabe.,No one else goes to the king's loo except himself.,O
orubugo,n,a cloth made out of wattle tree.,back cloth,,,O
orubumbiro,n,the floor of a fire place in a house and the area around it.,hearth,,,O
orubundabunzi,n,"a kind of small tree with small leaves, brown stalks and stem usually used in construction.",,,,O
orubungo,n,"a heap of something, e.g. cow dung.",,,,O
orubutuuro,n,a gift to a doctor when you want him to come to your house.,,,,O
orubwa,n,insolence.,,,,O
orucaca,n,a small piece of something e.g. meat.,,,,O
orucocori,n,a group of young ones of the same size.,,Orucocori rw'enyonyi rumariire oburo.,A group of young birds finished up my millet.,O
orucu,n,mist.,,,,O
orucuba,n,wooden dish/chamber especially for urinating in at night.,,,,O
orucurabembe,n,high jumb.,,,,O
orucurabende,n,each of a series of verticle frames that a person jumps over in a race.,hurdle,,,O
orucuramende,n,a contest in which people try to jump as high as possible over a high bar.,high jump,,,O
orucuucu,n,,,,,O
orucwamba,n,star grass.,,Omucwamba gukamutega arikwirusya embuzi omu kishaka.,He was trapped by a star gragg when chasing after a goat.,O
orufu,n,a period of mourning when someone has died.,funeral,,,O
orufunjo,n,a swamp or material used to make baskets.,papyrus reed,,,O
orufuro,n,a mass of very small air bubbles on the surface of a liquid.,foam,,,O
orufuufu,n,sand or mud that is carried by running water and is left at the mouth of the river.,Silt,,,O
oruga,n,a type of cane.,,,,O
orugaaga,n,a piece of jewellery worn around the waist or on arm.,bracelet,,,O
orugaara,n,"the edge on the opening of a pot,",,,,O
orugaga,n,spiral wire bracelet.,,,,O
orugamba,n,"a state of armed conflict between different nations, states or different groups within a national.",war,,,O
orugambiro,adj,"a central pole supporting the house where, normally the head of the family sat and directed the household activities.",,,,O
orugambo,n,a piece of information or story that people talk about but may not be true.,rumour,,,O
oruganda,n,a group of families that are related to one another by blood.,clan,,,O
orugando,n,a tree with sharp thorns that grows in dry tropical grasslands.,,,,O
orugano,n,hollow type of reeds that has hollow sections and big.,bamboo,,,O
orugaramiro,n,a chair that has a back to lean on.,,,,O
orugari,n,a winnowing tray made of natural material e.g. papyrus.,,,,O
orugezi,n,a behaviour of confusing people here and there especially by conning them.,,,,O
orugiitsire,n,an animal's stomach or throat.,maw stomarch,,,O
orugimbi,n,one of the two sticks used to produce fire.,,,,O
orugisha,n,magic worn in the waist that is used to control or protect something or someone.,charm,,,O
orugo,n,a type of fence or enclosure for domestic animals.,kraal,,,O
orugobe,n,girdle of beads or charms used by witchdoctors.,,,,O
orugobore,n,a wondering plant whose leaves are put in milk when chunning to speed up the process.,,,,O
orugogo,n,a small packet containing medicine used to catch leopards.,leopard trap,,,O
orugoona,n,"very simple plants with no real leaves, stem or roots which grow in or near water.",algae,,,O
orugoto,n,a rainbow like thing that sometimes surrounds the sun.,,,,O
orugoye,n,"material made by weaving especially from cotton, silk, linen etc.",cloth,,,O
orugoye,n,a thread like part of a bean plant that twists around any nearby support.,tendril,,,O
orugoyero,n,a hind part of lower arm that usually has small like rushes.,,,,O
oruguguna,n,a wingless blood sucking insect.,bed bag,,,O
orugunda,n,"large, hard skinned fleshy fruit of trailing climbing plant with inside soft, not eaten usually.",gourd,,,O
oruguru,adv,a contrast or opposite of down.,up,,,O
orugusyo,n,a broken part of a pot.,,,,O
oruguuto,n,a hard surface build for cars to travel on.,road,,,O
oruguzi,n,"a land sloping along each side of a river canal, land or earth sloping often forming a boader or division.",bank,,,O
oruguzi,n,a steep slope that seperates an area of a high ground from a lower ground.,escapment,,,O
orugyegye,n,"a place where witch doctors keep their materials, sit with their clients when nursing them.",,,,O
orugyegye,n,a place where milk pots are kept.,,,,O
orugyembagyembe,n,a stick of a plant specie used to make fire by rubbing on another piece of wood.,,,,O
orugyenderane,n,the porridge which is next to the dregs at the bottom of the container where they are concetrated.,,,,O
orugyendo,n,a distance travelled from place to place especially on land.,journey,,,O
orugyero,n,something used to measure qualities or the required degree of excellence.,standard,,,O
orugyezi,n,a piece of work that has to be done especially a hard and unpleasant work.,task,,,O
orugyezigyezi,n,,,,,O
oruhaburizo,n,,,,,O
oruhabyo,n,garden tool with a long hundle and a curved blade used for cutting small branches of trees.,billhook,,,O
oruhagara,n,a number of things of the same kind growing together closely especially of bananas.,cluster,,,O
oruhagi,n,one of the thin bars or long straight pieces of metal that connects the centre of a wheel to its outer edge e.g bicycle.,spoke,,,O
oruhago,n,a bag made of membranes in which urine collects in animal and human bodies before being passed out.,bladder,,,O
oruhanduura,n,a hairly catapillar with black stripes down the back..,,,,O
oruhanga,n,a stretch of land between ills and mountains often with a river flow through it.,valley,,,O
oruhara,n,having little or no hair on the head.,bald head,,,O
oruharo,n,public labour in shift.,,,,O
oruhayahaya,n,a smell from a he goat resulting from its sperms.,,,,O
oruhazo,n,a slope trench-like left between different plots of land.,,,,O
oruhembe,n,new moon.,,,,O
oruhembo,n,area around a homestead.,,,,O
oruhenda,n,a bushy forest.,,,,O
oruherere,n,a plant species.,,,,O
oruhi,n,hiting someone or something with a palm of the hand.,slap,,,O
oruhigura,n,a plant with hairly purplish leaves.,,,,O
oruhiija,n,a stone used by blacksmiths to make tools used for blacksmithing.,iron bar,,,O
oruhiira,n,a burnt ground or field especially a feild where they want to grow millet.,,,,O
oruhiiso,n,"ripen fresh seeds of plants like beans, peas, maize, etc.",,,,O
oruhinga,n,large waist at the back.,,,,O
oruhinzi,n,an infectious disease that makes a person weak and hot with running nose.,flu,,,O
oruhimbi,n,place for goats in a house.,goat stall,,,O
oruhoko,n,claim for a bride usually with use of bride price like cows that practiced in the past among the Banyankore.,stake,,,O
oruhoko,n,"a medicinal plant that someone takes when he or she is bewitched in order to vomit. When taken excessively, it is poisonous.",,,,O
oruhombwa,n,bush with small light green leaves.,,,,O
oruhoro,n,"beer that is no longer tasting fresh, or warm.",stale beer,,,O
oruhosho,n,the process of buying or using goods.,consumption,,,O
oruhosho,n,pointed iron digging tool.,,,,O
oruhu,n,"an animal's skin. they are sold and bought, used for making things like boots, shoes and others.",hide/skin,,,O
oruhumbu,n,woolly or furry growth of fungi appearing upon most surfaces for example cheese or an object left in the moist and warm temperature.,mould,,,O
oruhumbwe,n,food mould.,,,,O
oruhunda,n,certain swamp grass.,,,,O
oruhura,n,a non stinging bee like insect that also produces honey.,,,,O
oruhurahure,n,a bad smell.,,,,O
oruhuunyirira,n,drizzle.,,,,O
orujeera,n,salt that is fine and white.,salt,,,O
orujegyere,n,a series of connected metal rings used for pulling or fastening things.,chain,,,O
orujungu,n,the language spoken in England.,English,,,O
orujurajura,n,drizzle.,,,,O
orujwangye,n,a substance made by mixing other substances together.,mix mixture,,,O
orukaiga,n,a thin case containing seeds that develops from the flowers of various plants especially beans and peas that are not yet ripe.,unripe pond,,,O
orukanga,n,a framework of a house's roof.,,,,O
orukanga-booro,n,drizzle.,,,,O
orukazo,n,a substance that causes,catalyst,,,O
orukiiko,n,coming together of a number of people at a certain place and time especially for discussions.,meeting,,,O
orukiizi,n,the side of a hill.,hillside,,,O
orukindo,n,a tree that grows in warm climate with no branches and a mass of large wide leaves at the top.,palm tree,,,O
orukindo,n,a tree that grows in warm climate with no branches and a mass of large wide leaves at the top.,palm tree,,,O
orukindo,n,a sharp edge on a cloth especially when joined.,,,,O
orukiri,n,the hard solid material that forms part of the surface of the earth.,rock,,,O
orukizi,n,the mass of nerves inside the spine that connects all parts of the body to the brain.,spinal cord,,,O
orukoba,n,"a leather adjustable band or strap of cloth worn around the waist or over ones shoulder to support or keep in place clothes, weapones, etc.",belt,,,O
orukogoto,n,either of the two large flat bones at the top of the back.,shuolder blade,,,O
orukoko,n,fatty or oily part of milk which rise to the surface and can be made into butter.,cream,,,O
orukonda,n,saliva mixed with discharges from the respiratory passages; it is coughed up because of disease.,sputum,,,O
orukongoro,n,"a large, white, long legged wading bird.",bird,,,O
orukooko,n,a fierce big wild animal.,,,,O
orukororo,n,illness that causes sudden expulsion of air from the lungs that clears the air passages; a common symptom of upper respiratory infection ог bronchitis ог pneumonia or tuberculosis.,cough,,,O
oruku,n,wood used for lighting fire or for cooking.,firewood,,,O
orukumu,n,any of the five parts extending from each hand's end.,finger,,,O
orukuraijo,,,,,,O
orukurura,n,a plant with seeds which attach themselves to clothes. Bidens spirosa.,black jack,,,O
orukuuto,n,,,,,O
orukwanzi,n,a small ball of wood or glass with a hole through it for threading with others on a wire;.,bead,,,O
orukwanzi,n,a string worn in the neck as necklace.,,,,O
orukwe,n,an act of deliberate betrayal to a friend or someone else.,treachery,,,O
orukyerere,n,irritable rash on the legs.,skin rush,,,O
orumanyimanyi,n,informal friendly a casual manner.,familiarity,,,O
orumanyo,n,conjuring stick.,,,,O
orumbugu,n,grass with long creeping roots.,couch grass,,,O
orume,n,the very small drops of water that form on the ground during the night.,dew,,,O
orume,n,a small animal with soft fur long ears and a short tail.,rabbit,,,O
orumuri,n,"a piece of wood, twisted flax used for lighting in the dark.",torch,,,O
orunana,n,a small sickle shaped knife.,,,,O
oruniogane,n,a state of being confusion or a dense crowd of people making a lot of noise.,jam,,,O
orunjenje,n,its a way one speaks when he or she speaks through the nose.,,,,O
orunkucence,n,rough bristling skin caused by cold.,skin rash/goose pimples,,,O
orunuuniira,n,"sauce made out of a mixture of warm water, ghee and salt.",,,,O
orunyaanya,n,a glossy red ог occassionally yellow pupy fruit eaten as a vegetable.,tomato,,,O
orunyamatone,n,a wild animal in a cat family which feeds on hens; it has different spots on its skin.,,,,O
orunyamburara,n,a type of snake that is green in colour.,,,,O
orunyankokore,n,sweet grass eaten by cattles.,,,,O
orunyerere,n,a metalic anklet or ornament worn around the ankles.,anklet,,,O
orunyoga,n,a fertilised stigma.,,,,O
orupande,n,a piece of cloth especially for making trousers and suits.,,,,O
orupapura-rwamakuru,n,"large folded pieces of paper printed with news, advertisements and articles on various subjects.",newspaper,,,O
orura,n,long coiled part of the alimentary canal where digested food passes before it reaches the final stage of digestion.,intestine,,,O
orura,n,the lower part of the alimentary canal from the end of the stomach to the anus.,,,,O
orurabyo,n,the seed bearing part of the plant.,flower,,,O
orurandura,n,a grass with hairly leaves and is normally put in bubbling alcohol.,,,,O
orurango,n,a special mark placed on a cloth for identification or associated with an institution.,flag or budge,,,O
orurembo,n,,,,,O
orurenga-myambi,n,a striped rat.,,,,O
oruribwa,n,itching caused by severe scabies.,,,,O
oruryamahuri,n,a very long snake specie.,,,,O
orusaniya,n,an open receptacle for holding or displaying or serving articles or food.,an eating tray,,,O
oruseenene,n,a plant eating insect with long hind leg edible and appears especially in the month of November in the Tropics.,grasshopper,,,O
orushaahuruzo,n,cutting tool used for prunning banana plantations; it has a hooked blade on a large hundle.,prunning hook,,,O
orushabazyo,n,a traditional container that people used to urinate in at night.,,,,O
orushahuzo,n,something that can be used to rescue things from a burning house.,,,,O
orusharabago,n,a poorly weaved basket.,,,,O
orushebashebe,n,a purely green non-flowering plant with thorns and is sometimes used for decoration.,,,,O
orusheenyi,n,sandy soil that is usually in low lands.,,,,O
orushungwe,n,a flower of a type of grass usually used for people to sit on when laid.,,,,O
orushura-eibiba,n,the birds which fly up in the sky in a group swinging on space.,,,,O
orushwigo,n,a snake specie with green colour and a short tail.,,,,O
orusikasikye,n,a very smoth mashroom especially after cooking it.,,,,O
orusiriko,n,a period of time when somebody stops their usual activities and goes to a quiet place for prayer or meditation.,retreat,,,O
orusyongosyongo,n,half boiled milk.,,,,O
orutabago,n,a wooden dish.,,,,O
orutandaaro,n,the big stomach of a lady even when she is not pregnant.,,,,O
orutangura,n,an eight legged predatory arachnid with an unsegmented body consisting of a fused head and thorax and a rounded abdomen.,spider,,,O
orutara,n,a raised place in the kitchen above the fire place where firewood and yellow bananas are put to ripen quickly and stop children from reaching them.,rack,,,O
oruteeko,n,a pile of things on top of others.,heap,,,O
orutegye,n,a body part behind the knee.,,,,O
orutindo,n,"a structure that allows people or vehicles to cross an obstacle such as a river, canal, railway etc.",bridge,,,O
orutobo,n,"poisonous egg plants with thorns, found in bush.",,,,O
orutuna,n,residuals of yellow bananas juice which usually forms a layer on top of juice after it has settled.,,,,O
orutuna,adj,a person who is not very bright or who evokes boredom.,dullard,,,O
orutuuha,n,a long necked gourd.,,,,O
orutuutu,n,wild sweet fruits that become yellow after ripening.,berries,,,O
oruvuri,n,a sharp organ of offence or defence (as of a wasp or stingray or scorpion) often connected with a poison gland.,stinger,,,O
oruyaabaitukano,n,a state a person is in when he or she is unstable as when hagging on each other and everyone he or she comes across.,,,,O
oruyangi,n,one of the twins who are both girls.,,,,O
oruyenje,n,a plant that produces a milky substance usually used for fencing.,,,,O
oruyogooro,n,the act of many people talking or shouting at the top of their voices.,,,,O
oruyombo,n,sound especially when it is loud and unpleasant.,noise,,,O
oruyongoyongo,n,grey or white wading bird with long neck and long legs and (usually) long bill.,heron,,,O
oruyuuya,n,an instrument that is like a panga.,slasher,,,O
oruzaaro,n,the children born in a home.,offspring,,,O
oruzambiira,n,the state of being unable to organise well.,disorganisation,,,O
oruzengyerera,n,a feeling of having a sensation of spinning around and loosing ones balance.,dizzinness,,,O
oruziizi,n,a very dirty place that is full of flies and other insects that like dirty place.,,,,O
oruzimu,,predacious long-bodied large-eyed insect of warm regions; rests with forelimbs raised as in prayer.,praying mantis,,,O
oruzinduko,n,a visit of many people to someone to take him or her gifts.,visit,,,O
oruzingo,n,"someone born but takes long to walk, the legs are not stable and he or she urinates and deficates where he is sleeping.",crippled,,,O
oruziramira,n,a large tropical snake that kills animals for food by winding its long body around the them and crushing them.,python,,,O
orwabarwabazyo,n,time of the evening almost getting dark.,,,,O
orwajumba,n,the dust that comes up when one pours water in burning fire.,firedust,,,O
orwakabiri,n,the second working day of the week.,Tuesday,,,O
orwakana,n,the fourth working day of the week.,Thursday,,,O
orwakashatu,n,the third working day of the week.,Wednesday,,,O
orwakataano,n,the fifth working day of the week.,Friday,,,O
orwamba,n,blood that comes out of an animal after it has been slaughtered.,,,,O
orwamo,n,a medicinal plant that is used to stop rain.,,,,O
orwamukaaga,n,the sixth day of the week.,Saturday,,,O
orwamura,n,medicine that is believed to stop rain from falling.,,,,O
orwango,n,a state of dislike of someone or feeling unwilling to do something.,hatred,,,O
orwangoma,n,the first and large cluster on the bunch of banana.,,,,O
orwanju,n,a situation where things that are not alike come together.,,,,O
orwanju,n,a disease that covers the whole body with rashes.,a rash,,,O
orwankanankana,n,a hanging fold of loose skin on an elderly person's neck or throat of an animal especially in cattle.,dewlap,,,O
orwano,n,the hollow near the shoulder blade.,,,,O
orwanyaanya,n,a cloud of very small drops of water in the air that makes it difficult to see.,mist,,,O
orwanyima,n,milk from a cow that had taken about three days without being milked.,,,,O
orwari,n,,,,,O
orwariiro,n,the exact point (usually on the floor) in traditional Ankore where food is served and eaten from.,,,,O
orwata-share,n,a medicinal plant with broad leaves usually given to babies when they have stomach complications.,,,,O
orwatikiro,n,a line on the surface of something where it has broken but not split into separate parts.,crack,,,O
orwatu,adj,to be open or do something in public.,not private,,,O
orwebako,v,to have imarginations of the presence of scaring things especially at night.,,,,O
orwecunde,n,a situation where one is uncertain of what will happen.,uncertain,,,O
orweju,n,sturbornness.,,,,O
orwekubo,n,"an area for formed by the intersection of of two lines, edges or surfaces and is suitable for hiding.",corner,,,O
orwekwaso,n,a reason either true or invented that one gives to explain or defend his/her behaviour.,excuse,,,O
orwera,n,a large open area of flat land.,,,,O
orwereere,adj,the way babies or their mothers smell as a result of breast milk and their urine.,,,,O
orweto,n,a special message especially from God to a person instructing him or her to go and fulfill something for example a prophet.,vocation/calling,,,O
orweto,n,herbal medicine thrown over a girl to promote marriage.,,,,O
orwetoorerezo,n,an invented excuse given for doing something.,,,,O
orweyo,n,,,,,O
orweziringo,adj,specific time you have delayed.,,,,O
orwezo,n,the fertilizer put in the soil to make it more fertile.,manure,,,O
orwigi,n,a piece of wood or glass that is used to open or close an entity.,door,,,O
orwiguzo,n,a small wire or stick used to clean up in the pipe of a smoking pipe.,,,,O
orwiko,n,a blade shaped piece of wood used to mingle millet bread.,a mingling stick,,,O
orwina,n,a big hole where they put bananas and cover them with soil in order to ripen so as to squeeze juice from.,,,,O
orwingano,n,same generation or people who were born in during the same generation.,,,,O
orwiririzi,n,a time of the day when it is difficult to see because of mist.,,,,O
orwisho,n,a bad scaring eye.,,,,O
orwita-mirimo,n,"that which hinders progession of work especially rain, conversation, etc.",,,,O
orwita-waabo,n,time in the evening towards 7.00PM when it is starting to get dark.,,,,O
orwiziizi,n,form of atmospheric pollutant that cause difficulties in seeing around the affected area.,,,,O
orwokubanza,n,the first day of the week; the first working day.,Monday,,,O
orwoma,n,a metal in the form of thin round thread that is used for roasting met or drying clothes.,wire,,,O
orwondo,n,muddy water.,,,,O
orwongoto,n,a very red hot fire.,,,,O
orwonko,n,the fear of breast feeding among humans and animals.,,,,O
orwonyo,n,a plant with leaves which taste sweet.,,,,O
orwosyo,n,a mark put on a person's body.,,,,O
orwoya,n,the feeling in someone to eat something.,,,,O
orwoya,n,vapour from boiling liquids diffused in the atmosphere.,steam,,,O
osiibe-gye,n,a farewell remark used when one is leaving somebody.,goodbye,,,O
osiibire-gye,n,a greeting said in the evening and afternoon.,good afternoon/good evening,,,O
oturo,n,natural and periodic state of rest during which consciousness of the world is suspended.,sleep,,,O
otyo,adj,a word used to tell someone that what he or she is doing is being done the correct way and that he or she should to continue like that.,,,,O
otyo,adj,a word used to show satisfaction over something.,,,,O
otyo,adj,an expression made when something shocking has happened.,,,,O
ou,conj,a conjucntion that introduces subordinate clause.,,,,O
ovakado,n,"an edible tropical fruit with hard dark green skin, soft light green flesh, and a large seed inside.",ovacado,,,O
owa,prep,a word used to mean 'at their'.,,,,O
owaishe-butaka,n,on the ground.,,,,O
owe,adv,a word which means 'at his/her place'.,,,,O
owegomborora,n,a person appointed to administer a sub county.,Sub county chief,,,O
oweishaza,n,a person appointed to administer a county.,County chief,,,O
oweisheemwe,n,a born again Christian in the Anglican Church.,a saved person,,,O
owekitiinisa,n,a highly respected person in the society.,honourable,,,O
ow'obushoboorozi,n,a person with authority.,,,,O
ow'omuruka,n,the person appointed to administer a parish.,parish chief,,,O
oya,int,this is used when somebody is saying no or refusing something.,,,,O
okurukumbwa,v,to feel greedy for what another person has.,,,,O
okusangira,n,to put something large on top of a smaller thing so that it cannot be seen.,to cover,Sangira ebyokurya bitagwamu obukoko.,Cover the food so that insects don't fall into it.,O
okushaabuuza,v,,,,,O
okushaakaara,v,,,,,O
okushanguriza,v,"to bring, come together, or collect things in one place.",to gather,Enkoko ekashanguriza ebinyatsi yaabita ahu yaabaire neeterera amahuri.,A hen gathered grass at a place where it was laying eggs.,O
okushanyarara,v,to become unable to move the body or part of it.,to be paralysed,,,O
okushanyarara,v,to lose power of movement on the locomotive parts of the body.,,,,O
okushashaamwa,v,involuntary sounds made by a woman during sexual intercourse.,,,,O
okushashamwa,v,,,,,O
okushembabara,v,"to walk slowly, especially of cows.",,,,O
okushokora,v,to peck with the beak (especially hens).,,Enkoko ekashokora omwana omu kironda.,The hen pecked a child's wound.,O
okushwekuura,v,removing something that has been covering another thing.,to uncover,,,O
okusikoora,v,to act against the spirits.,to wrong the gods,,,O
okusinziira,v,to be deeply asleep to the extent that you can hardly hear anything.,,,,O
okutaara,n,to be in search.,,,,O
okutabanjuka,v,,,,,O
okutama,v,to be fed up.,,,,O
okutamuuza,v,"to tie, like in wrestling.",,,,O
okutamuuza,v,to discuss something at length and in detail.,,,,O
okatamuuza,v,to tear something up.,,,,O
okutangiriza,v,,,,,O
okuteera enkaka,n,to mount an immature heifer.,,,,O
okuteera entsibo,phr,to mine stones which are mixed with clay.,,,,O
okuteera-ekishaka,phr,to try something out and see what comes out.,,,,O
okuteera-kaamukungu,n,"an acrobatic movement in which a person turns over completely, with their feet over their head.",somersault,,,O
okuteera-omu-rushaka,phr,to try something out and see what comes out.,,,,O
okutenda,v,"especially a woman who is tall and fat with a small waist, small breasts but with a big bum, wide hips and fat legs.",,,,O
okutenga,v,to initiate action.,,,,O
okutomora,v,to pay in instalments.,to give part payment,,,O
okutoorereza,v,,,,,O
okutootera,v,burning heavily.,,,,O
okutooza,v,,,,,O
okutsiba-ekikaru,v,to tack in a shirt.,,,,O
okutsimbaaza,v,to walk in a reluctant way.,,,,O
okutuguuza,v,to ask very many questions and be very curious.,to be very inquisitive,,,O
okutumbiika,v,"to shoot up: used to refer to urinating, when the urine moves in an upward direction.",,,,O
okutunguuta,v,move sideways in an unsteady way like the way fat and tall women walk.,wobble,,,O
okutungyeza,v,,,,,O
okutuura,v,to give a hand by removing something carried on someone's head.,,,,O
okutwarwatwarwa,v,to be easily taken up.,,,,O
okuyenga,v,,,,,O
okuyungurura,v,,,,,O
okuziriiza,v,to shake the head to signify a refusal.,,,,O
okuzomba,v,to suffer from ringworms.,,,,O
okwa kana,n,,,,,O
okwagagara,v,to sit at ease.,,,,O
okwagagara,v,"to be disobedient, to sulk and refuse to do anything.",,,,O
okwahwa,n,the hollow place under the arm at the shoulder.,armpit,,,O
okwamagana,v,a situation where one harrases others all the time.,to cause havoc,,,O
okwamagira,v,to shout at someone who has done something wrong.,,,,O
okwambika,v,to give someone clothes out of charity.,,Baamwambika omwenda.,They have given her a piece of cloth.,O
okwasha,v,to beat somebody severely especially with a stick or whip as a punishment.,to flog,Omwana bakamwasha kubi.,The boy was cruelly flogged.,O
okwecenenkuriza,v,,,,,O
okwecooka,v,to make oneself neat and organised.,,Omwishiki ogu naamanya kwecooka.,This girl knows how to make herself neat and organised.,O
okwekondera,v,reinforcing or a certain movement in which you push something forward.,a sudden thrust,,,O
okwekuriiriza,v,,,,,O
okwekuza,v,to take yourself to be older than your actual age.,,,,O
okwenomba,v,smear themselves with mud when they are sharpening their horns by digging deep in the soil.,,,,O
okweriija,v,to sway tails from side to side. They do this with some excitement.,,,,O
okwetontobeka,v,the act of applying a lot of jerry or lotion on one's body.,,,,O
okwihaihana,v,to take turns when doing an activity.,,,,O
okwiha-omutuya,v,"used grass that cows sleep on; it is not fresh, they use it dry it and use it again.",,,,O
omu,prep,in.,,,,O
omubyamo,n,,,,,O
omucebe,n,a metal in the form of foil used for wrapping and packing.,tin,,,O
omucebuko,n,a cattle disease that usually attacks calves. It is caused by ticks and one of the symptoms is coughing.,,,,O
omuceceko,n,being very quite.,silence,,,O
omuceeri,n,annual or perennial seed crop used for.,rice,,,O
omuceeri,n,,,,,O
omucureezi,n,someone who is reserved and down to earth.,a humble person,,,O
omucwezi,n,,,,,O
omufaakazi,n,,,,,O
omugogo,n,column.,,,,O
omuhagara,n,A person who walks and insults anyone they see who crosses them or not.,,,,O
omuharakazi,n,a girl who gets a child while still unmarried.,,,,O
omuhiigi,n,"a man who persues wild animals in the bushes and kill them using spears, arrows, bows and dogs for bush meat.",,,,O
omuhingi,n,a person who derives his or her living through cultivation.,agriculturist,,,O
omuhwa-nshoni,,a person who is unwilling to change his or her opinion or attitude.,stubborn person,,,O
omukimba,n,"a big number of things, a large quantity of things.",,,,O
omukuufu,n,a chain.,,,,O
omukuuto,n,cows that are cream in colour.,,,,O
omura,n,a flea that lives in tropics and lays eggs under a person's or animal's skin causing itch or pain on areas affected.,jigger,,,O
omuramuuro,n,wrought.,,,,O
omuriisa,n,a person whose livelihood is chiefly dependent on rearing of animals as a source of food.,cattle keeper,,,O
omuriisa,n,,,,,O
omurungi,adj,,,,,O
omushambani,n,,,,,O
omushara,n,a red backcloth that is soft and it has small leaves.,,,,O
omusharaba,n,a sign that is made when two lines cut each other across one horizontally and another one vertically.,,,,O
omusharara,n,some cows give milk that is not concetrated; this is caused by hormonal imbalance.,waterly milk,,,O
omushendekyeza,n,,,,,O
omusherebenganyi,n,,,,,O
omutaasyo,adv,a time when cattle come back home in the evening.,,,,O
omutaasyo,n,a freshly or newly burnt field.,,,,O
omutana,n,a case for holding arrows.,quiver,,,O
omutonera,n,a small black insect that stings when tempered with.,,Akatonera kantonera naazimba.,The black insect has stung me and I am swollen.,O
omutonezi,n,,,,,O
omutwe,n,"the part of the body on top of the neck that contains the eyes, ears nose mouth and brain.",head,,,O
omutwe,n,heading.,,,,O
omutwe,n,regiment.,,,,O
omutwe,n,chapter.,,,,O
omuyogo,n,a type of fever mostly caused by malnutrition.,,,,O
omuziga,n,,,,,O
omuzini,n,"a person who sings or dances, or whose job is singing or dancing.",dancer,,,O
omwambari,n,,,,,O
omwengye,n,local beer brewed from bananas and locally known as 'tonto' in Ankole and Kigezi.,,,,O
omwengye,n,things that glitter.,illuminations,,,O
omwetsindagye,n,a plant used for perfume.,,,,O
omwibiki,n,a person who keeps bees for trapping honey.,an apiarian,,,O
omwizi,n,"a situation where a woman gives birth and the children die. One dies she concieves again, she gives birth and still they die.",,,,O
p,n,the sixteenth letter of the alphabet.,,,,P
paa,int,a sound made/produced when something is shot or brought down.,,,,P
paagyema,n,a pair of loose trousers tied by a drawstring around the waist; worn by men and women.,pyjama,,,P
paapa,n,the top most catholic church leader who is greater than the bishop.,pope,,,P
paasi,n,a device used in making clothes clean.,a flat iron,,,P
paasika,n,the day when christians remember the death and resurection of Jesus Christ.,Easter day,,,P
oraire gye,phr,how did you sleep; good morning.,salutation,Oraire gye maama?,Goodmorning mother.,O
oraire gye,phr,how did you sleep?,salutation,Oraire gye maama?,Goodmorning or how did you sleep mother?,O
orugoobe,n,beads that women used to wear around their waists.,,,,O
orujegyere,n,something that unites one thing with another that is very strong.,a chain or link,,,O
orujegyere,n,a series of connected metal rings used for pulling or fastening things.,,,,O
orukaiga,n,,,,,O
orukororo,n,a disease of the respiratory system that causes the expulsion of phlem.,cough,,,O
orukuuruuru,n,skin rash.,,,,O
orumogo,n,"a state where cows suffer; they cannot eat or drink, and they lose weight. They look haggard.",,,,O
orushekye,n,,,,,O
orutangura,n,an eight legged predatory arachnid with an unsegmented body consisting of a fused head and thorax and a rounded abdomen.,spider,,,O
orutunguru,n,a round vegetable with many layers inside each other and a brown red or white skin.,onion,,,O
oruturuturu,n,,,,,O
patana,n,"the arrangement of lines, words, sharpes or colours (especially in decorating or designing).",pattern,,,P
patana,n,a small usually round piece of metal or plastic that is sown onto a piece of clothing.,button,,,P
patana,n,to do a work in a specified time and for a specified amount of money.,contract,,,P
pee,adj,a sound made by somebody to show disagreement; it is accompanied by shaking a head or a hand.,,,,P
piini,n,,,,,P
pikipiki,n,a road vehicle with two wheels driven by an engine with a seat for the driver and onother for the passenger.,motorcycle,,,P
po,adj,"a word used to mean that something appears or looks so good, clean and indusive.",,,,P
pakupaku,int,the person who gets annoyed very quickly.,,,,P
pamba,n,a soft silky fibrous substance from cotton plants used for making thread.,cotton,,,P
po,adj,a sound or noise that is made when someone is hitting something with a hammer.,,,,P
pokopoko,n,a series of planned political activities that are intended to achieve a particular objective especially winning an election.,campaign,,,P
poosi,adj,a sip of something.,,,,P
potoro,adj,"the act of going to different places, areas or building by security personnel to ensure that there is no trouble or crime.",patrol,,,P
pukonyo,n,,,,,P
rahi,adv,where?,,,,R
raijaraija,n,a part time job.,,,,R
-raingwa,adj,long.,,,,R
reediyo,n,an electronic receiver that detects and demodulates and amplifies transmitted signals.,radio,,,R
reero,conj,then/so that.,,,,R
-ri-,,"singular class marker for words in the ""li-ma"" class.",,,,R
-riho,adj,it is there.,,,,R
rimu,adv,it's there.,,,,R
ritaari,n,a holy table.,altar,,,R
-riya,adv,the other one.,,,,R
rubaaga-empereka,n,a big and long knife especially used in slaughtering.,,,,R
rubaba,n,"a name given to cows that have two breasts, the other two do not function.",,,,R
rubamba,n,a bull with grey and white brown colour with white patches on the throat.,,,,R
Rubambansi,n,His magesty.,,,,R
rubanda,n,an ancient hero like Methuselah.,,,,R
rubango,n,one of the potatoe specie.,,,,R
rubaraasi,n,a brown bull with house patches on the throat.,,,,R
rubarara,adj,something very big.,,,,R
rubarura-ntojo,n,the idiomatic name for thunder.,thunder,,,R
rubombo,n,a medicinal plant that is very bitter.,,,,R
rubosta,n,coffee specie.,,,,R
Rubuga,n,a king's sister in Ankole.,,,,R
rubura,n,a person especially a man who shows lack of respect for other people playing tricks on them.,rascal,,,R
rucumu,n,a controversial figure.,,,,R
Rucunya,n,a shiny person.,,,,R
Rucwamihingo,n,one who does not wait. He or she gets results quickly.,"an achiever, a go- getter",,,R
rufu,n,death.,,,,R
ruga,adv,to chase someone away from you or call someone in a commanding voice.,,,,R
rugaaju,n,,,,,R
rugaaniira,n,a seed tray used as a tambourine or rattle.,musical instrument,,,R
rugaba,n,the almighty.,God,,,R
rugabire,n,rubber sandals that are locally made out of car tyres.,,,,R
rugambwa,n,a famous person known by many people because of his deeds.,,,,R
rugogoma,adj,something very big.,,,,R
rugondo,n,a bull or a male calf that has small white spots.,,,,R
rugongo,n,a very small jumping insect without wings that bite animals and sucks blood.,flea,,,R
rugosi,n,a person who praises his manhood and talks in relation to his manhood.,,,,R
Rugumba,n,a big and quiet man.,,,,R
rugungu,n,,,,,R
ruhaata,n,an old monkey.,,,,R
ruhabo,n,that where one goes when they have lost way.,,,,R
ruhamireeka,n,finger millet specie.,,,,R
Ruhanga,n,the supernatural being conceived as the perfect and omnipotent and omniscient originator and ruler of the universe; the object of worship in monotheistic religions.,God,,,R
ruharaatwa,n,one who plays about.,,,,R
ruhaya,n,a male goat.,,,,R
ruhega,n,famine.,,,,R
ruhemba,n,a bright object in space that has a tail of gas and dust.,comet,,,R
ruhembe,n,,,,,R
ruhembure,n,hair dominated with grey hair.,,,,R
ruhenda,n,a variety of millet which is hard to mingle.,,,,R
ruhenure,n,abuses which include curses.,,,,R
ruhigura,adj,a very heavy rainfall.,rain,,,R
ruhiku,n,a person who has good luck.,goodluck,,,R
ruhima-rwa-ndongo,n,a grasshopper specie.,,,,R
ruhombo,n,a fine soft green grey or black substance like fur that grows on old food or in objects that are left in warm or wet air.,mould,,,R
ruhondeeza,n,a slow lazy person.,,,,R
ruhumba-ntuutu,n,a person who eats everything that he/she comes across.,,,,R
ruhumbe,n,a bull with a single horn.,,,,R
ruhuuga,n,a bull with white forelegs.,,,,R
ruhuura,n,a grey bull with dull white spots.,,,,R
ruhuuzimu,n,a cow with grey colour or black mixed with white or brown hair.,,,,R
rujuga,n,Adam's apple.,,,,R
rujumba,n,a male goat with grey-black colour.,,,,R
rujwa-mireju,n,nasal bleeding.,,,,R
rukakaare,n,Finch-like African and Asian colonial birds noted for their elaborately woven nests.,weaverbird,,,R
rukome,n,a bull with horns moving forward and upwards.,,,,R
rukomyo,n,a traditional pot with four openings used by married women in prepration for intercourse.,,,,R
rukondo,n,a bull with horns moving inwards and upwards.,,,,R
rukonko,n,a very weak cow.,,,,R
rukooreera,n,up in the sky.,,,,R
rukumi,n,1000.,one thousand,,,R
rukundo,n,a strong feeling of deep affection for somebody especially a member of your family or friend.,love,,,R
rukungu,n,a hornless bull.,,,,R
rukunu,adj,a very poor family below the poverty line.,,,,R
rukunya-akatimba,n,this cow looks clean and shiny.,a name of a cow,,,R
rukura,n,a banana disease that makes banana fingers dotted black and ripen before maturity.,,,,R
rukururana,n,a truck that pulls a container which has wheels.,trailer,,,R
rukuunya,n,a person who works very slowly.,,,,R
rukuura,n,a banana wilt disease that cause them to ripen when they are not grown enough.,,,,R
Rumwera,n,"a good cow, so beautiful that it cannot be rivalled.",,,,R
Runanisa,n,a name given to a strong man.,,,,R
runcumite,n,one who gossips.,,,,R
runkunku,n,a habitual thief.,,,,R
runonko,n,this is where herdsmen used to roast bananas and sweet potatoes from.,,,,R
runuuka,n,a name given to a very poor person who cannot afford buying anything.,,,,R
runyabuza,n,a big cow with very small horns.,,,,R
ruraka,n,,,,,R
rurangaanwa,n,a famous person known by very many people because of his deeds.,,,,R
rurara,n,a weapon with long metal blade and handle used for cutting.,sword,,,R
rureebya,n,"a person who gives away secrets about their friends, country, etc.",,,,R
rurega,n,"to boil water for cows to drink. In this hot water, they put in anthills and some herbs and boil. This medicine is put in the trough for cows and they drink it hot. The same therapy used to wash people with leprosy. The same therapy would also be used if a cow had got retained placenta.",a form of therapy,,,R
ruremba,n,a bull with a white striped belly.,,,,R
rurembeezi,,a bull with no circles of hair and it is not used for paying bride price.,,,,R
ruriiya,pron,that over there.,,,,R
Rurombya,n,the one who weakens the other side.,,,,R
rusaaninga,adj,a big bad fierce person or animal like a lion.,,,,R
rushagama,n,the chromatic colour resembling the hue of blood.,red,,,R
rushagama,n,cancer-like disease that eats up one part of the body like a toe until it breaks off.,,,,R
rushamaitu,n,,,,,R
rushanda,n,"a big flying insect from Asia and Africa that moves in very large groups, eating and destroying large quantities of plants.",locust,,,R
rushanjuura-mumiro,n,a big chunk of food swallowed at ago.,,,,R
rushongoza,n,very sharp tops of horns.,,,,R
rutaara,n,,,,,R
rutaara-omwagaagyi,n,a cow that is being caressed.,,,,R
rutaari,n,,,,,R
rutahikwa-mutoozo,n,a molar tooth.,,,,R
rutahikwa-mutozo,n,a rebellious person who ignores advice.,,,,R
rutahikwa-mutozo,n,a term used as an a buse.,,,,R
rutahikwa-mutozo,n,a large burrowing beetle.,,,,R
rutakirwa,n,the title of the King of Kigezi.,,,,R
rutamiisi,n,a cassava specie that is poisonous when eaten raw or when it is not yet dry.,,,,R
rutangirira-bagyenyi,phr,a lazy person.,,,,R
rutanyohoka,n,a cautious person.,,,,R
Rutarendeza,n,a weak and powerless person.,,,,R
Rutaromba,n,one who perseveres.,,,,R
rutasanga,,(of cattle) to eat grass or drink water.,,,,R
rutasinziira,adj,someone who is alert even in sleep.,,,,R
rutinda-ngyezi,n,an idol in the Kinyankore traditon.,,,,R
rutyaza,n,a wild tree with long thorns.,,,,R
ruuha,adj,which one.,,,,R
ruyonza,n,it is a he-goat with small white dots.,,,,R
ruzaaro,n,,,,,R
ruzimure,n,sorghum porridge made from a certain,,,,R
rwabwamba,n,specie of sorghum; it is made by the Bakiga and Banyankore.,,,,R
rwabwamba,n,an item used in devination.,,,,R
rwagati,n,the part of something that is at an equal distance from all sides.,middle,,,R
rwaheeru,int,God forbid.,,,,R
rwaiguuga,adj,a word used to refer to something very big or huge.,,,,R
rwakibikindi,n,,,,,R
rwakipumpuru,n,a serious cattle disease.,,,,R
rwamigongo,n,a banana specie that has big and long banana fingers.,,,,R
rwango,n,a strong feeling of dislike of somebody.,hatred,,,R
rwebisingo,n,compost pit for garbage collection.,,,,R
rwecunda,n,a hole or passage made by a drill; usually used to pump water from underground.,bore-hole,,,R
rweganywa,n,unbeatable person or system that you cannot fight and defeat.,,,,R
rweiguuga,n,a very big thing.,,,,R
rwemereza,n,it is a type of peas which has big white seeds.,,,,R
rwemereza-bagyenzi,n,something which has yielded highly.,,,,R
rweziringa,n,thorn apple.,,,,R
rweziringa,n,a slow person.,,,,R
rwiba-mutima,n,death.,,,,R
rwanyamushanda,n,,,,,R
rwigura-mumiro,adj,the first thing you eat before eating anything.,,,,R
rwaranda,n,lack of food fo a long period of time in an area.,famine,,,R
rwarwa,n,a local brew made out of yellow bananas.,alcohol,,,R
rwinika,n,a cow with big horns facing forwards.,,,,R
rwitabataaruuzi,n,a period in the evening around 7.00pm.,,,,R
rwatamagufa,n,"a man with great physical strength, especially one who performs feats of strenght as a form of entertainment.",,,,R
rwebandira,n,rebel,rebel,,,R
rwo,adj,possessive adjective.,,,,R
ryari,adv,when.,,,,R
s,n,the 19th letter of the alphabet.,,,,S
saakirireego,n,behavior that does not show respect for a holy place.,sacrilege,,,S
sabato,n,the seventh day of the Jewish calender.,,,,S
sabiiti,n,a period of seven days.,,,,S
sabuuni,n,a substance used for bathing and washing clothes.,,,,S
satifiketi,n,a document attesting to the truth of certain stated facts.,certificate,,,S
sebo,n,term of address for a man as a sign of respect.,sir,,,S
seeri,n,,,,,S
seeri-mayanja,n,,,,,S
seeri-mayanja,adv,"far places or countries which one reaches by crossing water bodies, e.g. oceans.",overseas,Omutabani naakorera seeri-mayanja.,His son works from overseas.,S
sekatuwa,n,a tool similar to a strong pair of scissors used for cutting plants.,secattur,,,S
sekiromba,n,a person with a very big umblical cord that is left protruding on the stomach after growing up.,,,,S
semanisi,n,an order to appear in court.,summons,,,S
semutundu,n,a fish specie common in the fresh water of tropical Africa.,tilapia,,,S
senkoko,n,a large domestic bird kept for its meat.,turkey,,,S
senturuma,n,a type of flower whose substance is used for making insectcide.,pyrethrum,,,S
senturumwa,n,,,,,S
senyiga,n,"an infectious airborne disease that causes colds, fever, and general weakness.",flue,,,S
shagama,n,a tree which produces a red substance that resembles blood when cut.,,,,S
shaku-shaku,phr,a part of a riddle that demands a response before a question is put forward.,,,,S
shamaitu,n,,,,,S
shambagira,phr,a phrase used to ask for a riddle.,,,,S
shana,conj,may be or perhaps.,,,,S
shanjagare,n,it is a bird with brown feathers and tall legs used to lay eggs in the banana plantation.,,,,S
sheesa-emibazi,n,a snake specie that is green in colour.,,,,S
shemba obureku,n,a banana specie.,,,,S
shereka,n,a type of grass normally grown as a flower and it contracts anytime it is touched.,,,,S
shi,n,"it is a particle that is added on words in speech, it varies from person to person.",,,,S
shinta,int,may be.,,,,S
sho,n,your father.,,,,S
shoimwe,n,refering to many.,,,,S
shugu,conj,it means something is like this or that.,,,,S
shumbuusha,n,small turnover of Indian origin filled with vegetables or meat and fried and served hot.,samosas,,,S
shuuti,n,a set of clothesmade from the same cloth.,,,,S
shwenkazi,n,paternal aunt to a person.,,,,S
shwenkuru,n,the father of your father or mother.,grandfather,,,S
shwenkuruza,n,great grandfather of a person.,,,,S
shwento,n,paternal uncle to a person.,,,,S
siina,adj,dark brown.,,,,S
siisi,adj,very black.,,,,S
siisiisi,adj,extremely black.,,,,S
sikuukuru,n,,,,,S
singa-abarezi,n,it is a stage when a child starts standing up but not yet firm.,,,,S
singyengye,n,burbed wire used to make paddocks.,,,,S
siriimu,n,a disease of humans which attacks the body's ability to resisit infection and usually causes deaths.,,,,S
siriimu,n,,,,,S
siriri,n,very black.,,,,S
sirisiri,adj,a very black colour.,,,,S
sirupande,adj,a pole placed across.,,,,S
sitaadi,n,a stand of the bicycle.,,,,S
sitaani,n,the most powerful evil spirit in many religions such as Christianity and Islam.,satan,,,S
sukaari,n,a white substance in form of white or brown crystals added to beverages as a sweetener and preservative.,sugar,,,S
sukaari,n,a chronic disease associated with high levels of sugar in the blood.,diabetes,,,S
sumuna,n,alcohol that has stayed for a long time before consumption.,,,,S
surumuna,n,a local brew made out banana juice but with little sorghum; it's normally not intended.,,,,S
-sya,adj,"recently created, built, invented or planned.",new,,,S
syuku,n,a private part of a woman.,,,,S
t,n,the twentieth letter of the English alphabet.,,,,T
taapu,n,a device for controlling the flow of water from a pipe.,tap,,,T
taata,n,a male parent of a child.,father,,,T
taata,n,a child's word for a father.,dad,,,T
takisi,n,a car driven by a person whose job is to take passengers where they want to go in exchange for money.,taxi,,,T
tanka,n,a container used for storing large amounts of water..,tank,,,T
taratara,n,"a percussion instrument sounded by being struck with sticks or the hands typically cylindirical, barrel-shaped with a tout membrane over one or both sides and is small in size used for decoration.",drum,,,T
taru-taru,adj,a jumpy person who cannot sit in one place and keeps moving here and there.,,,,T
tata,n,,,,,T
tataitwe,n,God our father.,God,,,T
tataitwe,n,Our father.,,,,T
tatazaara,n,the father of your spouse.,father-in-law,,,T
tatenkazi,n,the sister of your father or mother.,paternal aunt,,,T
tatenkuru,n,the father of your father or mother.,grandfather,,,T
tatento,n,the brother of your father.,paternal uncle,,,T
tayaari,adj,to be ready.,,,,T
ti,adv,a word used to join the negative to the verb.,,,,T
tiitiiti,adj,something that is very white.,,,,T
tiivi,n,an electronic device that receives signals and displays them on a screen.,television,,,T
tikwo,conj,not so?,,,,T
tindemwa,n,a banana specie with short fingers.,,,,T
tinfeerwa-kangye,n,a self-centred person with little regard for others.,egocentric,,,T
tinshengyera,n,small brown flies that multiply very fast and hover around sweet foods or beer.,drosophila,,,T
tipuhu,adj,a voice made by someone spitting.,,,,T
tiri-tiri,adj,a sound that is heard when something is running.,,,,T
tkaabusimba,n,a type of house or building.,,,,T
toduura,n,a disease that attacks coffee and banana plantations.,,,,T
togo-togo,n,a sound made by food when boiling.,,,,T
tonto,n,beer made out of ripe bananas and left to ferment.,local beer,,,T
tori,adj,a sound when something is thown in water.,,,,T
tsyoi,adj,to run all of a sudden.,,,,T
tsyoi-tsyoi,adj,birds sound/singing.,,,,T
tubura,n,a certain plant specie.,,,,T
tuku-tuku,adj,a situation of being so pure in colour.,,,,T
tungutungu,adj,"to spend a sleepless night due to problems, fear or security situations.",,,,T
turiya,adj,those ones.,,,,T
turusaka,n,"a wild animal which eats hens by traping them in its anus which has cereal like substance; when a hen come to pick it, it closes the anus and rus away with it.",,,,T
twara-tugyende,phr,a phrase used to mean all the rest.,,,,T
twa-twa-twa,adj,a sound made by bullets.,,,,T
twena,adj,all of us.,,,,T
twenka,adj,only us.,,,,T
twente,n,a bean specie red in colour with dots.,,,,T
u,n,the 21st letter of the Roman alphabet.,,,,U
u,n,one of the five vowels; it is the fifth one.,,,,U
ushi,adj,sound made in expression of pain or coldness.,,,,U
uuh,int,indicates an affirmative response.,,,,U
wakame,n,,,,,W
waringa,n,"an object made in such a way that it resembles a human figure, set up to scare birds away from the garden.",scarecrow,,,W
waadiroopu,n,a large cupboard for hanging clothes which is either made of furniture or built into the walls.,wardrope,,,W
wambuba,n,a shrub.,,,,W
wandandara,adj,big and not shaped.,,,,W
warubeba,n,the name used in stories for a small animal with a long tail.,rat,,,W
Warugwe,n,the name used for leopards in stories.,leopard,,,W
Warujojo,n,the name used in story telling to refer to elephant.,elephant,,,W
we,pron,a word used to mean she or he.,,,,W
weena,adj,"wholly, completely (of people): the whole of one's heart, soul and body.",,,,W
yaaya,n,someone who looks after a young baby.,baby seater,,,Y
yaayaayaaya,n,a word used to indicate an affirmative response.,,,,Y
yunifoomu,n,a special set of clothes worn by all members of an organisation or institution.,uniform,,,Y
zaabu,n,"a yellow precious metal, chemical, element of atomic number 79 valued especially for use in jewellery and decoration and to guarantee the value of currencies.",gold,,,Z
zibure-nkurye,n,a leather bag.,,,,Z
zigi-zigi,adj,something that is very black.,black,,,Z
ZO,adj,"them, they.",,,,Z
