id,split,english,luganda,runyankore_rukiga,acholi,ateso,lugbara
SALT-TEST-0001,test,The fashion industry is starting to thrive again.,Ekisaawe ky'emisono kitandise okusituka nate.,Eby'eby'afaashoni biriyo nibigaruza akatwe.,Yub me cital ruk mapatpat manyen tye ka dongo odoco doki.,Ageutu ikampunin luka enape apolo bobo.,Okalamvu suta o'diru 'diyini 'diyi 'ye e'do tutu
SALT-TEST-0002,test,An epidemic is a disease that affects a large number of people within a community.,Endwadde ebalukawo y'endwadde ekosa abantu abangi mu kitundu.,Omuzibwe n'endwara erikukwata abantu baingi omu kyanga.,Can mogo obedo two ma nya oyot totwal ikin dano,Erai adeka na ikamuni itunga luipu kotoma atutubet.,Azo omvele epidemiki ruri eri azo azi 'ba kalafe karakara ni eyi 'yepi ongulumu ma alea ri i
SALT-TEST-0003,test,Good quality honey will come from this region.,Omubisi gw'enjuki ogw'omutindo omulungi guva mu kino ekitundu.,"Obwoki burungi, nibwija kuruga omukyanga eki.",Moo kic me rwom ma malo obi aa ki kany,Esike lo ejok ebuni kosiep kalo.,Anyu su wura muke ndeni ri ni nga enga angu 'di ma alea
SALT-TEST-0004,test,She was riding the bicycle while I was running.,Yabadde avuga ggaali nga nze bwe nziruka.,Akaba akwise naavuga egaaro obwo nyowe ndikwiruka.,Nyakoni obedo ka ngwec ki lela ci an abedo ka ngwec ki tyena.,Auta ngesi aicak egali kauta eong akerit.,Eri ri nzu garisi de ari madririsi nzu nzu
SALT-TEST-0005,test,The authorities are looking for two young men who robbed a supermarket.,Ab'obuyinza banoonya abavubuka babiri ababba mu ssemaduuka.,Aby'obushoboorozi nibahhiga bundi nuuma abastigazi enkwata-buta abaayeyereire akatare k'omu nju,Luloc gitye ka yenyo co aryo ma guyako cupa maket.,Eutasi ipolisin aimo itelepai iarei luabilete ka akoko eiduka lokapolon.,Ba okpoe'ipiru 'diyi anzi ode iri afa ogupi dukani supermarketruri ma alia 'diyi ndaria.
SALT-TEST-0006,test,The government provided tractors to the farmers.,Gavumenti yawa abalimi ttulakita.,Gavumenti ekaha abahingi ebyoma by'okuhingisa.,Gamente omiyo tinga tinga bot lupur,Abu apugan ijaik akoriok aturakitan.,Gamete fe truakita eyi 'ba amvu 'ya'ba 'diyi dri
SALT-TEST-0007,test,"As windshield wiper blades age, they lose much of their flexibility.","Wayipa bwe zigenda zikaddiwa, zirekera awo okukola obulungi.",Obusimura bwebirahuri bwakura niburekyeeraho kwehinduura kurungi.,"Calo ma laduny wang maraya me wang motoka obutii, pe gicako wot maber ki I wang maraya enoni.","Nemojongiata aipuseta ngu, mam bobo kesi irimete ejok.","Wipa mara oli atripiriniri ma si ka de 'bo, yi okpo yini azi ngazu mbele mbelri avi ra"
SALT-TEST-0008,test,Parliament approved all the ministers appointed by the president.,Palamenti yakakasa baminisita bonna pulezidenti be yalonda.,Eishengyero rikaikiriza ba minisita boona abaaronzirwe purezidenti.,Ot moko cik ocwako minicta manyen ma ladit lobo ocimo weng.,Abu airabet kocam iminisitan kere luabu lokapolon akwap koseu.,Koloseni a'I 'ba dria drile kari niri ni opele 'diyi ra
SALT-TEST-0009,test,She was promoted at her workplace.,Yakuzibwa ku mulimu.,Bakamukuza aha murimo.,Kimedo rwom ne I dog ticce.,Aponi kitopolorai ngesi kotoma aibositike naka aswam.,Ba otuu eri pari erini azi ngazu ria ra
SALT-TEST-0010,test,I track my stock levels all the time.,Mmanya ebintu bye nnina buli kiseera.,Nindeebuuza orurengo rw'ebintu byangye obwire bwona.,Alubu wel jami me acata ma atye kwede I kare weng.,Etapit eong aipikanakin iboro luemamete oidukaka.,Ma afa mani ozile 'diyi ma ozita vuti o'bi sawa driasi
SALT-TEST-0011,test,Factories with more than ten employees are thinking of laying off workers.,Amakolero agalina abakozi abasukka mu kkumi galowooza kusalako bakozi.,"Amakorero againe abakozi abarikuhingura ahari ikumi, nibateekateeka okushara aha bakozi baabo.",Factori mapol matye ki lutic makato apar tye katamo kit me juko gi idogtic,Icuman lu ejatatar keda eswamak lu edeparitos itomon ejaas aomoom nu alemanar eswamak icie.,Okalamvu yi vile aziꞌba yi ma kalafeni mudrini agazu ra ꞌdiyi eꞌyo ega aziꞌba yi ofuzu
SALT-TEST-0012,test,Police charge a criminal by the law.,Poliisi evunaana omumenyi w'amateeka mu mateeka.,Poriisi nejunaana omukozi w'ebihagaro erikwejunisa ebiragiro.,abili gimako labal malube ki cik,Apotu ipolisin itepesenata adiakaran kokisila.,Polisi eyi panga fe 'ba e'yo ezapi 'diyini azita palaa
SALT-TEST-0013,test,Some cases linked to people from the Democratic Republic of Congo have been recorded in Uganda.,Abalwadde abamu abalina akakwate ku Democratic Republic of Congo babaliddwa mu Uganda.,Abantu abarikuteekateekwa kuruga omuri Kongo bashangirwe omuri Uganda baine oburweire.,Kitiko nongo lutwo ne mukene makubbe ki dano me Democratic Republic of Congo I lobo Uganda.,Itunga luedumunitai adeka naka Ebola ko Uganda elomunitos koCongo.,Ba esu azo nde ma azi esule 'ba Democratic Republic Congoa 'diyi ma rua ri Uganda ra
SALT-TEST-0014,test,Police was deployed at all border points.,Poliisi zaateekebwa ku nsalo zonna.,Poriisi eshukirwe aha nsharo zoona.,Kicwalo abili katic I wang lobo weng,Aponi koyangarai ipolisin oikoruon luka akwap.,Ba da Polisi yi pari boda mile ru 'diyi ma alia si dria ci
SALT-TEST-0015,test,She will be responsible for monitoring the purchase of that equipment.,Ajja kuvunaanyizibwa okulondoola engula y'ebintu.,Naija kuba aine obujunaazibwa bw'okureebuuza okugura ebyoma ebyo.,En ticce obi bedo neno kit ma kiwilo kede machine me tic,Nges ebuni aimaniman nu agwela iswamasia.,Eri nga mu e'yo 'bani afa ayuzaru 'da jezuri ma vuti obi ni
SALT-TEST-0016,test,Pregnant mothers should visit the hospital.,Bamaama abali embuto basaanidde okugendanga mu ddwaliro.,Abakazi abeine enda bashemereire kuza ahirwariro.,Mego ma oy ma myero olim ot...yat,Ibusakinit angor nuepotiet  alosi adekis.,Ayia okporovuru diyi ma aci aro joa
SALT-TEST-0017,test,The people of the community should receive essentials as promised by the government.,Abantu b'ekitundu balina okufuna ebyetaagisa nga gavumenti bwe yabasuubiza.,Abantu b'omukyaro bashemereire kutunga ebirikwetengwa nk'oku Gavumenti yaraganiise.,Lwak omyero gunong jami ma mite kit ma gamente ocike kwede,Ekot itunga aijaun iboro kwape esumunitor apugan.,Le 'ba ongulumu 'da ma alea 'diyi ma esu afa ndundu orodriru 'diyi engazu gamete vu ra
SALT-TEST-0018,test,He dug a deep hole.,Yasima ekinnya ekiwanvu.,Akatimba ekiina kiringwa.,En otongo bur matut adada.,Abu ngesi kobok apany naidulo noi.,Eri ga 'bile aliruni.
SALT-TEST-0019,test,The woman introduced her man to her parents.,Omukyala yayanjulidde bazadde be omwami.,Omukazi akanjura omushaija we omu bazaire be.,Lamego ni onyutu lapal cwinye bot lunyodo ne,Abu aberu itodia okilenike nejaas iuriak ke.,Oku 'da ji agupi 'da e'da i ma tipika eyini
SALT-TEST-0020,test,He took a burden off my shoulders.,Yantikudde omugugu.,Akihaho omugugu aha maju gangye.,Okwanyo ter ki igwoka,Abu ngesi kolema abwokon kotoma okeperika.,Du nziza ma  gbuadriari ra.
SALT-TEST-0021,test,The cloth is one meter wide.,Olugoye luweza mita emu obugazi.,Omwenda gwangye nigupima mita emwe omu buringwa.,Bongoni lacce tye mita acel.,Erai egoe lo emita ediope.,Bongo nderi ma wala mita alu ali'be
SALT-TEST-0022,test,Twenty million people will be saved from illnesses.,Abantu obukadde abiri bajja kutaasibwa endwadde.,Abantu miriyoni makumi abiri nibaija kutambirwa endwara.,Kibilaro kwo pa dano milyon pyer aryo ki I kom two.,Eponio ayuwar itunga imilionin akaisarei kotoma adumun adekasinei.,Ba milioni iri nga yi epa azo dria ri si.
SALT-TEST-0023,test,There has been an increase in the number of defilement and rape cases.,Wabaddewo okweyongerayongera mu bikolwa by'okukwata abakazi n'okukabasanyizibwa.,Habiireho okweyongyera omu mibare y'okutoroboza n'okuhamba.,Wel jo ma ki buto kwedgi tek-tek ki lutino ma kipyedogi omede malo adada.,Apolor enaba loka itunga luebuio aisiyol noi.,Kalafe 'ba elini cazu ku 'diyi obizu azini lazu okpo alia 'diyiniri turia
SALT-TEST-0024,test,Some war victims complained about the package that they received.,Abamu ku abo abakosebwa olutalo beemulugunya ku ebyo ebyabaweebwa.,Abateirwe orutaro bakeetomboitwa ahabwa akasiimo akua baahiirwe.,Jo mogo ma bal otimme I komgi I kare me lweny okok I kom jami magunongo.,Apotu icetunga lueticanit ejie kongurianata kanuka iboro luapotu kesi kodumutu.,Ba candi isu'ba a'di si 'diyi o'nyo afa 'bani fele yi dri ri ma dria ci
SALT-TEST-0025,test,Developmental ideas lead to economic growth.,Ebirowoozo ebizimba bireeta enkulaakulana mu by'enfuna.,Ebiteiso by'entunguuka nibyongyera entaasya.,Tam me dongo lobo kelo dongo pa biacara,Aomisio nu edukete kes eyangaunete apolo.,Egata angu ezoma ni 'diyi fe geri robia esuzu 'diyini zozu.
SALT-TEST-0026,test,The fear of God is the beginning of wisdom.,Mu kutaya Katonda amagezi mwe gatandikira.,Okutiina Ruhanga nibwo butandikiro bw'obwengye.,Lworo Lubanga aye acaki me ngec.,Ayongit Edeke ngesi ageunet naka acoa.,Ruta Munguniri eri ondua ma e'dozani.
SALT-TEST-0027,test,The decision was made in October one thousand nine hundred eighty-nine.,Okusalawo kwakolebwa mu Gwekkumi lukumi mu lwenda kinaana mu mwenda.,"Okucwamu oku akakukora Okwaikumi, rukumi rwenda kinaana na gumwe.",Tam man kimoko I dwe me apar me mwaka alipa acel miya abungwen ki pyer aboro wiye abungwen,Aponi kitolomunai aseunet ngin Olap Loitomonet ekaru elukumit ediope akwatakanyaongon akaisakanyauni ikanyaongon.,Ba 'du andra e'yo 'diri mba mudri alifu alu turu oromi kali aro drini oromi si
SALT-TEST-0028,test,"The signing explained that the team is ready, motivated and eagerly waiting for the match.","Okumuwandiisa kwalaga nti ttiimu nneetegefu, erina amaanyi erindiridde oluzannya.","Omuzaani omusya ashoborwaire ngu tiimu eyeteekateekire, eine omuzimbwe, kandi etegyereize omuzaano n'ekihika kingi.","Latuku ni owaco ni dul tuku gi tye atera, gitye ki gen dok bene gitye ka kuru tuku ni totwal","Abu aitolomio na itodu ebe ekapakina etimu, isinyikokitai ido idarit abolia.","Ba mupira avipi 'bani je o'diru 'da kini amuti mupira avizu 'dari ngonde, ava be azini eyi abala 'da teria okposi"
SALT-TEST-0029,test,How are you going to protect her?,Ogenda kumukuuma otya?,Nooyija kumurinda ota?,Ibigwoko nining?,Epone bo ani ebeitor jo ayuwar ngesi?,Mi nga eri ma agei te ngoni ngoni?
SALT-TEST-0030,test,Some families are struggling to feed their children.,Abazadde abamu bakisanze nga kizibu okufunira abaana baabwe eky'okulya.,Amaka gamwe nigagumirwa kurisya abaana.,Lupaco mogo gitute atuta me nongo gin acama pi jo ma gang.,Eutsi ikalia ice kanu ainanakin idwekec inyamat.,Familia azi 'diyi dri ciria nyaka fezu yi vile anzi 'diyi dri.
SALT-TEST-0031,test,Each minister was asked to deliver a report during the meeting.,Buli minisita yasabibwa okuwa alipoota mu lukungaana.,Buri muheereza wa gavumenti akashabwa kuheerezayo ripoota omu ruteerane.,Kipenyo minista acel acel me miyo ripot i kare me cokke.,Aponi kolimokinai kangoliminisita ayangaun eripot kotoma apak naka airiamunet.,Ba zi minist alu alu yi o'duku sizari fezu sawa drifuzanirisi
SALT-TEST-0032,test,Two oversight bodies were created.,Ebitongole bibiri ebilondoola ebirala byatondebwa.,Ebitongore  by’akareebi bikatebwaho.,Kicako dul aryo ma ngiyo kor tic,Aponi kitolomunai atukona aarei kanu aingarenikin.,Ba e'do enyati azi e'yo ondepini yi iri
SALT-TEST-0033,test,The Allied Democratic Forces were to fight the Kampala government.,Aba Allied Democratic Forces baali baakulwanyisa gavumenti ya Kampala,Abaheekyera ba Allied Democratic forces bakaba bari ab'okurwanisa gavumenti ya Kampala.,Adwi Allied Democratic Forces ono omyero gulweny gamente ma Kampala,Abeit ajore naka Akwap aitiji apugan nako Kampala.,Ngurundua Allied Democratic Forces ni 'diyi dra a'di'di gamete Kampala niri be
SALT-TEST-0034,test,Where does it get money to finance its programs?,Kiggya wa ssente okuddukanya emirimu gyakyo?,Nikihankahi sente z'okwirukyirira entebeekanisa zaabo.,Nongo lim me timo ticgi ki kwene?,Aibo edumanakini ngesi ikapun kanu aigang ipurojektin ke?,Eri sende erini 'bale otita erini 'diyi ma aleari esu ngoa?
SALT-TEST-0035,test,The land is one of the biggest assets our grandfather left us with.,Ettaka kye kimu ku by'obugagga ebisingira ddala jjajja waffe omukyala bye yatulekera.,"Eitaka nikyo kyobugaiga ekirikukirayo obukuru, eki shwenkuru yatusigiire.",Ngom eni obedo gin ma dit loyo ma kwaro wa oweko wa kede,Eraas alupok idiopet kotoma abar na abu papaakosi inyeikina iso.,Nyaku 'da lonyi ambo ndeni ama a'bi ni ndra ku amani 'diyi ma azi
SALT-TEST-0036,test,The government allocated thirteen billion towards containing yellow fever.,Gavumenti yawaayo obuwumbi obuse kkumi na busatu okukwasaganya omusujja gw'enkaka.,Gavumenti ekataho biriyoni ikumi neishatu ez'okukora aha mushwija gw'enkaka.,Gamente omiyo cente bilion apar wiye adek me lweny i kom yellow fever,Abu apugan ijaik ibilionin itomonauni kanu aitikitikio eimidi loidosoikini akonye.,Gamete fe robia silingi bilioni mudrini na azo yellow fever niri atrizu
SALT-TEST-0037,test,Land must be legally registered in the names of the rightful owner.,Ettaka lirina okuwandiisibwa mu mateeka mu mannya ga nannyini lyo omutuufu.,Eitaka rishemereire kuhandikisibwa omu biragiro kandi omu maziina ga mukama waryo.,Ngom omyero ki coo maber inying rwede ki kome,Ekot alupok awadika kotoma okisila ido kokiroria ilopet.,Le 'ba ma si nyaku ma ru va geri azita palaa 'diyisi 'dika nyaku ei ma ru adari si.
SALT-TEST-0038,test,Companies have heavily invested in technology.,Amakampuni gatadde ssente nnyingi nnyo mu tekinologiya.,Zaa kampuni zitiire empiiha nyingi omubya tekinologiya.,Kampuni mapol guketo cente madit I kom tet manyen me kare-ni,Epikakisi ikampunin ikapun luipu noi toma otatai loakwana.,Amuti 'ba vuti aleza angiri e'yo tekenologianiri ma alia ra
SALT-TEST-0039,test,The taxi park is very conducive for carrying out business activities.,Paaka ya takisi nnungi nnyo okukoleramu emirimu.,Taxi paaka eboneire kukoreramu emirimo ya bizinesi.,Taxi park tye maber tutwal pi tic me biacara,Ejok epak kanu aitolosio ebiasara.,Takisi paki 'da anyu azi muke ni tujari 'yezu
SALT-TEST-0040,test,The court accepted that it is true and there is evidence for it.,Kkooti yakkiriza nti kituufu era waliwo obujulizi bwakyo .,"Kooti eikiriize ngu kihikire, kandi hariho obujurizi bwakyo.",Kot oye ni obedo ada dok bene caden tye,Abu adieket ocamu ebe erai abeit ejai ajenanut.,Koti ai ra kini eri e'yo adani dika e'yo e'dapi kini 'ye i ra ada ri ci
SALT-TEST-0041,test,The scholastic materials will be supplied to four schools in the northern region.,Ebikozesebwa mu masomero bijja kugabanyizibwa mu masomero ana mu bitundu by'obukiikakkono.,"Ebintu by'okukozesa omumashomer , nibiija kugabwa omumashomero ana, agarikushangwa omukicweeka kyamatemba ga Uganda.",Jami me kwan magi kibi poko gi bot gangi kwan angwen I kumalo me uganda,"Eponio aikor iboro lu itwasamao osomero, osomeroi iwongon ko Nyakoi.",Ba mu afa ndundu ekile buku eyile kalamu eyi pie 'diyi awa sukulu azi su woko oruleru ri ma alea ni eyi ma alea.
SALT-TEST-0042,test,The government should recover the misappropriated funds.,Gavumenti esaanidde okuzuula ssente ezaabulankanyizibwa.,Govunmenti eshemereire kugaruraho esente ezafiire.,Miri myero ogam lim weng makitiyo kwede I yoo marac.,Ibusakinit apugan ainyakun ikapun lumam itosomatai ejok.,Gamete ma omvi silingi ayule geri onzi si 'diyi be
SALT-TEST-0043,test,The High Court has dismissed the murder case against me.,Kooti enkulu egobye omusango ogw'obutemu ogwampawaabirwa.,Kooti enkuru yaabinga omushango gw'obwisi ogwabaire guntairweho.,Kot obolo woko adot me nek ki koma.,Agoloki Ekooti Loka Apolon emusagoka.,Dwani uruleruri li kesi 'ba 'dizani ma ruari ra
SALT-TEST-0044,test,Smart cities are the future of housing and environmental protection.,Ebibuga ebirimu tekinologiya by'ebiseera by'omu maaso eby'okuzimba n'okukuuma obutonde.,Endembo ezi barikuyonja gye nizirinda gye obuhangwa bw'ensi.,Boma matye ki lengo en aye obedo anyim gwoko odi ki cwec,Isitei lu itemonokitai kes ingaren naka itogoi ka eidare lo ejauetne lo akwap.,Aku ambo alataru 'diyi asi'baza jo siza ni tualu angu amani aa'zu alenia ri ma tambaza niri be ewu drialeri ma alea
SALT-TEST-0045,test,It is illegal for an employee to work without taking leave.,Kimenya mateeka omukozi okukola nga taweebwa luwummula.,Ebiragiro tibirikwikiriza omukozi kukora atarikutunga ekihuumuro.,Cik pe cimo ni latic omyero otii labongo nongo yweyo,Mam ecamakitai eswaman aswam komam ilipi alosite aiyeng.,Azita le ni ku agu azi ngapi ri ni azi ngazu lifu 'duzu kokoru.
SALT-TEST-0046,test,The ferry makes three trips in a day.,Ekidyeri kisomba emirundi esatu mu lunaku.,Ekitashaaya nikigyenda emirundi eshatu burizooba.,Ferry tiyo tyen adek inino acel,Ekeri apotipot isapalin iyarei aparan.,Feri ni aci o'du aluri ma alea paale na
SALT-TEST-0047,test,What is a toe and how is it different from the engine?,Toe ye ki era eyawukana etya ku yingini?,Toe niki kandi neyahukana ete na ingini?,Wirre pa tyen mutoka aryo me anyim (Toe) obedo ngo dok pat ki injin nining?,Inyoin bo akeje naka emotoka ido epone bo ani egelakinor keda einjin loka emotoka?,Afa mutukari ma pa ndrezu toe ru ri a'di afa ni dika eri ma esele coza afa engini ru ri be ngoni?
SALT-TEST-0048,test,Women should be educated about the different opportunities specifically present for them.,Abakyala balina okusomesebwa ku mikisa egy'enjawulo na ddala gye balinawo.,Abakazi bashemereire kushomesibwa ahamigisha erikuba eriho ahabwaabo.,Omyero ki rwee mon i kom gum mapat pat matye pi gi,Ekot angor aitosiom nuikamunitos iboro luegelegela tetere kanu arerengesio nu akopana.,Ba nga oku eyini imbata fe drileba ndundu eyini 'diyi ma dria
SALT-TEST-0049,test,She promised to give me a call in an hour.,Yasuubizza okunkubirako mu ssaawa emu.,Akaraganisa kunteerera omu shaaha emwe.,Ocikke me goona cim ingee cawa acel.,Abu ngesi kisumun ainomakin eong esimu kosawa ediope.,So oyo madri simu egbazu sawa alu ma alia.
SALT-TEST-0050,test,He bought for his mother a silver bracelet.,Yagulira maama we amajolobera aga feeza.,Akagurira nyina akagoye k'okwehundisa akazirwe omu feeza.,En owilo gingut ma kalane meny amenya bot mine.,Abu ngesi kogwelak totoke amedelit naka akan naka epuesa.,Eri je i ma andri dri emve dria dahaburuni'i
SALT-TEST-0051,test,The closed-circuit television cameras were installed in Kampala Metropolitan Policing Area.,Kkamera  enkessi zaateekebwa mu Kampala n'ebitundu ebiriraanyeewo.,Kamera -entatsi eza CCT bakazita omuri Kampala n'emyanya eyetooroire orurembo.,"Kamera ma menyo piny pi niang cawa ma bal otime iye kiketo gi I dye boma madit me Kampala, kama abili tiyo iye",Aponi kipikakina akameran toma aiboisio nuko Kampala neipu itunga.,Ba osu afa ondredrea ni angu ondrezu 'diyi angu azita o'bazu Kampala Metropolitan ni ma alia
SALT-TEST-0052,test,There are quite many others in that field.,Waliwo abalala bangi mu nsiike eyo.,Harimu abandi bingi omu mwoga ogwo.,Jo mukene mapol bene tye I tenge enoni.,Ipu itunga luejaasi toma aswam ngin.,Yi ma kalafe nde afa yi ni 'ye ri ma alia
SALT-TEST-0053,test,He has been voted president of the country.,Alondeddwa okuba omukulembeze w'eggwanga.,Yarondwa kuba omwebembezi  w'ihanga.,Kiyere me bedo ladit lobo ne.,Aseun ngesi kwape lokapolon akwap loka akwapuwok.,Ba ebi eri pe prisdent kariniriru.
SALT-TEST-0054,test,The police set him free as they could not find enough evidence against him.,Poliisi yamuta olw'okulemererwa okufuna obujulizi obumala obumulumika.,Poriisi ekamurekura ahabw'okuburwa obuhame burikumara bw'okworeka ngu n'enkozi ya bibi.,Polic ogonye woko pien onongo pe gitwero nongo caden ma moko ni en otimo bal mo.,Apotu ipolisin kolacakisi ngesi naarai mam kesi apedorete adumun adiokiro nuitogogongitos emusagoke.,Polisi ku eri ja yini ecozu e'yo ecezaruni isuzu capirisi kurisi
SALT-TEST-0055,test,Avoid contact with disease-infected people to prevent the spread of certain diseases.,Weewale okwetaba n'abantu abalwadde okwewala okusaasaana kw'endwadde ezimu.,Yetantare kuhikaana n'abantu abaine endwara okubaasa kuzibira okujanjaara kw'endwara ezimwe.,Gwoke pe ibed kacel ki dano matwo pi gengo nyayo two mukene,Mam igonganakinos keda itunga lu esurokit adeka kanu aitikokin awearo na acie adekasinei.,Le mi eci mi 'ba azoru 'diyi pie ku azo eyi ma ereta atrizu
SALT-TEST-0056,test,"Currently, we are raising funds to build the boys' dormitory.",Essaawa eno tusonda ssente okuzimba ebisulo by'abalenzi.,Obwahati niturundaana esente z'okwombeka oburaaro bw'aboojo.,"icawa ni, watye ka rayo cente me yubu ot butu pa awobe","Kopana, ituki iso ikapun kanu adukio ne eperete isap osomero.","Sa'wa 'disi, ama robia traria jo sukulu anzi agupianzi ru 'diyini lazuri sizu"
SALT-TEST-0057,test,The bank established agent and digital banking to extend banking services to the people.,Bbanka yatandiseewo enkola ya agenti ne digito banking okugaziya empereza zaayo eri abantu .,Banka ekatandikaho enkora ya baagenti hamwe n'eya kompyuta okubaasa kuhisya obuheereza omu bantu.,Bang eni oyabbo me tic ki agenti ki bene diro me cim wek dano mapol onong kony kibotgi,Abu aingadis ikapun itolomu eswamae loka aingada ikapun itosomaete elago kanu aisiekikin ejanakine otunga.,Erojo 'da e'do arakala nyiri azakoma fezu 'diyi tualu azakoma fele olialiasiri be azakoma fele o'bi eyidri ri edrizu 'ba eyivu
SALT-TEST-0058,test,Our family had nowhere to go after our house had been destroyed in the flood.,Ab'omu maka gaffe tebaalina wa kulaga oluvannyuma lw'ennyumba yaffe okusanyizibwawo amataba.,Eka yaitu ekaba etaine aherikubaasa kugyenda bwanyima y'enju yaitu kushishwa omwegyemure.,Lupacona onongo pe gitye ka mo ma girimo cito iye ma pii aluka obalo odiwa.,Amamei nabeit ekalekosi alosit akaulo namudiara ebulone etogokosi.,Ama vile familiari ma pari azi muzuni 'yo yi tizarini ama vile jo ezazu 'bori ma vutia.
SALT-TEST-0059,test,Her parents created a college savings account after her birth.,"Bwe yamala okuzaalibwa, bazadde be baamuggulirawo akawunta kwe bassa ssente ze ez'essomero.",Abazirebe bakatandika kubiika sente kubamuziire.,Lunyodo ne guyabo akaunt me gwoko cente me culu kwan mege I ngee nywale.,Apotu auriakake kiswamautu akant naka aimono ikapun luka asiomanike akaulo nawurunere nges.,Eri ma tipika nzi okporo sende ta mbazu anzi dri omvele college savings account erini osizu 'bori ma vutia
SALT-TEST-0060,test,Very few women have an interest in football.,Abakazi batono nnyo abaagala omupiira gw'ebigere.,Ni abakazi bakye abarikuhagira omupiira gw'ebigyere.,Mon manok adada aye gitye ki miti I kom odilo.,Ikidioko angor lueminasi emopira.,Oku were 'ba asi mupira tuzari ma driani
SALT-TEST-0061,test,What do you want to talk about?,Oyagala kwogera ku ki?,Nooyenda kugamba ahari ki?,Imito lok I kom gin ango?,Ikoto jo einer nuikamunit inyo?,Ele e'yo nze a'du ma dria?
SALT-TEST-0062,test,Lodges are relatively cheaper than hotels.,Loogi zitera kuba za miwendo mitono bw'ogeraageranya ku wooteeri.,Zaaroogi  tizirikuzimba waagyeragyeranisa na zaahooteeri,Pol kare wel lodge yot  maloyo wel otel,Edit eitai loka ilojin adepar ioterin.,Loji yi nde were aje elesi aka hoteli yi ra
SALT-TEST-0063,test,He was not impeached.,Teyavunaanibwa.,Tarajunainwe,Pe ki kwanye ki itic,Mam nges aponi olemarai.,Ba awini eri nze azi pari erini ma alea risi kuye
SALT-TEST-0064,test,Medical bills are very expensive.,Ebisale by'eddwaliro binene.,Ebishare by'eirwariro n'eby'omuhendo gw'ahaiguru.,Wel cul me ot yat dit tutwal.,Epol etiai loka amukian kadekis.,Aro isuza ma ajeru tu
SALT-TEST-0065,test,I enjoyed watching the animal documentary.,Nnanyumirwa nnyo okulaba firimu y'ebisolo.,Nkashemezibwa okureeba akatambi k'eb'yenyamaishwa.,Neno lok angeya ikum lee pwud dong oyomo cwinya tutwal.,Aminakinit eong asesen ebidio loka itiang.,Ma ayiko isu senema e'yo anyapa yi ma driariniri ndrezasi ra
SALT-TEST-0066,test,She had a voice singing outside the door.,Yawulira eddoboozi ly'omuntu ayimbira wabweru w'oluggi.,Akahurira iraka niryeshongora aheru yogwigi.,Owinyo dwon matye ka wer woko.,Abu ngesi kopup eporot ewoi kokinga.,Eri o'duko ongo ngoria jotilia amveleru
SALT-TEST-0067,test,Members of parliament represent community members at a national level.,Ababaka ba paalamenti bakiikirira abantu mu bitundu ku mutendera gw'eggwanga.,"Abakiiki omwishengyero, nibajwekyera abantu b'omubyaro aharurengo rweihanga.",Lumemba me ot moko cik gicung pi lwak me ka bedogi,Ebwoikitos imeeban luka airabet itunga adoketait nakokuju.,Azi'ba koloseni ni 'diyi pa tu 'ba ongulumua 'diyi ma paria kari ma alea ndulu.
SALT-TEST-0068,test,The new government brought forward the Sudanese economic revival plan.,Gavumenti empya yaleeta enteekateeka ez'okuzza ebyenfuna bya Sudan ku luguudo.,Gavumenti entsya eyimukize entekateeka y’okutunguura ebyentatsya.,Gamente manyen okatti ki yub me roco tic me lim ki cato wil me lobo Sudan.,Abu apugan naitetet koyangau ainapeta nuka Sudan kanu aisikwarun edumunekec loka ikapun.,Gavumete o'di ri eji otita erini lezu lonyi kari niri otuzu ri 'bo
SALT-TEST-0069,test,She likes eating rice with chicken.,Ayagala nnyo okulya omuceere n'ennyama.,Nakuunda okurya omuceeri hamwe na enkoko.,En maro camo ringo gweno ki mucele.,Emina ngesi ainyam emuceri keda akokor.,Eri le mucele ausiri nyaza tu.
SALT-TEST-0070,test,Things are very bad in the district.,Ebintu bibi nnyo mu disitulikiti.,Ebintu ni biibi munonga omu disiturikiti.,Jami tye marac I dicitrwik ne.,Erono ejautene loka edisitrikita.,E'yo distikti ma alia 'diyi onzikanya ru tu
SALT-TEST-0071,test,"When some people die, their property is presided over by their relatives.","Abantu abamu bwe bafa, ebintu byabwe birabirirwa ab'enganda zaabwe.","Abantu abamwe ku barikufa,ebintu byabo bitwarwa abanyabuzaare.","Ka dano mogo guto, wadigi aye gigwoko jamigi ma odong.","Etwakata icetunga, irumete ipajanakec iborokec.","Ba azi 'diyi ka dra 'dini, yi ori'ba yi okpo 'du afa lonyiru yini 'diyi ma driani"
SALT-TEST-0072,test,The district has extended counselling services to the refugees.,Disitulikiti esembezza enkola y'okubudaabuda eri abanoonyiboobubudamu,Disiturikiti ehikize obuheereza bw'okuhuumuriza aha mpungi.,dictrikocwalo kony me miyo tam bot luring ayella,Abu edisitrikt isiekik ainapeta  lu aicorio nejaas ikerai.,Distrikiti edri azakoma asi omiza ni 'diyi emunyale eyini
SALT-TEST-0073,test,She was appreciated for her impactful missionary education service.,Yasiimibwa olw'okubeera omuminsani eyayigiriza abantu ebintu ebyabakwatako ennyo.,Akasiimwa ahabwo kukwatwaho k'obuyambi obuyaherize omuby'obwegyese.,En obedo lamiconari dok lapwony maber ma pol pa dano gipwoyo ticce.,Aponi isiyalamikinai ngesi kanuka aswamuke naka alimonokin.,Ba fe drinia inzita azi onyiru pamvu be ci  erini nga e'yo Munguni embazurinirisi.
SALT-TEST-0074,test,How long should you wait before marrying?,Olina kulinda bbanga ki nga tonnawasa?,"Oine kutegyereza obwire burikwingana ki, okabona kushwera?",Omyero ikur pi kare marom mene mapwod pe inyome?,Apak bo na etia ai idareuni ijo erongo edukokina?,Le mi ma te sa'wa ngopi de nga po'di i'duni agupi kaniku oku ku?
SALT-TEST-0075,test,He was once the chief justice of the Supreme Court.,Yaliko omulamuzi wa Kkooti Ensukkulumu.,Akabaho mukuru w'abaramuzi omu kooti enkuru.,Yang obedo lador kot mamalo loyo weng.,Arai kolo ngesi ekatubon lokapolon kokooti lokapolon.,Eri andra sa azini ma alia drile Dwani kari siri niri'I
SALT-TEST-0076,test,Adults should be allowed to be independent.,Abantu abakulu basaanidde okuweebwa eddembe okwetwala.,Abantu abakuzire nibaikirizibwa okwetegyeka,Myero giyee ki ludito me cung iwigi gigi.,Ibusakinit acamakin itunga luapolok aseun nuekotosi kesi.,Le 'ba ma ku 'ba w'ara diyi ma ovu yi si
SALT-TEST-0077,test,Our bodies are the temple of God.,Emibiri gyaffe ye yeekaalu ya Katonda.,Emibiri yaitu ni hekaaru ya Ruhanga.,Komwa tye calo ot pa lubanga.,Eraasi awatewok eyekalu loka Edeke.,Rua amani 'diyi hekalu Munguniri'i
SALT-TEST-0078,test,We slashed the grass in the compound.,Twasaawa omuddo ku luggya.,Tukashuusa obunyansi omu mbuga.,Wa jwero dyekal maleng adada.,Apotu sio ekatata alaro.,Avo ase aku ma driari ra
SALT-TEST-0079,test,The residents were ready to fight.,Abatuuze baali beetegefu okulwana.,Abataaka beheireyo kurwana.,Onongo lutedero dong tye atera me lweny.,Akapakin itunga luka atutubet ejie.,Ba ori'ba angu nde ma ali 'diyi ovu ngonde aco cozu
SALT-TEST-0080,test,Online courses are more convenient.,Okusomera ku mutimbagano kwanguwa nnyo.,"Okwegyera aha intaneti, nikwanguha.",Kwan me internet obedo gin ma pe balo yub wa,Ikoosin lu itolosio kolago ejokuka.,Kosi la olialiasi intaneti si 'diyi muke ndeni
SALT-TEST-0081,test,He said the solution to the first two categories is criticism.,Yagamba nti eddagala ly'ebiti ebibiri ebisoose kwe kuvumirira.,Akagira ngu eky'okukora aha miringo ebiri eby'okubanza ni n'okujumiirira.,En owaco ni lagam pa lok matye I dul maryo ma okwongo ni obedo kwero timo egoni.,Abu ngesi kotema ebe iboro yeningarakini iponesio iarei lu ngesi aitoroneta.,Kini  e'yo iri oko 'diyi ma azakozuri le e'yo a'dazani.
SALT-TEST-0082,test,Trading activities encourage economic development.,Eby'obusuubuzi bikubiriza  enkulaakulana mu by'enfuna.,Eby'obushuubuzi nibireetaho entunguuka omubyentasya.,Biacara kelo dongo lobo,Aswamisinei nu agwelanar isinyikokit apol.,E'yo afa ndundu eyi ozizu ri ni okpo fe angu ezoma robia esuta siri ni
SALT-TEST-0083,test,What do you have to say about this land matter?,Kiki ky'oyogera ku nsonga y'ettaka eno?,Okaagamba ki aha nshonga y'eitaka eri.,Itwero loko lok ango I kom ngom man?,Inyoin bo ipedori jo einer kanuikamunit alupok nu?,Afa mini eco 'yo e'yo nyaku 'diriniri ma driari ngoni?
SALT-TEST-0084,test,The team played so well.,Ttiimu yazannya bulungi.,Tiimu ekazaana kurungi.,dul tuku ni otuku maber totwal,Abu etimu obolia ejok.,Amuti mupira avizu 'da avi ndra muke saaru
SALT-TEST-0085,test,The defendant's lawyers stated that they want to see justice served.,Bannamateeka b'omuwawaabirwa baagamba nti baagala okulaba obwenkanya nga bukolebwa.,"Ba puriida ba kihababirwa, bakagira ngu nibenda kureeba oburinganiza omu mushango.",Lupirida pa ngat ma adot tye i kome ni guwaco ni gimito neno ka adaa bedo tye ilok eni,Apotu ipulidan kalo iwosatai eketakinos ebe ekotosi kesi ekisil iswama.,ꞌBa ꞌbani toleri vile loya ꞌdiyi kini yi le ne ꞌba ꞌye eꞌyo ta sipi azita palaari ra.
SALT-TEST-0086,test,Most people retire at the age of sixty five.,Abantu abasinga obungi bawummulira ku myaka nkaaga mu ettaano.,Abantu abingi bahuumura emirimo haabo biine emyaka makumi mukaaga na etaano.,Pol pa dano gigiko tic ma nongo gitye ki mwaka pyerabicel wiye abic.,Itunga luipu iyengununete eraasi ikar akaisakanyape ikanyape.,Ba yi tutuni azi ku eli be kali azia.
SALT-TEST-0087,test,Speeding can reduce fuel efficiency by up to thirty percent.,Okuvugira ku sipiidi ey'amaanyi kiyinza okukendeeza enkekkereza y'amafuta ebitundu asatu ku buli kikumi.,Emootoka erikwiruka juuba nekozesa amajuuta maingyi,Dwoyo motoka madwir ilo rwom me camo moo I rwom me wel ma obedo pyer adek iwi miya (30%).,Epedori akerit keda esipidi aitidisiar etia loka akinyet naitosomai jo keda akaisauni kotoma akwatat.,E'yo mutukari ma nzuza niri eco odu mvuza omvi kpere kali na turu dria
SALT-TEST-0088,test,They should help one another prosper.,Balina okuyambagana okuwangula.,Bashemereire kuhwerana ahabw'entunguuka.,Omyero gu konye me dongo,Ekot kes aingaranakin.,Le eyi ma fe azakoma eyini eyi ma eselea agata esuzu
SALT-TEST-0089,test,The police disciplinary committee settled this dispute.,Akakiiko ka poliisi akakwasisa empisa kaamalawo obutakkaanya.,"Akakiiko ka poriisi akarikukwatisa emicwe, kakakora aharubanja rwe.",Dul pa abili ma neno lok kom woro aye otiyo i kom lok eni,Abu ekomiti loka polis isinapik engunget lo.,Amuti polisi yini ꞌba eꞌyo ezapi ꞌdiyi ma eꞌyo onepiri ko eꞌyo ngiringiriru ꞌdi ma azani.
SALT-TEST-0090,test,We do not have daycares and nursery schools in our area.,Mu kitundu kyaffe tetulina masomero bazadde gye basobola kusiibya baana bato nnyo na masomero ga nnasale.,Titwine mashomero g'okureeberera abaana bato na za nasare  omu kicweka kyaitu.,Pe watye ki gang kwan me nacari I kabedowa.,Imameete sio keda isomeroi luidarere idwe keda isomeroi luka enasare kotoma atutubetekosi.,Pari anzi nyiri ta mbazu etusi azini nursury sukulu yi ama vile angua yo
SALT-TEST-0091,test,People have blessed the organisation for this great endeavour towards them.,Abantu basiimye ekitongole olw'ebyo bye kigezaako okubakolera.,Abantu bashabiire ekigombe emigisha ahabw'omurimo muhango ogu babakoreire.,Dano ogoyo laa me gum maber bot dul eni pi tic ma meg gi,Elipakisi itunga erionget kanu aisanut kec na egogong aingarakin kes.,Ba eyi co tusu amuti 'da ma dria azi onyiru erini 'ye eyi dri risi
SALT-TEST-0092,test,The district task force has conflicts with the West Nile press association.,Akakiiko akakubirizi kayina obukuubagano n'ekitongole ky'amawulire ekya West Nile press association.,"Akakiiko akateirweho, kaine obutaikirizana n'ekibiina ky'abanyamakuru omu West Nile.",Joo ma kiyero gi me tic i kom corona tye ka telo tol ki dul pa lupok lok angeya me west nile,Ejai engunget kiding atukot naka itunga luingaranakinete luce  lo edisitrikt keda West Nile press association.,Ngiringiri drice'ba azo korona niri ni distrikitia 'diyi ma eselea amuti 'ba osisia ni Westnilea 'diyi be ci
SALT-TEST-0093,test,The maize leaves have been eaten by caterpillars.,Ebikoola bya kasooli biriiriddwa ebisaanyi.,Amababi g'ebicoori gariirwe kanyogombwa,Pot anyogini kwidi malak otyeko camo ne woko,Anyamasi ikur akwii ekirididi.,O'bu eyi nyaki kaka 'da ma bi eyi te.
SALT-TEST-0094,test,The minister promised financial aid to all people affected by the fire.,Minisita yasuubiza obuyambi bw'ensimbi eri abantu bonna abaakosebwa omuliro.,"Minisita akaraganisa abantu abaarabanisiibwemu omuriro, obuhwezi bw'esente.",Minicita ocikke me miyo kony me cente bot dano weng ma jamigi owang,Abu eminista isumu agangat na ikapun nejaas itunga kere lu edumunitos ationis na akim.,Minisita 'da owi i atita robia siri fezu 'ba dria aci 'da ni eyi ma afa eyi ezazu ra 'diyini
SALT-TEST-0095,test,He joined the health club this year.,Yeegatta ku kiraabu y'eby'obulamu omwaka guno.,Akeeyunga akakibiina ky'okutunguura eby'amagara omwaka ogu.,En odonyi I dul ma pa jo ma girweyo lee teretere pi yoto kom I mwakani.,Abu ngesi koloma toma okilabu loka angaleu okaru lo.,Eri fi amuti rua ma alataniri ma alia eli 'disi.
SALT-TEST-0096,test,Your mother bought a green dress from my shop yesterday.,Maama wo yaguze ekiteeteeyi ekya kiragala mu dduuka lyange jjo.,Maama wawe aguzire ekiteteyi kya binyansi mu duuka ryangye ny'omwebazo.,Mamani owilo bongo ma kalane gureen ki i dukanna laworo.,Abu totokon kogwel egoe lopiria koidukaka bian.,Mi andri je aje bongo ribiruni engazu ma vile dukania ra
SALT-TEST-0097,test,My mother told me to share my birthday cake with my friends.,Maama wange yangambye okugabana ne mikwano gyange keeki yange ey'amazaalibwa.,Maama akangamire ku mbagana omugaati gw'amazaarwe gangye n'abanywani bangye.,Mamana owaco ni apok kek me kwero nino nywala ki lurema.,Abu totoka kolimok eong aimor ekeekika loka aurio keda ipaperoka.,Ma andri 'yo ma dri kini ma ma awa keki o'du mani osizuriniri ma agyipi yi pie.
SALT-TEST-0098,test,All teenage girls need affordable access to sanitary pads.,Abawala abavuvuka bonna beetaaga okuba n'obusobozi okufuna ppamba w'ekikyala.,Abaishiki boona nibetenga okutunga sanitare paadi.,Lutino anyira weng omyero gubed ki gum me nongo bongo ma konyo gi ikare two dwee gi ma wele yot,Ekot apesur kere opedoriata agwela apads,Le ezoanzi dria zopi zozo 'diyi ma esu padi eyi aje were si azini ewakokoru ra
SALT-TEST-0099,test,He joined the army at sixteen years.,Yayingira amagye nga wa myaka kkumi na mukaaga.,Akengaita aha mahe obuyabaire aine emwaka ikumi na mukaaga.,Odonyo i mony ma onongo tye ki mwaka apar wiye abicel keken.,Abu ngesi koloma toma ajore erai ikar itomonakanyape.,Fi asikaria de elini mudri drini azia.
SALT-TEST-0100,test,Every patient will have one attendant strictly.,Buli mulwadde ajja kuba n'omujjanjabi omu yekka.,"Buri murwaire weena, naikirizibwa kugira omujanjaabi omwe.",Latwo acel acel bi bedo ki dano acel keken ma tye kagwoke ioot yat,Ngin adekan ebeit ajaut keda idiope edaran bon.,Ba 'ba azoru ri ma agei tepi ri ni lu nga mu adri alu
SALT-TEST-0101,test,A new health center is being built in the region.,Eddwaliro eppya lizimbibwa mu kitundu.,Eirwariro erisya rikweise niryombekwa omu kicweka.,Kitye ka yubu ot yat manyen i twok piny eni,Ewatai aiduk adekis aiboisit kosi.,Ba arojo azi o'diru ni si angu 'da ma alea
SALT-TEST-0102,test,The road construction will begin this week.,Okuzimba oluguudo kujja kutandika mu wiiki eno.,Okukora oruguuto nikwija kutandika esande egi.,Yubu gudi obi cake icabit manyen,Ebeit adukio na erot agear osabiti lo.,Ba nzila 'da ma sita e'do wiki 'disi
SALT-TEST-0103,test,The district has established a team to monitor public servants.,Disitulikiti etaddewo ttiimu okulondoola abakozi ba gavumenti.,Disiturikiti eteireho tiimu ey'okureebuuza abakozi ba Gavumenti.,dictrikoyubu dul pa dano ma neno kit ma lutic timo ki tic gi,Etolomu edisitrikt etimu lo imanimani eswamak lu apugan.,Distrikiti 'da e'do amuti azi azi'ba o'bi eyini 'diyi ma pamvu onezu
SALT-TEST-0104,test,People commit crimes for money and survival.,Abantu bazza emisango basobole okufuna ssente n'okweyimirizaawo.,Abantu nibakora ebihagaro ahabwa sente hamwe n'okubaho.,Dano timo bal pi cente ki yenyo kwo.,Ebilibilete itunga ikisila kanuka ikapun keda aitolot aijar.,Ba yi azita onyo robia dri azini yi ma idri ta mbazu
SALT-TEST-0105,test,They should allow children to express their thoughts and ideas.,Balina okukkiriza abaana okwasanguza ebirowoozo byabwe.,Bashemereire kwikiriza abaana okuhayo ebiteiso byabo.,Omyero giwek lutino gubed agonya me miyo tamgi,Ekot kes alakakin idwe alimun nukec aomisio.,Le 'ba ma fe anzi nyiri eyi ma nze e'yo eyi ma egata eyi ma dria indi.
SALT-TEST-0106,test,They condemned police brutality.,Baavumiridde obukambwe bwa poliisi.,Bakajumirira okutuntuza abantu kwa poriisi.,Ki kwero tim aranyi pa abili ni,Aponi itoroniarai ipolisin kanu amumu kec.,Eyi nzeki e'yo onzi e'yo polisi eyini 'ba eyi cozuri ma dria
SALT-TEST-0107,test,He borrowed a lot of money from the bank.,Yeewola ssente nnyingi mu bbanka.,Akeguuza empiiha nyingi kuruga omwibikiiro rya sente.,Odeno wel cente madit tutwal ki I bang/benge.,Abu ngesi kilip ikapun luipu noi kaingadis naka ikapun.,Du mari robia ni angiri enga zu ero robia ma ta mbazuri vu
SALT-TEST-0108,test,Hiring foreign doctors will improve health services.,Okukozesa abasawo ab'ebweru kijja kulongoosa mu by'enzijanjaba.,Okwejuniisa abashaho b'amahanga agandi nikyeija kureetaho entunguuka omu buhereza bw'ebya magara.,Coyo daktari me lobo mawoko biyubu tic me yot-kom.,Ayangaun imurok luka akwapin ace epote aitojokaar angaleu.,Ojio juru ru 'diyi ayuzu ri nga e'yo alata ni 'diyi out ra
SALT-TEST-0109,test,The job applicants were required to submit their resumes and cover letter during the application process.,Abo abaawaayo okusaba kwabwe okw'omulimu kyali kibeetaagisa n'okubaako ebirala bye bawandiika ebiboogerako.,Abaabaire nibashaba emirimo bakashabwa kuhayo amabaruha hamwe n'ebihandiiko birikubakwataho baaza kushaba emirimo.,timo jami kore ki kore.,Aponi kolimokinai itunga luamootos aswam ainakin ibaluwanakec keda apapulai nuka esomero.,Ba a'i ndra 'ba azi zi'ba 'diyini yi vile adi azini waraga azi zizuri fezu sawa yini  waraga azi zizuri fezurisi.
SALT-TEST-0110,test,Local revenue should be tracked and monitored to fight embezzlement of funds,Emisolo egikungaanyizibwa kuno girina okulondoolwa okulwanisa okukozesa obubbi bw'ensimbi,Esente z'eihanga zishemereire kukuratirwa kandi bakazireebuuza kugira ngu ziremwe kukozesibwa kubi.,Cene me mucoro omyero niang obed tye i kom kama tye iye dok kinen kit ma kitiyo kwede pi lweny i kom camcana,Ekot aimaniman ka atupakit ikapun lu esolo kanu atiji nu akoko.,Le 'ba ma one robia esule kari 'di ma alea ogogo 'diyi one one a'di 'dizu e'yo robia oguzu 'diyi be
SALT-TEST-0111,test,We need committed teachers to teach candidate classes.,Twetaaga abasomesa abamalirivu okusomesa mu bibiina eby'akamalirizo.,"Nitwenda abeegyesa abehaireyo, beegyese ebibiina eby'akamaririzo.",Wamito lupwonye ma keto cwiny gi wek gupwony lutino ma cito katimo peny me agiki,Ikoto iso isisianakinak lu emonokina aisisianakin esisiak lu angetakinak.,Ale ki imba'ba eyi owi pi azini ra 'diyi kilasi anzi depi dede 'diyini ri imbazu i
SALT-TEST-0112,test,The number of illiterates is alarming.,Omuwendo gw'abatamanyi kusoma na kuwandiika gwewuniikiriza.,Omuhendo gw'abantu abatashomire nigutangaaza.,Wel joo ma pe gukwano dwong totwal,Epuata itunga lu mam esiomitos.,Ba sukulu lapi ku 'diyi ma kalafe oriori ru
SALT-TEST-0113,test,Political analysts are concerned with the opposition's separation.,Abeekenneenya eby'obufuzi beeraliikirivu olw'enjawukana eziri mu b'oludda oluvuganya gavumenti.,Abakugu omu by'obutegyeki bakwatsirweho okwahukana kw'ebibina ebirikuhakanitsya gavumenti.,Ludiro kacel ki lumii tam I kom cungu iwi bye tye ki lworo I kom konne pa dul pa joma pe giyee ki lok pa gamente.,Iyalongongosi angicak nuka politikis kanu atiakatiaka naejai kiding ipatei luka etepegak.,Ba egata fepi e'yo politikini 'diyi ma dria 'diyi ovu asi otiza be esele coza 'ba ageti otizni 'diyinirisi
SALT-TEST-0114,test,We had to reduce our wedding guest list to twenty people because of the pandemic.,Twalina okukendeeza omuwendo gw'abantu ab'okuba ku mbaga yaffe okutuuka ku bantu abiri olw'ekirwadde.,Tuka kyendeza orukarara rwa'abagyenyi beitu aha kugaitwa kuba amakumi abiri ahabwa pandemic.,Wadwoko wel dano ma gibibedo i nyom i pyeraryo pi two korona.,Apotu iso etidisiasi ipejok lu apote opete toni akasaire kanu adek najaai akwapin kere.,Anga asi ru otile 'ba emupi ama vile omu oku bizaniri ma alia 'diyiniri omvi ecazu 'ba kali iri azo 'dezari ma e'yosi.
SALT-TEST-0115,test,The biggest part of Kampala city is in Buganda kingdom.,Ekitundu ekisinga obunene eky'ekibuga Kampala kiri mu bwakabaka bwa Buganda.,Ekicweeka kiihango eky'orurembo rwa kampala kiri omu bwakaba bwa Buganda.,Dit pa boma Kampala obedo I ngom ker pa Buganda.,Atutubet napolon kakere nako site nako Kampala ngesi ajakanut nako Buganda.,Aku ambu Kampala ni ri ma kala ambo turi angu opi Buganda ni ri ma pala ri'i
SALT-TEST-0116,test,He said he meant his words.,Yagamba nti ebigambo bye yali abitegeeza.,Akagira ngu akaba akimanyiise.,Owaco ngo ma ewaco bitimme.,Abala ngesi ebe ebuni ngesi aswam ngun.,Kini i 'yo 'bo.
SALT-TEST-0117,test,Everyone thought that his idea would work but it did not.,Buli omu yali alowooza nti ekirowoozo kye kyandikoze naye si bwe kyali.,Buri omwe akaba nateekateeka ngu ekiteekateeko kye nikiza kukora kwonka tikirakozire.,Ngat acel-acel obedo ka tamo ni tamme bitic ento pe otime kit meno.,Kanginitunganan abu komoom ebe ebuni aomisioitike aswam konye mam abu iswama.,Ba dria ega andra kini egata eriniri eco ndra azi nga ra te awini nga ku ye.
SALT-TEST-0118,test,The authors studied the incidence of corruption in local governments.,Abawandiisi beekenneenya ebikolwa eby'obulyi bw'enguzi mu gavumenti z'ebitundu.,Eyahandikire akashoma oburibwenguuzu omu bitongore bya gavumenti ey’ahansi,Lucoc ne gungiyo I lok me camcana I tic pa miri me tedero.,Isisiatos ewadikak akiro nuka amidic apiyai kotoma eswamak lukokwap luka apugan.,Ba  e'yo nde si'baa 'diyi ovaa e'yo paleko anyambolo gamete ele 'diyi ma alia 'diyi ni yi 'yezu 'diyi ra
SALT-TEST-0119,test,I logged into my email address using his computer.,Nnakozesa kompyuta ye okugenda ku email yange.,Nkatandika kukoresa endagiiriro yangye y'ahamutimbagano ndikukoresa kompyuta ye.,Ayabo e-mail adreca ki kompiuta ma mege,Abu eong aloma toma email ka etosomai akekompiuta.,Ati dri fizu mavile pari wara alia ma aliasi emailruria eri vile computersi
SALT-TEST-0120,test,His birthday party didn't go as he had planned.,Akabaga k'amazaalibwa ge tekaatambudde nga bwe yabadde ayagala.,Embaga ye y'amazarwa tebiire  nkoku abaiire naagyenda.,Kwero nino nywal ne pe okato kit ma oyubu kwede.,Mam epucitike loka aiitun aurioke abu kolot epone loetemokinitere.,O'du erini osizuri ma omu nyaza awini aci erini otilerile ku.
SALT-TEST-0121,test,Why do referees manipulate games?,Lwaki baddiifiri bafutyanka emizannyo ?,"Ahabwenki, abateezi b'efurembe barikuhindagutura emizaano?",Mono pingo referee gi balo tuku?,Inobo ber ekusiatar akutak lu emopira eede?,Ba mupira vupi 'diyi abala eyi oja a'dusi?
SALT-TEST-0122,test,No one knows why some workers were laid off.,Teri amanyi lwaki abakozi abamu baagobeddwa.,Tihaine orikumanya ahabw'enki abakozi abamwe bashazirweho.,Petye ngat ma ngeyo pingo ki juku tic pa joo muken-oo,Emamei yen ejeni ibore alemarere eswamak.,Ba azi nini 'ba dro azi'ba azi eyi azia si te a'du ma e'yosi yari ku
SALT-TEST-0123,test,Whose daughter is that?,Oyo muwala w'ani?,Ogwe nimuhara wooha?,Caani nyapa anga ni?,Na bo angai ikoku ngin?,Da a'di ma zii'i ya?
SALT-TEST-0124,test,My work license was stolen.,Layisinsi yange enzikiriza okukola yabibbwa.,"Ebaruha yangye erikunyikiriza kukora, ekaibwa.",Waraga na me tic ki kwalo-oo,Aponi okokwarai alasisi ka na aswam.,Ba ogu ma kokobi fele azi ngazu ri te.
SALT-TEST-0125,test,Men are really respected.,Abasajja mu butuufu bassibwamu ekitiibwa.,Abashaija nibaheebwa ekitiinisa.,Coo ki woro gi totwal,Eyongitai ikiliok.,Ba fe agupi eyini inzita saaru
SALT-TEST-0126,test,The number of prisoners in this prison has increased.,Omuwendo gw'abasibe mu kkomera lino gweyongedde.,Omubare gw'abasibe omu kihome eki gweyongyeire.,Wel lumabuc omede woko I ot kol man.,Eyatakin noi enaaba loka isibei kojera kalo.,Kalafe aru'ba yini arujo 'di ma aliari tu ra
SALT-TEST-0127,test,Lagardere demands a huge compensation from the Confederation of African football.,Lagardere abanja ssente nnyingi okuliyiribwa okuva mu kakiiko akaddukanya omupiira gw'ebigere mu Afirika.,Lagardre neyenda eshashurwe sente nyamwingi kuruga omukitongore eki.,Lagardere tye ka mito wel cul madit tutwal ki bot dul me Confederation of African football pi ngolo winyegi.,Ekoto Largadre ebe kotaci ikapun luipu kama ejai Atukot Naka Emopira koAfrica.,"Lagarde le Confederation of African Football, ma ofe i angiri."
SALT-TEST-0128,test,Here are the political aspirants from the different parts of the country.,Bano be beesimbyewo okuva mu bintundu by'eggwanga eby'enjawulo.,Aba nibo besimbireho omu by'obutegyeki kuruga omu bicweka byeihanga ebitari bimwe.,Man aye lucungu me kabedo mapatpat me Uganda,Kane ejaas abwaak luka aiboisio nuegelegela kakwap.,Ba pa so pi politiki 'di ma alea angu ndundu kari 'dia ri eyi 'di.
SALT-TEST-0129,test,They are members of well-resourced and media anti-government exile groups.,Ba mu bibiina ebivumirira gavumenti ebivuggirirwa obulungi.,Nibamwe aharyabo abari abamahurire abgyire aheeru kandi abaine ekibaine abarikuhakanisa gavunmenti,Gubedo lumenba me dul matye ki lim dok malwenyo I kom miri ki woko.,Eraasi kesi imeeban luka egurupu luka iyemuto lumam eraasi loka apugan.,Yi memba amuti afa dria azuzaru 'diyi be azini 'ba e'yo oyu'ba gamete ati'baa ku apa'baa ra 'diyi ni
SALT-TEST-0130,test,"After some discussions, the killers left.","Oluvannyuma lw'okubaako bye boogera, abatemu baagenda.",Ahamuheru gw’okuganiira abaitse bakagyenda,"I ngee nywako lok mapat-pat, luneko ne gucito.","Akaulo naka aitetem akiro adis, apotu ikaarak konyoutu.","E'yo o'yoza azi ma vutia, 'ba 'ba o'di'baa 'dayi ku angu ra"
SALT-TEST-0131,test,Students are addicted to sports betting and listening to music.,Abayizi baagala nnyo okusiba ku mizannyo n'okuwuliriza ennyimba.,Emitima y'abaana ekahabira omuri zaara n'okuhurikiza obweshongoro.,Tim me betting ki winyo wer omoko totwal i kom lutino kwan,Eminakitos idwe epiki loka emopira ka aipup emusik.,Sukulu anzi eyi econi aa jeki 'beza azini ongo eriza kokoru ku
SALT-TEST-0132,test,How are basketball points counted?,Obubonero bw'omupiira gw'ensero bubalibwa butya?,Obubonero bwa basiketi booro nibubarwa buta?,Kikwano poin me loc me tuko basket ball nining?,Apointan bo imaritai kotoma abolia naka emopira loka adita?,Ba otita kalafeni avita basketballnirini 'diyi la ngoniru?
SALT-TEST-0133,test,Many organizations don’t have money.,Ebibiina bingi tebirina ssente.,Ebitongole ebyingi tibiine sente.,Pol dul mapat-pat pe tye ki cente.,Mam atukona nuipu ejaasi keda ikapun.,Amuti karakara yi vu sende yo.
SALT-TEST-0134,test,He is one of the trainees at our company.,Y'omu ku batendesi mu kampuni yaffe.,Ni omwe aha barikutendekwa ahakitongore kyeitu.,En tye lapwony madit pa kampuni.,Erai ngesi ediope kotoma etuutoorok luka ekampunikosi.,Eri 'ba 'bani nga emba emba ama vile amuti ma alia 'diyi ma azi.
SALT-TEST-0135,test,A few sectors will benefit from the government money.,Ebitongole bitono bye bijja okuganyulwa mu ssente za gavumenti.,Bimwe aha bitongore nibiza kuganyirwa aha sente za govumenti,Dul manok binongo magoba pa cente pa miri.,Epote iriongeta idis aimedaun kotoma ikapun luka apugan.,Amuti esele azi yi nga ovu drileba orodri isuzu obia gamete nirisi ni
SALT-TEST-0136,test,The judge's decision did not please him.,Okusalawo kw'omulamuzi tekwamusanyusa.,Okusharamu kw'omuramuzi tikuramushemiize.,Tam ma langol kop omoko pe oyomo cwinye.,Mam aseunet naka ekatubon abu isiyalamik ngesi.,E'yo 'duza 'ba e'yo lipiriniri awini eri dri ayi ko fe ku
SALT-TEST-0137,test,Most criminals are very hurtless.,Abazzi b'emisango abamu tebalina kisa n'akamu.,Abanyarubanja abaingi tibaine nsaasi.,Lutim aranyi ducu cwinygi rac.,Itunga luipu luebilete ikisila mam epodokinitos nuiswamaete kesi.,Ba e'yo onzi 'yepi 'diyi ma pari yi asi okaru.
SALT-TEST-0138,test,There is a screening of truck drivers when entering the country.,Waliwo okukeberebwa kw'abavuzi ba biroole nga bayingira eggwanga.,Hariho okukyebera abavugi b'ebiiruka ebihango baaba nibataaha omu ihanga.,Ki pimo odwo mutoka madwong pi two corona ka gitye ka donyo i lobo,Ejai awanyanario naka etekerak ilorei erongo elomuna akwap.,Ba dereva mutukari ambo 'diyi onzupi 'diyi ma ruati andri eyini efiria kari 'di ma alea
SALT-TEST-0139,test,He has gone for a meeting in Ethiopia.,Agenze mu lukungaana mu Ethiopia.,Yaaza omu rukiiko omuri Ethiopia.,En ocito I cokke mo ma tye I lobo Ethiopia.,Elosit ngesi airiamunet Etiopia.,Eri mu dri fuza otutani ma alia Ethiopiaa
SALT-TEST-0140,test,She is very excited about starting her new job tomorrow.,Yeesunze enkya okutandika okukola omulimu gwe yaakafuna.,Ashemereirwe aha kutandika omurimo gwe omusya nyenkyakare.,Cwinye obedo yom pi cako ticce manyen.,Iyalama ngesi noi kanu ageun akeswam naitetet moi.,Eri ayikosi erini azi erini isu o'diruri e'dozu drusiri ma e'yosi.
SALT-TEST-0141,test,They discussed the challenges students face in school.,Baakubaganya ebirowozo ku kusoomoozebwa abayizi kwe basanga mu ssomero.,Bakahanuura aha buremeezi obu abeegi barikushanga.,Guloko i kom peko ma lutino kwan nongo I gang kwan,Apotu kesi itatamata atiokisio nu itereikina kede esisiak kosomero.,Eyi nze e'yo e'yo ewaru sukulu anzi eyini esu sukulua 'diyi ma dria
SALT-TEST-0142,test,The defiled girl disappeared from the area.,Omuwala eyasobezebwako yabula ku kitundu.,"Omwishiki owatoroboziibwe, akabura omu kyanga.",Anyaka ma ki butu kede ni orwenyoo ki ikabedo,Abu apese na isiolitai oolio katutubet.,Zamva eli capiku 'bani obi okposi 'da avi angu 'da ma alea risi
SALT-TEST-0143,test,The government is obliged to compensate people who are affected by its projects.,Gavumenti eba erina okusasulira abo ababa bakoseddwa pulojekiti zaayo.,Gavumenti eteekwa kurihirira abantu abu emirimo yaayo erikushiishira.,Miri/gamente tye ki tic I te cik me culu dano ma yub me tic meggi mapat-pat okudu komgi.,Ejaasi apugan keda epelu lokaitac itunga luetiroritos ipurojektin ngun.,Gamete ni nga 'ba eyo azi otiza ni 'bii 'diyi ofe ra
SALT-TEST-0144,test,Some people from Western Uganda like eating millet.,Abantu abamu mu bugwanjuba bwa Uganda bawoomerwa nnyo obulo.,Abantu abamwe kuruga omuri buregyegwaizooba bwa uganda nibakunda kurya oburo.,Dano mogo ma aa ki Uganda kupoto ceng gimaro camo bel.,Eminasi icetunga luko Agolitomei loka Uganda ainyam akima.,Ba engapi Uganda ma kalari etuni 'dezuria 'diyi le 'du nyaza tu.
SALT-TEST-0145,test,All complaints regarding ambulance services should be forwarded to the district officials.,Okwemulugunya kwonna okukwata ku mpereza z'emmotoka ezitambuza abalwadde zirina kutwalibwa eri abakulu ba disitulikiti.,Okwetomboitwa kwona okurikukwata aha motoka za ambyurensi kwiine kutwarwa ahabakungu ba Disiturikiti.,Koko weng ma bino i kom ambulance omyero kicwal bot lutic me district,Angurian na ikamunit amotokan nuadekis kere ekot aijukar nejaas eswamak luko disitrikt,Le 'ba ma edri e'yo dria onuta ni e'yo ambulansi eyini risi 'diyi azi'ba distrikitia 'diyi vu
SALT-TEST-0146,test,The government will increase power generation from Karuma dam.,Gvaumenti ejja kwongeza ku nfulumya y'amasannyalaze okuva ku bbibiro lry'e Karuma.,"Gavumenti neija kwongyera ahabwingi bw'amashanyarazi, kuruga aha daamu ya Karuma.",Gamente obi medo mac ki I karuma,Abuni apugan aiyatakin aitolomunono na akim ko Karuma dam.,Gamete ni mu aci ofuza ma omgbo otu engazu yi karuma niria
SALT-TEST-0147,test,The maize leaf is yellow however its colour tends to brown at the base.,Ekikoola kya kasooli kya kyenvu wabula langi yaakyo etera okuba eya kitaka wansi.,Eibabi ry'ekicoori ni rya kinekye kwonka erangi neehinduka kitaka aha ntangiro y'eibabi,Oboke anyogi nongo rangi ne oloke yellow ento i tere nongo olokke calo nyal,Erai akiot na ekirididi nados konye egeuni akiot arengun okwap.,Kaka bi 'di ma wura amgbazaru te eri wura andraleruri ni 'ba i oja were inia ru.
SALT-TEST-0148,test,Football is an easy way of bringing communities together.,Omupiira gw'ebigere y'engeri ennyangu ey'okugattamu ebitundu awamu.,Omupiira nigwo muhanda gwanguhi ogurikuhikaanisa abantu.,Tuku odilo obedo yoo maber me ribo lwak,Erai emopira ewai lo eptanar ayaun itunga nepepei.,Mupira tuza eri geri azi ecozu ongulumu eyi ejizu tualu ewakokoru ni i
SALT-TEST-0149,test,Most poachers used tools such as guns.,Abayigga mu kkuumiro ly'ebisolo abasinga obungi bakozesa ebintu gamba ng'emmundu.,Abahiiga omumarindiro g'enyamaishwa abiingi bakoreza ebikwato nk'embundu.,Pol lunek lee lum gitiyo ki luduku.,Amejak luipu itosomaete imudum kanu aiyar itiang.,Ba anyapa o'dipi 'diyi ma pari yi afa ekile osule 'diyi ayu'i
SALT-TEST-0150,test,People with disabilities will have access to employment opportunities.,Abantu abaliko obulemu bajja kusobola okufuna emirimu.,"Abantu abatarikwebaasa abaine oburema ahamibiri yaabo, nibeija kutunga emirimo.",Lugoro gubi nongo gum me tic,Epote ingwalasik adumunun aswamisinei.,Ba aco be 'diyi nga azi eyi esu ra
SALT-TEST-0151,test,A number of people died on the boat cruise in two thousand eighteen.,Abantu abawerako baafiira mu kabenje k'eryato mu nkmi bbiri mu kkumi na munaana.,Abantu bingi bakafeera aha ryato baarikurambura omu gw'enkumi ibiri ikumi na munaana.,Dano mapol guto I kare ma yeya otur I mwaka alip aryo ki apar wiye aboro.,Apotu itunga luipu kotwakata kotoma ataker kokaru ilukumin iarei itomonakanyauni.,Kalafe 'ba yini odra o'bo peza ma alia alifu iri mudri drini oromisi ra
SALT-TEST-0152,test,He is admitted to the hospital.,Yaweereddwa ekitanda mu ddwaliro.,Ahairwe ekitanda omu irwariro.,Ki genge iwi kitana iot yat,Iperikitai nges adekis.,Ba 'ba eri Kitanda dria arojo'a
SALT-TEST-0153,test,Everyone was worried about the auditing process.,Buli omu yali mweraliikirivu ku ngeri y'okubalirira.,Buri omwe akaba ayerarikiriire aha muringo gw’okubaramu ebitabo.,Dano weng onongo gitye ki par pi kit yo ma kibirubu kwede,Eyalongongoi ngolitunganan kanuka aanyanario naka epone loitosomatere ikapun.,Ba dria ovu ndra asi otiza be e'yo pamvu andrizaniri ma e'yo si
SALT-TEST-0154,test,There is a dead body that was found in the bush.,Waliwo omulambo ogwasangiddwa mu nsiko.,Hariho omutumbi ogwashangirwe omu kishaka.,Lyel tye i dye lum,Ejai ates naponi kodumunai kokutui.,Ba isu avu azini asea alia ra
SALT-TEST-0155,test,"There is access to banks, hospitals and markets.","Waliwo obwanguyirwa mu kutuuka mu bbanka, amasomero n'obutale.","Hariyo za banka, amarwariro, n'obutare.","Gitye ki gum me nongo kony me me bank, odi yadi ki cuk","Elosenenete itunga aingadisia nuka ikapun, adekisia ka osokonin.","Ba econi Erojo eyi, arojo eyi azini cu eyi esu ku"
SALT-TEST-0156,test,The mass vaccination against the coronavirus is ongoing in the country.,Okugema abantu okw'ekikungo kugenda mu maaso mu ggwanga.,Okukingira abantu boona akakooko ka korona kukwaitse nikubaho omu eihanga.,Kitye ka gwero dano ducu ma mito ki yat agwera me two korona I lobowa.,Eutai aikis itunga kere ekato loka adeka naka ekorona kotoma akwap.,Osota muru azo atrizani ageti otizu azo coronavirusniri berini muria drile kari ma alia
SALT-TEST-0157,test,Why was oxygen used to treat coronavirus patients?,Lwaki omukka gwa okisijeeni gwakozesebwa okujjanjaba abalwadde b'ekirwadde kya korona?,Ahabwenki okisigyeni yakoresiibwe kuragurira abarwire ba korona?,Pingo kitiyo ki yamo ayuba me tic I kom lutwo korona?,Kanukinyo etomaere ekwam kanu aimuke itunga luadekasi ekorona.,Ba ri oli seza edezaruri ayu 'ba azo coronavirusniri be 'diyi atizu a'disi?
SALT-TEST-0158,test,He was panting as he climbed up the hill.,Yali assa nnyo ng'alinnya olusozi.,Akaba naahahagira  obwo arikutemba akashozi.,obedo kalingo cal kun ringo ito malo iwi cere.,Auta ngesi eiyenganakin noi akaulo nadokar kuju naka emoru.,Ava ga drinia erini ekuti turia.
SALT-TEST-0159,test,The Confederation of African Football president Ahmad is controversial.,Akakiiko akaddukanya omupiira gwa Afirika ogw'ebigere ogwa President Ahmad kaabuvuyo.,Omwebembezi w’ekitongore  ky’omupiira Ahmad nowekishobobo.,Lawii dul madoro tuku odilo (African Football president) ladit Ahmad obedo dako maloke mere kelo apoka-poka tutwal.,"Ijulujula Ahmed, lokapolon loka Atukot Naka Emopira koAfrica.","Amuti mupira ni omvele, Confederation of African Foodball ma drile, Ahmad, ma e'yo kongolo ru."
SALT-TEST-0160,test,God is great.,Katonda wa maanyi.,Ruhanga n'owamaani.,Lubanga dit,Epol Edeke.,Mungu ni onyiru.
SALT-TEST-0161,test,I met him at the office.,Nnamusanga ku ofiisi.,Nkamubugana aha ofiisi.,Arwatte kwede I gang tic.,Abu eong eriamun keda ngesi kotoma oyapeesi.,Afu dri eri be ofisia ra
SALT-TEST-0162,test,We have the right to own property in this country.,Tulina eddembe okuba n'ebintu ebyaffe ku bwaffe mu ggwanga lino.,Twine obugabe bw'okugira ebintu omu ihanga eri.,Watye ki twero me bedo ki jami I lobo man.,Ijaasi oni keda apedor naka ajaut keda iboro kotoma akwap kana.,Ama ma driwala ci ovuzu nyaku be kari 'di ma alia
SALT-TEST-0163,test,People have focused on Amin because of his character and what he stood for.,Abantu essira balitadde ku Amin olw'enneeyisa ye ne bye yayimirirangako.,"Abantu bateire omutima ahari Amin, ahabw'emitwarize ye, hamwe n'eki yaabaire narwanirira.",Dano cwinygi tye i kom amin pi kite ki jami ma en onongo tamo ni ber,Apotu itunga eteutu nuka Amin kanu eipone ke keda nu abwoitor ngesi.,Ba eyi 'ba asi Amin ma dria adriza erivilerisi azini e'yo ndra erini patuzu eyini 'diyisi
SALT-TEST-0164,test,How can I get a National identity card quickly?,Nsobola ntya okufuna ndagamuntu amangu?,Nimbaasa nta okutunga juba endanga muntu?,Atwero ruyo nongo lanyut/ID mamega nining?,Eipone ali adumuna eong akaadi naka akwap atipet?,Ma eco kokobi national ID ruri esu mbeleru geri ngosi?
SALT-TEST-0165,test,The American embassy is appreciated for its contribution towards the health of Ugandans,Ekitebe kya America mu Uganda kisiimiddwa olw'obuyambi bwakyo eri ebyobulamu bwa Uganda.,Ekitebe kikuru kya America omu Uganda nikisiimwa ahabw'obuhwezi obu kirikuhayo ahabw'amagara g'abanya Uganda.,Embassy me lobo America gicwalo pwoc botgi pi kony madit ma gumiyo me gwoko yotkom pa dano me Uganda,American embassy nes eturi kanu agangat ke kanu angaleu naka itunga luko Uganda.,Ba fe awa'difo embasi amerika niri ni e'yo eyini 'ye rua ala kari Uganda niri ni 'diyisi
SALT-TEST-0166,test,The farmers' register helps chiefs to know which people engage in agriculture.,Olukalala okuwandiikibwa abalimi luyamba abakungu okumanya bantu ki abeenyigira mu bulimi.,Ekitabo ky'abahingi nikihwera abakuru okumanya abantu abejumbire omuby'obuhingi.,Coyo nying lupur ibuk weko lutela me kin gang bedo ki ngec i kom dano mene ma tye ka pur,Eitabo lo akoriok ingarakit ijaka ajenun itunga lu ekoriete.,Buku 'ba amvu 'ya'ba 'diyi ma ru osizu ri ni opi eyi ma aza ko 'ba agirikica 'yepi 'diyi nizu
SALT-TEST-0167,test,"In the recently concluded Olympic games, Uganda was the third in Africa.","Mu mpaka za Olimpiki ezaakaggwa, Uganda yakwata kya kusatu mu Afirika.","Omu mizaana ya orimpiki ehwire,Yuganda etungire omwanya gw'akashatu omuri Afirika.",I pyem ngwec me wilobo ma okatoni Uganda obedo namba adek ki lobo Afrika.,"Kotoma abolobol naka akerit, arai Uganda loiwuniet koAfrica.","Avita Olympicsni 'bani e'di de o'di 'diyi ma alia, Ugandani ndra 'ba nasi Africasi"
SALT-TEST-0168,test,The government has revised several parts of the constitution over the years.,Emyaka bwe gizze giyitawo gavumenti ekoze enoongosereza mu ssemateeka.,Gavumenti ehindwire obucweka bwingi bw'engyenderwaho omu myaka yoana.,Gamente oloko but pencik mapat-pat I ngee mwaki mapol.,Ejulanaka apuganatutubena luipu luka ikisila kotoma okar luipu luatuboros.,Gamete oja a'yota ma esele karakarau eli 'diyi ma alea.
SALT-TEST-0169,test,The Uganda National Examinations Board is under the Ministry of Education and Sports.,Ekitongole ky'ebigezo mu Uganda kiri wansi wa minisitule y'eby'enjigiriza n'emizannyo.,Ekitongore ky'ebigyezi ekya UNEB kiri ahansi ya minisiture y'eby'obwegyetse.,Dul me the Uganda National Examinations Board nonge I te dul pa gamente makemme ki pwony ki tuku.,Ejai atukot naiwadikai aingito koUganda kwap naka Erionget loka Asioman keda Aboliasio.,Amuti e'yo onitani 'diyi ondrepi kari si Uganda National Examinations Board niri okalamvu onitaniri ma pala
SALT-TEST-0170,test,Some programs have facilitated the development of rural areas.,Enteeteeka ezimu zireetedde ebitundu eby'omu byalo okukulaakulana.,Enteekateeka ezimwe zireesireho entunguuka omu byaro.,Yub me tic mogo okelo dongo lobo I caro.,Ainapeta ace esipedosi apol naka aibosio nuka icaloi.,Otutaa azi 'diyi zozu eji angu calu ru 'diyi ma alia ra
SALT-TEST-0171,test,How many politicians were voted as Members Of Parliament this year?,Bannabyabufuzi bameka abaalondebwa okuba ababaka ba palamenti omwaka guno?,Abaateeriirwe oburuuru nk'abanyishengyero omwaka ogu ni bangahi?,Lumemba me ot moko cik adi ma kiyerogi me cito I ot moko cik I mwaka-ni?,Itunga bo idi aponi koseunai kwape imeeban luka airabet okaru lo?,Ba politikini 'bani voti bezu y dri memba koleseniru eli 'dosi 'diyi si?
SALT-TEST-0172,test,National environment management authority should intervene to conserve the wetlands.,Ekitongole ekivunaanyizibwa ku butonde bw'ensi kirina okuvaayo okutaasa entobazi.,"Ekitongore ky'eihanga ekirikureeberera obuhangwa bw'ensi, kishemereire kwimukiramu, kikarinda ebisharara.",Dul me National Environment Management Authority omyero onen ni otimo gin mo me gwoko dagu,Ekot erionget loka isama adedengar kanu ayuar isama.,Le amuti National environment management authority niri ma efi tambaza fezu angu yiru 'diyini
SALT-TEST-0173,test,This stadium accommodates only six thousand people.,Ekisaawe kino kigyaamu abantu kakaaga bokka.,Ekishaha nikishitamisa abantu kakaaga booka.,Bar odilo en twero tero lutuko alip abicel.,Epedori esawe lo ajaut keda itunga ilukumin ikanyape.,Pari avitani 'diri 'ba yi 'du alifu azia.
SALT-TEST-0174,test,"Once you do something inappropriate, please apologise.","Buli lw'okola ekintu ekitali kituufu, bambi weetonde.","Ku orikukora ekintu ekitashemeire, oine kushaba okusaasirwa.",Ka itimo gin mo ma pe ber tim ber kwa kica,"Iswama ijo ibore yen mam edolit, itironikin.",Le mi ai truta sa'wa dria mini e'yo onzini 'yezurisi.
SALT-TEST-0175,test,Wildlife brings in foreign income.,Ebisolo by'omu nsiko bireeta ssente okuva ebweru.,"Enyamaishwa, nizireeta entasya omwihanga.",Lee tim kelo cene ki ilobo mukene,Eyangaunene erionget lo aidar iboro lu ais ikapun.,Anyapa asea 'diyi robia eji engazu kari amve 'diyi ma alea.
SALT-TEST-0176,test,Children should always shower early in the morning.,Abaana basaanidde okunaabanga ku makya ennyo.,Abaana baato bashemereire kunaaba omukasheshe kaare munonga.,Lutino ceng jwi myero olwokke odiko con.,Ibusakinit idwe duc ailongenen tupuruc sek.,Anzi ma ojii sa dria si yi obiti si
SALT-TEST-0177,test,She replied to his letter yesterday.,Ebbaluwa ye yagiddamu olunaku lwa jjo.,Agarukiremu  ebaruha ye nyomwebazyo,Odok I waraga mege laworo.,Abu ngesi kobongok ebaluwake bian.,Omvi waraga erini sileri ma arioti aje
SALT-TEST-0178,test,Do you know the password to his phone?,Omanyi ennamba z'onnyiga okusobola okuggulawo essimu eno?,Noomanya ekishumuruzo ky'esimu egi?,Ingeye nama me mung me yabo cim man?,Ijeni kereka jo epasiwad loka esimuke?,Enii afa siriru simu 'di niri ra?
SALT-TEST-0179,test,How was the comedy show?,Ekivvulu kya bakazanyiikirizi kyabadde kitya?,Omuzaano ogurikushetsya gushushire ki?,Goga obedo nining?,Biyaibo aitodianareta nuisiyalete?,Avita komediru ꞌda te ngoni ya?
SALT-TEST-0180,test,Many cars have buttons that allow turning off the overdrive gear.,Emmotoka nnyingi zirina amapeesa agasobozesa yingini okwetooloolera ku sipiidi y'emu ng'ate tereekaana nnyo.,Emootoka enyingi zaine obupesha burikwihaho gyiya,Motoka mapol tye kikamakidiyo me keto onyo neko giya maweko mutoka woto madwir loyo I dwiro pa giya majwii.,Amotokan nuipu ejaasi keda apesat naipedori jo aicakakin kanu agwetar egia.,Mutukari karakara yi ma mupesa azini ci ecopi fepi 'bani okpo mutukari ni nzuzu uru ndeni ri fuzu ni ci
SALT-TEST-0181,test,Tell your father the truth.,Taata wo mubuulire amazima.,Gambira sho amazima.,Wac lok ada ki babani.,Kolimok papakon abeit.,Elu mi ati dri e'yo adani
SALT-TEST-0182,test,"Every after an election, candidates results are announced.","Buli luvannyuma lw'okulonda, ebivudde mu nkulonda kw'abeesimbyewo birangirirwa.","Ahanyima y'akaruuru koona akarikuteerwa, ebyarugamu biine kurangirirwa.","Inge bolo kwir ducu, gimiyo adwogi kwi pa lucungu weng","Akaulo na kangin aseo, elimorio akiro abwaak.","Voti dria ma vutia, ꞌba agata ꞌba pa sopi ꞌdiyini ꞌdiyi olu"
SALT-TEST-0183,test,The couple has been married for ten years now.,Baakamala emyaka kkumi nga bafumbo.,Abakundaine bashwerine kumara emwaka ikumi obwahati.,Lout man dong gunyomme mwaka apar mukato angec.,Edukokina kwana kesi adaun ikar itomon kwana.,Aku 'ba iri 'diyi ebi ovu ajele'baru curu'do eli mudri 'bo.
SALT-TEST-0184,test,Local Councils and the communities must take the lead in policing.,Aba LC n'abatuuze basaanidde okuwoma omutwe mu by'okwerinda.,Obukiiko bw'ebyaro hamwe n'abantu bashemereire kwebembera omurimo gw'okukuuma ebiragiro n'obutebenkana.,Dul pa lutela kacel ki lutela manonge I dul enoni myero otel wii yub me gwoko kuc.,Ibusakinit ikansulon keda itunga aingarenikin kotoma aswam nu.,Local Councils yi o'biyi be ma ce dri azita vuti obizasi.
SALT-TEST-0185,test,Our team earned four points from yesterday's football match.,Ttiimu yaffe yafunye obubonero buna mu mupiira ogwazanyiddwa jjo.,Tiimu yaitu efunire obubonero buna omu muzaano gw'omupiira gwa nyomwabanzyo.,Lutukowa gunongo makci angwen ki I pyem gweyo odilo ma otimme laworoni.,Abu etimukosi kodum apointan awongon kotoma abolia naka emopira loabian.,Amuti amavileri esu point yi su engazu mupira tuza 'bani avi ajeri ma alia.
SALT-TEST-0186,test,Fish farming is an economic activity.,Okulunda ebyennyanja mulimu oguvaamu ensimbi.,"Okuriisa ebyenyanja, n'omurimo gurikureeta entaasya.",Gwoko rec obedo yoo me kelo cente,Aipit agaria erai aswam na edumunere ikapun.,E'bi ta mbaza eri 'yeta azi robia ejipi ra ni
SALT-TEST-0187,test,How can effective communication be established?,Empuliziganya ennungi eyinza kutandikibwawo etya?,Empurizagana enungi neebaasa kutandika eta?,Mono kube me lok maber twero time nining?,Eipone ali edukunere arucokina na abeit?,Ama ecoki e'yo nzeza 'ba eyi ma eselea kililiru ri esu ngoniru?
SALT-TEST-0188,test,The cars are put into various categories including one for the supreme award.,Emmotoka ziteekebwa mu matuluba ag'enjawulo okuli n'esinga ekirabo ekinene.,Emotoka niziteebwa omungyero zaazo otaihiremu n'orugyero orw'emotoka erikuzihita.,Giketo motoka enoni I dul mapat-pat ma acel me kingi obedo mic me rwom mamalo maloyo weng.,Ipikanakinio amotokan ngun toma adokenakec aimoriarit ediope loerai eropit loepol kakere.,Ba oti motokari ndeyi wura ndundusi; yi ma eselea aluni nga ovu agapi namba alusini.
SALT-TEST-0189,test,I paid the fine and my cousin was released.,Nnasasula engassi ow'enganda zange n'ateebwa.,Nkashashura omutango munyanyazi bamurekura,Aculu pwod ne kadong kigonyo omara/lamara.,Abu eong atac ikapun ngun ido aponi kolacakina inacika.,Ma ofe aje 'bani li 'ba dria ri bo azini 'ba ofu ma adrini ra
SALT-TEST-0190,test,He beats his wife every night.,Buli kiro akuba mukazi we.,Aniha omukazi we eibara kiro.,En goyo dakone I dyewor ducu.,Ibungaenenei ngesi akeberu kangikware.,Eri i ma okuni co ini dria vusi
SALT-TEST-0191,test,Her son will be joining high school next year.,Mutabani we ajja kugenda mu sekendule omwaka ogujja.,Omutabani nayija kuza omu siniya omwaka ogurikwija.,Wode bidonyo I kwan me cinia I mwaka mabino.,Ebeit okooke alomar toma osinia okaru ngol.,Eri ma mvini nga fi sukulu uruleruri ma alia eli drusirisi
SALT-TEST-0192,test,He shot someone for knocking on his car.,Yakuba omuntu amasasi olw'okutomera emmotoka ye.,Akateera omuntu amasasi ahabwokutomera motoka ye.,Ocelo ngat mo pi yoko motoka ne.,Abu ngesi kinoma itunganan keda emudu kanu ainang emotokake.,Eri gbi 'ba azini erini eri vile mutukari silerisi.
SALT-TEST-0193,test,The parents announced that their daughter was missing.,Abazadde baalanze nti muwala waabwe abuze.,Abazaire bakarangirira ku muhara waaba abuzire,Lunyodo gucwalo lok angeya ni nyargi orweny woko.,Apotu auriak ngun kolimosi ebe eoliorit akookec.,Tipika nde 'diyi azi kini yi ma zi avi ra.
SALT-TEST-0194,test,Do we have any confirmed case today?,Tuyinayo omulwadde yenna leero?,Twatungayo omurwaire weena erizooba?,Watye ki ngat mo ma kinongo ki two corona tin?,Idumunit oni ilolo yen inwakunitai ekorona?,Ba azi 'bani esu azo korona niri be andru ni ci?
SALT-TEST-0195,test,I have my birthday next week.,Nina amazalibwa gange wiiki ejja.,Ninkuza okuzaarwa kwangye esande erikwija.,Kwero nino nywal na tye i cabit mabino,Enuminumi eong aurio ka osabiti ngol.,O'du 'bani ma osizu ri ni emu wiki drusirisi
SALT-TEST-0196,test,My brother was shocked by the electricity.,Muganda wange yakubwa amasanyalaze.,Murumuna wangye akateerwa  amashanyarazi.,Mac electric ogoyo omera.,Abu akim naka epiyei inom onaceke.,Azci osezari gba ma adrini ra
SALT-TEST-0197,test,Ensuring security in the village is important.,Okunyweza ebyokwerinda mu kyalo kya mugaso nnyo.,Okureeba ngu hariho ebyokwerinda omukyaro n'ekyomugasho,Gwoko kwo pa dano ma icaro pi gengo awano obedo gin ma pire tek,Aidar ayuara kotoma ocaalo nes epol noi.,Eri orodriru ne zu kini ageitema eri caloa ci.
SALT-TEST-0198,test,Her wife is a nurse.,Mukyala we musawo.,Omukazi we ni omushaho.,Dakone tye nac.,Erai akeberu anaasit.,Eri vile okuri nurseni
SALT-TEST-0199,test,The city will be comprised of high levels of technology.,Ekibuga kijja kubaamu tekinologiya ow'ekika ekya waggulu.,Orurembo nirwija kubamu tekinorogye y'orurengo rwahaiguru.,Boma eni obi bedo ki kero me nongo rwom me teknologi ma malo,Ebuni esite ajaut keda adoketa nu ikiara.,Geri afa ndundu eyi edezu 'diyi nga mu adri aku ambo 'da ma alea omgbo angirisi
SALT-TEST-0200,test,She will not be part of the athletics competitions because she is injured.,Tajja kwetaba mu mpaka z'okudduka olw'okuba alina obuvune.,Tarikwija kwetaba omu mizaano y'okwiruka ahabwokuba aine obuhuta.,En pe bipyem ngwec pien en tye ki awano.,Mam ngesi ebei ejaikin abolobol naka akerak naarai imusunguna ngesi.,Eri ngani ovu 'ba abala onguniri ma alia ku a'disiku eri ma rua anyo fi ci
SALT-TEST-0201,test,She is a friend to my mother.,Mukwano gwa maama wange.,Ni munwani wa maawe.,Dakoni tye larem mamana.,Erai ngesi apaperoka totoka.,Eri agyiru ma andri be
SALT-TEST-0202,test,The coronavirus spreads easily among crowds.,Ekirwadde kya korona kisaasaana mangu nnyo awali abantu abangi.,Akakooko ka Corona nikatambura omu bantu aberundaine aho naaho.,Kwidi two korona kwange oyot-oyot tutwal I kin dano ma ogurre.,Ekora ekorona katipet kaiboisio nuipu itunga.,Azo o'bu Korona niri ni 'I ere 'ba angulumuru 'diyi ma aliasi ewa kokoru
SALT-TEST-0203,test,Oil is the country's largest export.,Amafuta kye kintu eggwanga kye lisinga okutunda ebweru.,Oiro niyo erikukirayo okutaahiza ihanga erikuguzibwa seeri-mayanja.,Moo aye obedo gin mapire tek loyo ma lobomeno cato ki lobe mukene.,Erai akinyet ibore yenetapit kakere agwelanar akwapin ace.,Odu eri afa kari vile angiri 'ba ozi kari andi 'diyi ma aliari'i
SALT-TEST-0204,test,The president warned Rwanda's enemies from within and without.,Omukulembeze yalabudde abalabe b'e Rwanda munda n'ebweru.,Purezidenti wa Rwanda akarabura abazigu ba Rwanda ab’omunda n’aheeru.,Ladit lobo ne ociko lumone pa Rwanda manonge I lobo Rwanda ki matye woko bene.,Abu lokapolon akwap kikwenya lukasurup luko Rwanda luejaasi toma akwap keda lukokinga da.,Drile kari ni omvele President fe bilendu ari'bo Rwanda ni alealeru dika amveleru 'diyi dri.
SALT-TEST-0205,test,The Muslim youths were represented at the meeting.,Abavubuka abasiramu baakiikirirwa mu lukungaana.,Eminyeeto y'abasiraamu nayo ebaire eriho omurukiiko.,Luwang lucilam ma bulu bene obedo I kacokke,Aponi kobwoikinai atumunak lusiriamun kotoma airiamunet kangin.,"""Ba pa soopi anzi o'de Islamu ru 'diyi ma paria drivuza otuta niri ma alia ni ndra ci"
SALT-TEST-0206,test,Tanzania is not a landlocked country like Uganda.,Tanzania teyeetoolooddwa nsi ndala nga Uganda.,Tanzania neeyatana n'enyanja empango kwonka Yuganda yo tikwo eri.,Tanzani obedo lobo ma tye cok ki pii madit ma kube ki lobe mukene ento uganda pe tye kit meno.,Mam Tanzania erai akwap naegolikina kwape Uganda.,Tanzania adrini kari miri amboru 'diyini kalani alizu ku ekile Ugandale ku
SALT-TEST-0207,test,Some girls have become pregnant during the lockdown.,Abawala abamu bafunye embuto mu kiseera ky'omuggalo.,Abeishiki abingi bagiiziire enda omu kwesibirana/lockdown.,Lutino anyira mapol guyac woko kare ma kiloro piny.,Apesur ace apotununutu kotoma apak nagolitere akwap.,Ezoanzi azi 'diyi eca okporozuru sawa angu ti opizaniri ma alia
SALT-TEST-0208,test,Uganda asked to join them in operations on the twenty-fifth of October but Beni declined.,Uganda yasaba okubeegattako mu bikwekweto nga abiri mu ttaano Ogwekkumi naye Beni n'agaana.,Uganda ekashaba kukwatanisa nabo  aha kya makumi abiri na bitaano kwonka Beni akaanga.,Uganda openyo gi wek edony I mony man inino dwe pyer aryo wiye abic me dwe me apar ento beni okwero,Abu Uganda kingit alomar aimorikikin keda kes toma ojie kango akaisarei alukany Olap Loitomonet konye abu Beni konger.,Uganda zi yi emuzu fizu yivu 'yeta alia mma o'du kali drini towi mba mudrisi te Beni ga si
SALT-TEST-0209,test,"By the look on her face, she is stressed.",Endabika ye ey'oku maaso eraga nti alina ebimweraliikiriza.,"Kurugirira aha ndeebeka ye aha maisho,aine ebimuruhize.","Ki neno me wange, tye kacanne.","Kisesen jo ereeteke, epol ngesi aiyalongongo.","E'data eri ma andretiarisi, eri asi droza ma alia"
SALT-TEST-0210,test,Majority of farmers grow crops for sale.,Abalimi abasinga balima ebirime nga bya kutunda.,Abahingi baingi nibahinga eby'okuguza.,Pol pa lupur gi puru jami me acata,Akoriok luipu ekoriete ikorion lu igwelara.,Ba abari amvu 'yapi 'diyi nyaka 'ya ozizaru.
SALT-TEST-0211,test,Their school team won the hockey match last evening.,Ttiimu yaabwe ey'essomero yawangudde empaka z'omuzannyo gwa hockey jjo olweggulo.,Tiimu y'eishomero ryabo esingire empaka za hoki nyomwebazyo omu mwabazyo.,Gang kwangi oloyo pyem tuku hockey laworo otyeno.,Abu esomerokec kiteleka abolia naka hockey abong nabian.,Amuti avitani sukuluniri nde abala avita hockey niri aje ondresi ni
SALT-TEST-0212,test,He won a car last year.,Yawangula emmotoka omwaka oguwedde.,Akasingura ekiiruka omwaka oguhweire.,En oloyo mutoka i mwaka ma okato,Abu ngesi iteleka emotoka okaru je.,Eri nde mutukari eli ajerisi
SALT-TEST-0213,test,Our gatekeeper sleeps during the day so that he can remain awake throughout the night.,Omukuumi waffe yeebaka emisana asobole okusigala ng'atunula ekiro.,Omurinzi wa eeti waitu naagwejegyera nyomushana okwenda kuguma ariteekire nyekiro,Acikariwa buto I dyeceng wek ebed my wange twolo I dyewor.,Etapit edaran egeetikosi ajo paaran tetere ngesi esalakini ekwenyi kiding kware.,Ba ama vile kali tile tambabirini o'du ko etusi ani eri ovu mile be ini ma alesi ra beni.
SALT-TEST-0214,test,The government will work with various organizations to develop the northern region.,Gavumenti ejja kukolera n'ebitongole eby'enjawulo okukulaakulanya ebitundu by'obukiikakkono.,Gavumenti neija kukorengana n'ebitongore bingi okutungura ekicweka ky'amatemba ga Uganda.,Gamente obi tiyo ki dule mapol i yub me roco kumalo me Uganda,Ebuni apugan aswam keda iriongeta luegelegela kanu atopolor aiboisio nuko nyakoi.,Gamete ni mu azi nga amuti ndundu eyi pie kari 'di ma woko oruleru ri ezozu
SALT-TEST-0215,test,The bishop cautioned the congregation against cheating in competitions.,Bisoopu yalabula ekibiina ky'abakkiriza ku bikwata ku kubba mu mpaka.,Omureeberezi arabwire abashomi aha kwiba omu mpaka.,Bishop ociko luyee ni gugwokke ki kwalo ngwec I kare me pyem.,Abu ebisop kikwenya ekanisa kanuka akoko kotoma abolobol.,Bishopi li 'ba emupi kanisa 'diyi ma bilendu aramu nyaza abala 'yeria risi.
SALT-TEST-0216,test,Transfers are very inconveniencing.,Okukyusibwa kutataaganya.,Okuhindura aha murimo nikuteganisa.,Kobo dano eni pe ber,Aijulijulio erai ibore yen mam isinapikini.,E'yo 'bani 'ba ojazu 'diyi 'ba ma otita eyi eza saaru
SALT-TEST-0217,test,Up to twelve people were seriously injured in the accident,Abantu 12 be baafunye ebisago mu kabenje,Abantu bakwingana ikiumi na babiri bakatunga obuhutu ahabwa butandu,Dano ma oo apar wie aryo kulu onongo awano I can me gudu ne.,Apotu itunga luedolete itomonaarei kimusungunos kotoma akangas kangin.,Ba kpere mudri drini iri isu nyibiliko ewaru drileonzi 'da ma alia ni
SALT-TEST-0218,test,The farm has cattle for both beef and dairy.,Faamu eriko ente ez'ennyama n'amata.,Faamu aine ente ez'enyama hamwe n'amate.,Fam man kigwoko iye dyangi me ringo ki cak.,Ejaasi efamu lo keda aituk nuka akiring keda nuka akile.,Pari ori ezozani nderi ma alia ti zaru azini lesu fepi 'diyi iritro
SALT-TEST-0219,test,What is corruption?,Obuli bw'enguzi kye ki?,Obushumankuzi n'enki?,Camcana aye ngo?,Inyobo ekorapusion?,Anyamgbolo eri a'duni?
SALT-TEST-0220,test,He is the spokesman of that ministry.,Ye mwogezi w'amaggye ago.,Niwe mugambirize wa minisiture egyo.,En obedo lalok me dul pa miri caa ni.,Erai ngesi eraban loka erionget ngol.,Eri 'ba anzenzea ni okalamvu 'da niri'I
SALT-TEST-0221,test,The impact is at their manufacturing and distribution points.,Awasinga obukulu wali awakolerwa n'awafulumizibwa.,Eki nikiija kureebekyera omu kukora n'okushohoza.,Adwogi ne tye kama kiyubu ki poko jami,Iswamasi nu kanoinoi kotoma aitolom keda aikor imatenekec.,Erita niri yivile okalamvu afa edezu azini awazu 'diyi ma alia
SALT-TEST-0222,test,Coronavirus has killed so many people in the world.,Ekirwadde kya korona kisse abantu bangi nnyo mu nsi.,Tsenyinga omukambwe aitsire abantu baingi omunsi.,Two me Coronavirus oneko dano mapol I lobo ducu.,Ayar ekorona itunga luipu noi kotoma akwap kere.,Azo o'bu coronanirini o'di 'ba karakarau wudrikuru ma alia.
SALT-TEST-0223,test,His parents didn't know his academic performance was poor.,Bazadde be baali tebakimanyi nti takola bulungi ku ssomero.,Abazeire be bakaba batarimanya kuyabeire nakora kubi omu byokusoma.,Lunyodo ne pe gubedo ki ngec ni pe obedo katimo maber I gang kwan.,Mam auriakake ajenete ebe mam ngesi eswamat ejok kosomero.,Eri ma tipika awini ni kini eri afa 'ye sukulua onziri ku.
SALT-TEST-0224,test,The officer has been placed on administrative leave.,Omukungu aweereddwa oluwummula.,"Ofiisa, aheirwe ekihuumuro ahamurimo gw'obwebembezi.",Ki keto abili ma ocelo dano ni I yweyo me tic,Aponi ijukarai epolisit ngol aiyeng.,Ba fe erini lifu azini ri
SALT-TEST-0225,test,The history teacher rarely turns up for our classroom lessons.,Omusomesa w'ebyafaayo tatera kujja kutusomesa.,"Omwegyesa w'eishomo ry'ebyafaayo, tarikukira kwija omu kibiina kyaitu kwegyesa.",Lapwony history pe maro bino ka pwony,Mam esisianakinan loka akiro nukolo idila abunenen atukot aisisianakin.,Imbapi History ni 'da emuni imbata kilasia 'diyi ma alea badabada ku
SALT-TEST-0226,test,She laughs at me whenever I stammer.,Ansekerera buli lwe nnanaagira.,Ku ndikugamba oburimi ansekyerera.,En nyera kare ducu ka te leba oroce.,Emina ngesi akwenar eong kangolisawa nepokia eong koinerika.,Eri ri ma gu de aka au 'diniria
SALT-TEST-0227,test,The country has high levels of unemployment and underemployment.,Eggwanga liyina ebbula ly'emirimu erya waggulu n'okusasulwa kw'abakozi okutono.,Eihanga riine abantu baingi abateine mirimo hamwe naabo abarikukora emirimo etabashemereire.,Rwom me rweny pa tic ki pe tic ki kero wa maber ilobo ni tye malo,Epol amamus na aswamisinei kakwap.,E'yo azi ako niri tualu 'ba eyini aa'zu azi tia kalafe weresi 'diyi ma omgbo kari 'di ma alea angiri
SALT-TEST-0228,test,She accidentally cut her finger while she was peeling.,Yeesala mu butanwa bwe yali awaata.,Akeeshara akakumu atakigyenderiire obu yaabiire naahaata.,Nyakoni ongolo cinge I kare ma en onongo tye ka yeto gin mo.,Abu ngesi kotub akekan kotoma angas nautar ngesi aikul ibore.,Eri li i ma dri mva drile onzisi erini de afa owuria
SALT-TEST-0229,test,The football team struggled to score a goal in the second half.,Ttiimu y'omupiira yafuba nnyo okuteeba goolo mu kitundu eky'okubiri.,Tiimu y'omupiira akarwana okunywisa gooro omu kicweka kya kabiri.,Lutuk odilo guyele mada me moto odilo me aryo.,Abu etimu loka emopira kiswama kagogong aipet egolo kotoma atutubet nakiyareit,Amuti mupira tuzani nderi dri ci golo suzu esele avitani  irizuria.
SALT-TEST-0230,test,I have up to tomorrow to hand in the assignment.,Nsigazizza lwa nkya lwokka okuwaayo omulimu gwange.,Nyine kuhitsya nyekyakare kuheerezayo ebi nkozire.,Atye ki kara naka wa diki me miyo tic makimiyo me atima.,Ideuna eong teni moi kanu ainakin aswamuka.,Ma dri o'du kpere drusi afa mani azi ngazu driniari fezu
SALT-TEST-0231,test,They reported the case to the village chairman.,Baaloopye omusango ewa ssentebe w'ekyalo,Bakahababa omushango owa Mukuru w'entebe w'ekyaro.,Kidoto loke bot won kom me caro,Apotu kesi olimosi emusago nejai apolon eicolong.,Ba to e'yo 'da 'Bili ei calo 'daniri ma tia
SALT-TEST-0232,test,Public debates were broadcast on television.,Okukubaganya ebirowoozo kwalagibwa ku ttivi.,Okuganiira kwa'bantu boona ku kworekwa aha terevijooni,Kikelo lok pa lwak atir I telebijon.,Apotu kitodiarai epeget loka itunga kere kotelebision.,Ba e'jo agbataara o'bi yini ri afa andrendrea ni television ru ri ma alia
SALT-TEST-0233,test,People are grateful for food support from the government.,Abantu basanyufu olw'obuyambi bw'emmere okuva mu gavumenti.,Abantu nibasiima obuhwezi bw'eby'okurya kuruga omu gavumenti.,Lwak pwoyo gamente pi miyo cam itgi,Eyalamasi itunga kanu agangat na inyamat kanejai apugan.,O'bi eyi awa'difo be tia tre atita gamete ni fe nyaka si 'da si.
SALT-TEST-0234,test,There is no cure for that disease.,Obulwadde obwo tebuliiko ddalagala.,Tihariho omubazi ogw'okutamba endwara egy.,Pe tye yat mo keken me cango two meno.,Emamei amukian naka amukian naka adeka ngin.,Azo 'da ma atita yo
SALT-TEST-0235,test,What threads do tailors use?,Wuuzi za ngeri ki abantunzi ze bakozesa?,Ababaziira emyenda bakoresa huuzi ki?,Lukwo bongi gitiyo ki uci ma nining?,Ani bo eusi loeminasi adonyok igoen aitosom?,Ba bongo sopi 'diyi wizi ngole 'diyi a'yu?
SALT-TEST-0236,test,He thinks the existence of combs is an inconvenience.,Alowooza nti okusunsula kuba kumala biseera.,Naateekateeka ngu okubaho kw'ebishunshura n'okuteganisibwa.,En tamo ni bedo pa laket weng ayela keken.,Eomit ngesi ebe ajaut naka alaketa erai naitapasi tai.,Erini egasi kini kombu ni ovuzuri eri dri icizani
SALT-TEST-0237,test,Misdiagnosis is common in health centers in rural areas.,Obulwaliro mu byalo butera okukebera abalwadde ebintu ebikyamu nga bagenze okubakebera.,Okuragurira endwara zitari zo kukanyire omumarwariro g'omubyaro.,Miyo yat mapat me cango two mapat obedo gin ma time teretere I odi yadi me caro.,Etapit ainwakun adekasinei numam eraasi abeit kotoma adekisia nukocaloi.,Pima azoni enzoru 'diyi 'yezura yi 'ye sawa dria pari arojoni caluasi 'diyi ma alia
SALT-TEST-0238,test,Technology opens up doors of new opportunities to do business.,Tekinologiya aggulawo enzigi z'emikisa empya okukola bizinensi.,"Tekinorogye, neereetaho emiringo misya endiijo ey'eby'obushubuzi.",Diro me tet yabo yoo pi gum manyen me timo biacara,Engaari etatai ikekia lu arerengu na aswam ebiasara..,Ondua afa eyi edezuri ni drileba o'diru 'diyi eji tujari 'yezu
SALT-TEST-0239,test,This department addresses complaints against police officers.,Ekitongole kino kye kikola ku kwemmulugunya okuba kuleeteddwa nga kukwata ku bapoliisi.,Ekitongore eki nikikora aha barikwetombotera pooriisi.,Dul man aye tyeko lok makwako moko matye I kom abili mapat...pat.,Itemonokini edipatiment lo ingungeta nuikamunitos ipolisin.,Enyati 'di ni e'yo onyota azi'ba polisi ni 'diyi ma dria ri ma e'yo out
SALT-TEST-0240,test,The telecom companies will use the available facilities for the work.,Kampuni z'amasimu zijja kukozesa ebintu ebiriwo okukola omulimu.,Za kampuni z'amasimu nizaija kwejunisa ebikozeso ebiriho aha bw'emurimo.,Dul me cim mapat-pat ne gibitiyo ki jami tic mapat-pat madong tye con.,Epote ikampunin luka isimun aitosom iboro luejaasi kanu aswamukec.,Amuti simu ni 'diyi vini nga afa ci diyi ayu azi nga zu i
SALT-TEST-0241,test,She cannot have a big wedding because of the pandemic.,Tayinza kukola mbaga nnene olw'ekirwadde kino ekiriwo.,Takagira embaga y'okugaitwa mpango ahabw'ebigwa bitararikire,Pe romo yubu kwer me nyomme madit pi poto pa gemo.,Mam ngesi epedori ajaut keda epucit loka epeta loepol kanuka adeka naka ekorona.,Eco ni omu oku'biza ni amburu ni 'ye ku a'disikuni e'yo azo 'dezaniri ci
SALT-TEST-0242,test,Loneliness could lead to depression.,Omuntu okubeera yekka kiyinza okumuviirako okwenyamira.,Okuba wenka nikubaasa kukureetera okubrwa obusingye.,Bedo ken weko ngat moni bedo ki two par.,Araut obonipe epedori ayangaun aiyalongong.,Oazu a'duleri ni a'baza eji ra.
SALT-TEST-0243,test,Coronavirus is spreading rapidly.,Akawuka ka kolona kasaasaana mangu.,Endwara ya Korona eriyo neejanjaara ahonaaho.,Twoo corona tye ka nyaa oyot tutwal,Enyalatoi ekorona noi.,Azo korona niri ni i ere okposi.
SALT-TEST-0244,test,The army should not get involved in politics and politicking.,Amagye tegalina kwetaba mu byabufuzi n'okukola ebintu byonna ebyekuusa ku byobufuzi.,Amahe tigashemereire kwejumba omuby'obutegyeki.,Mwony omyero pe gubed I lok me cung iwibye,Mam ajore ebeit alomar akiro nuka politiks arai aisup aseeta.,Le asikari eyi ma fiki e'yo politiki ni 'diyi ma alea ku
SALT-TEST-0245,test,The professor criticized his academic paper.,Kakensa yakolokose empapula ze ez'obuyigirize.,Purofeesa akashwijuma orupapura rwe rw'obwegyese.,Professor oloko marac i kom kara tac me kwan ne,Abu epurofesa itoronia apapulai ke nu asioman.,Ondou onitaniri onzo eri vile kokobi onitaniri ra.
SALT-TEST-0246,test,"The survey was conducted in Ghana, Kenya, Nigeria, South Africa, Tanzania, and Uganda.","Okunoonyereza kwakolebwa mu Ghana, Kenya, Nigeria, South Afirika, Tanzania ne Uganda.","Okucondooza kukakorwa omuri Ghana,Kenya,Nigeria,Afirika ya mashuuma,Tanzania na Uganda.","Kwed man kitimo ki  I Ghana, kenya, Nigeria, South Africa, Tanzania ki Uganda","Aponi kitolosai angicio na koGhana, Kenya, Nigeria, South Africa, Tanzania keda Uganda.","Ba 'ye ndra e'yo oniza 'diri Ghana, Kenya, Nigeria, South Africa, Tanzania and Uganda."
SALT-TEST-0247,test,Ceremonies are part of life.,Emikolo kitundu ku bulamu.,Emikoro nikimwe aha bi abantu barikukira kukora.,Kwer obedo yo me kwo,Ipucito eraas ewai lo aijar.,Omuu eyi e'yo idri ma alea ni eyi.
SALT-TEST-0248,test,That is where she hangs her dresses.,Awo w'awanika engoye ze.,Aho niho ari kuhanika emyenda ye.,Kacaani aye ma engabo bongi ne.,Nen ngesi ikajanakini ngesi igoeneke.,Da erini ivile bongo yi o'yiriari'I
SALT-TEST-0249,test,He urged the community to continue supporting the boys till they finish their studies.,Yasaba abantu okwongera okuwagira abalenzi okutuusa lwe bamaliriza emisomo gyabwe.,"Akashaba abantu, okuguma barikuhweera aboojo ,kuhisya obubareije kumarayo emishomo yaabo.",En okwayo lwak me mede ki cwako awobe wang ma gutyeko kwan gi,Abu ngesi ilip itunga ainyikokit aigangit isap itoni ne engetakinata asioman kec.,Eri ai 'bq ongulumu 'da ma alea 'diyi ni atita fezu agupianzi 'da eyi dri kpere eyini sukulu dezu.
SALT-TEST-0250,test,The recent graduate had a first-class degree.,Eyakattikirwa yayitira mu ddala lya ddiguli erisooka.,"Omwegi oherize kujwara, akatunga diguri eyeidaara ry'okubanza.",Ngat ma onongo digri ni okato i rwom me acel,Esisian lo angetakini abu odum ediguri losodit.,Agu onita depi o'diru 'da esu ndra kilasi agata ni okori
SALT-TEST-0251,test,There is a mobile application to help people order for food without having to go to the restaurant.,Waliwo apu y'oku ssimu ne ku kompyuta abantu gye basobola okukozesa okulagiriza emmere nga tekibeetaagisizza kugenda we bagitundira.,Hariho  okushaba  okw'omusiimu   okurikuyamba abantu okutumisa eby'okurya batabandize baaza ahu barikutekyera.,Tye gin mo I com ma twero konyi me penyo pi cam ma pe dok mitte ni i cit otel.,Ejaai elago  loigarakin itunga adumun inyamat omam elositos owoteri.,Geri ondua o'diruni 'ba yi ma aza kozu nyaka a'izu yini mukokoru angu nyaka edezuriani ci.
SALT-TEST-0252,test,"Besides coronavirus, there are other diseases in the community.","Ng'oggyeko ekirwadde kya korona, mu kitundu mulimu n'enddwadde endala.","Oyihireho corona,hariho endwara ezindi omu bantu.","Mapat ki two korona, tye two mukene bene ma yelo dano I kabedo mapatpat.","Kilema ekorona, ejaasi acedekasinei atutubet na.","Azo coronavirusniri 'ma kala, azo azi 'diyi aku eselesi indi"
SALT-TEST-0253,test,Some witnesses do not narrate the incidents clearly and end up confusing everyone.,Abajulizi abamu tebamanyi kuluka bulungi mboozi n'ekivaamu batabula buli omu.,Baakareebi abamwe tibarikushobororagye ebyabiireho bahendera baburaburirize abantu boona.,Caden mogo pe tito ngo ma otimme maber ma I agiki ne ginyweno wii dano weng.,Mam ajenak ice inerenenasi akiro jokan kocai kangetakinete itolitolete kesi itunga kere.,Sadini azi 'diyi eceni e'yo mgba ku ani dri osiza fezu 'ba dria dri.
SALT-TEST-0254,test,Candidates have received guidelines for their final examinations.,Abayizi abali mu bibiina eby'akamalirizo bafunye okulambikibwa mu bigezo byabwe eby'akamalirizo.,"Abarikweteekateekyera ebigyezo by'ahamuheru, baheirwe ebiragiro by'okukuratira.",Lutinokwan ma gubipenye otyeko nongo kic mamako penygi me agiki,Esisiak kes adumutu aicoreta kanu aingito kec.,Anzi obeta 'yepi 'diyi esu azita obeta eyini dezu ri ma dria 'bo.
SALT-TEST-0255,test,I wish she gets well soon.,Mwagaliza kuwona mangu.,Nkabaasibwaki akira juba.,Alego ni en ocang oyotoyot,Amuno ebe korai kongaleu ngesi katipet.,Ma ega kate eca muke mbele ra ba
SALT-TEST-0256,test,There are more media houses in Uganda today.,Kati mu Uganda mulimu emikutu gy'amawulire mingi.,Hariho ebibiina by'amahurire bingi omw'eihanga erizooba.,Odi  pa lupok lok angeyo tye mapol i Uganda.,Ipu itogoi luikamere iyemuto koUganda lolo.,Jo osisiani 'diyi andrusi Ugandaa karakarau
SALT-TEST-0257,test,It is important to preserve and conserve nature and wildlife.,Kya mugaso okukuuma n'okulabirira obutonde n'obulamu bw'ebisolo by'okuttale.,"N'eky'omugasho, okurinda eby'obuhangwa n'enyamaishwa.",Pire tek me gwoko tim ki lee matye iye,Epolok nu aidar ka ayuarit ejautene lo akwap ka iboro lu ais.,Eri orodriru anyapa asea 'diyi ma tambazu
SALT-TEST-0258,test,She runs her salon with two assistants.,Alina abantu babiri abamuyambako mu saluuni ye.,Natambuza saruni ye nabayambi babiri.,En timo tic me calun ki lutic aryo mukene.,Itolosi ngesi aiboisit naicipere itim keda itunga iarei luingarakinitos ngesi.,Eri azi eri vile saluniari nga 'ba iri eri ma aza kopi 'diyi be.
SALT-TEST-0259,test,Rwanda's minister for the East African Community said some members of their delegation would be unavailable.,Minisita w'e Rwanda ow'omukago gwa East Afirika yategeeza nti abamu ku baweebwa obuvunaanyizibwa ku lwa Rwanda tebajja kubaawo.,Minisita wa Rwanda orikujunanwa enshoonga z’ekibiina kya Afirika y’oburugwa izooba akagira ngu abagyenyi abamwe bakaba batarikwija kubaasa kubaho.,Minicita me Rwanda makeme ki lok kom ribbe me kin lobo mapat-pat me Afrika kunyango owacao ni pol ludito meggi mamayero obed I coko enoni pe obubedo tye.,Ebala eminisita loko Rwanda loka Atukot Nako East Africa ebe mam imeebanake ice luisukunyunitai epote ajaikin.,"Rwanda vile minisita azi East African Community driri ngapiri kini, memba yi vile 'diyi ma azi yi yo."
SALT-TEST-0260,test,He missed the deadline for his assignment.,Olunaku kwe yalina okumalirako omulimu gwe lwamuyitako.,Tarahiikirize enkomo y'omurimo gwe.,Agalle oweko nino me dwoko tic ma omiiniwa okato.,Mam ngesi abu kiswama ngun kotoma apak nalimokinitai nges.,Ece o'du asizu erini azi fele i dririniri ra
SALT-TEST-0261,test,Some times government work slows down because of delayed funds from ministries.,Olumu emirimu gya gavumemti gisooba kubanga ensimbi zirwayo mu Minisitule.,Obumwe n'obumwe emirimo ya Gavumenti negyenda mpora ahabw'okukyerererwa kw'esente kuruga omu minisiture.,ikare mukene tic pa gamente pe woto oyot pi gale pa cente me tic,Acie apakio mam aswam na apugan elosi noi kanu aiyap na ikapun ko erionget.,"Sa'wa azi 'diyisi, azi gameteni 'diyi aci e'yere okalamvu ndundu 'diyini robia edrizu vele risi"
SALT-TEST-0262,test,Besigye accused the National Resistance Movement of being a one-man dictatorship.,Besigye yalumiriza National Resistance Movement okuba wansi wa nnakyemalira omu.,Besigye akahababira  ekibiina kya NRM kuba ekibiina ky'omuntu omwe ngamba-nyenka.,Besigye okok ikom party ma tye iloc ilobo man me bedo ki dic itela,Abu Besigye kitoron epate loka Museveni kanu aitosom atorob.,Besigye to amuti National Resistance Movement niri e'yo ovuzu 'ba alu ma azito o'baza ruri si
SALT-TEST-0263,test,Her laptop was stolen on her way to school.,Kompyuta ye ey'omu ngalo yabbibwa ng'agenda ku ssomero.,Raaputopu ye ekeibwa arikuza ahaishomero.,Kikwalo laptop ne ikare ma en tye kacito i gang kwan,Aponi okokwarai laptop ke elosi ngesi osomero.,Ba ogu eri ma komputa lapitopu ruri aje erini muria sukulua
SALT-TEST-0264,test,This coronavirus disease will one day be history.,Kino ekirwadde kya korona olumu kijja kubeera lufumo bufumo.,Endwara ya Korona eizooba rimwe neija kuba ekyafaayo.,Two korona nino mo bikato bene.,Ebeit adeka na naka ekorona aolior adipepaaran.,Aza o'bu coronanirini va 'diri nga ovu adiru o'du alu ra
SALT-TEST-0265,test,Drinking of dirty water causes many diseases in people's lives.,Okunywa amazzi amakyafu kireeta endwadde nnyingi mu bulamu bw'abantu.,"Okunywa amaizi mabi, nikireeta endwara nyingi omu magara g'abantu.",Mato pii macol kelo two ikwo pa dano,Aimat akipi nuarokok eyauni adekasinei nuipu nejaas itunga.,Yi ondi mvuza ni azo karakara eyi eji 'ba eyi ma edri'a
SALT-TEST-0266,test,My uncle died last year.,Kojja wange yafa omwaka oguwedde.,Tatento akafa omwaka ogwahwiire.,Omin babana ot I mwaka mukatoni.,Abu mamaika kotwana okaru je.,Ma adroyi dra eli ajerisi
SALT-TEST-0267,test,This drama is captured in Daniel Kalinaki's book on Besigye.,Omuzannyo gwawandiikibwako ku Besigye mu katabo ka Daniel Kalinaki.,Ekigaaniiro eki nikishangwa omu kitabo kya Daniel Kalinaki ahari Besigye.,Goga man Kalinaki ocoyo pire I bukke ma dok ilok kom Besigye,Iwadikatai akiro nu toma aitabo loka Daniel Kalinaki kanuikamunit Besigye.,Ba bi andru 'diri Daniel Kalinaki vile buku Besigye ma driari ma alia
SALT-TEST-0268,test,What is the name of the teacher that you want to see?,Erinnya ly'omusomesa gw'oyagala okulaba y'ani?,Eiziina ry'omwegyesa ou orikwenda kureeba ni riiha?,Nying lapwony ma imito nenone-ni anga?,Ingai bo ekiror loka esisianakinan loikoto jo aanyun?,Embapi mini lele dreleri ma ru a'di'i?
SALT-TEST-0269,test,Religious leaders should be obedient and disciplined.,Abakulembeze b'eddiini balina okuba abeetoowaze ate nga ba mpisa.,Abebembezi b'ediini bashemereire kworoba n'okugira engyesho nungi.,Lutela dini omyero gulub cik dok gubed dano ma wor,Ekot engrenok lu ediini oraas lu erimaka ido inapara.,Le drice'ba kanisa 'diyi ma obi azita eyi ma vuti ra.
SALT-TEST-0270,test,World health organization wants to progress in domestic investment for surveillance activities.,Ekitongole kya World Health Organisation kyagala wabeerewo okwongeza ku kuteeka ensimbi mu kunoonyereza ku ndwadde mu mawanga.,Ekitongore ky’ebyamagara ekyensi yoona nikyenda kuta amaani omu by’o kucondooza .,Dul me World Healthe Organisation mito mede I keto lim I yub me tic mapat me bedo ki wang mabit I kom two.,Ekoto Erionget Loka Angeleu Kakwap kere aitopoloor angicio ngin kotoma akwapin nuka ore.,"Amuti, omvele World Health Organization ri, le aku'ba ma 'ba afa yi'be ci 'diyi azi ngazu, azo eti ondaza ma dria."
SALT-TEST-0271,test,Traders with the same kind of products operate in the same market.,Abasuubuzi abalina ebintu ebifaanagana bakolera mu katale ke kamu.,"Abashubuzi abaine ebintu ebirikushushana, nibakorera omukatare kamwe.",Lucat ma cato jami marom ipol kare gitiyo i cuk marom,Agwelanarak lu ejaas keda iboro adiope aputo egwelanarete osokoni ediope.,Ba afa wura alu 'diyi ozipi 'diyi afa ozi cu aluri ma alea
SALT-TEST-0272,test,"With the media, you can reach very many people ago.","Nga weeyambisa emikutu gy'amawulire, osobola okutuuka ku  bantu bangi omulundi gumu.",Orikwejunisa amakuru noobaasa kuhika aha bantu baingi.,"Ka itiyo ki upok ngec, itwero cwalo lok bot dano mapol","Keda ewai lo iyemuto, ipedori ijo adolokin itunga akwap kotoma apak adiope.","Geri rediyo eyini risi tualu filimu eyi pie risi, mi o'duko eco ca 'ba karakara eyi vu sa'wa aluri ma alea ra"
SALT-TEST-0273,test,You have a strong woman.,Mukyala wo mugumu.,Oine omukazi enkwata-mata.,Itye ki dako matek adada.,Ijaasi jo keda aberu naegogong.,Mi vu okuri okporu
SALT-TEST-0274,test,Nursery children are taught how to read and identify letters of the alphabet.,Abaana ba nnassale basomesebwa engeri y'okusoma n'okumanya ennyukuta walifu.,"Abeegi ba nasare, nibeegyesibwa okushoma hamwe n'okumanya enyuguta eza alifabeti.",Kipwonyo lutino me nacari ki kit me kwan ki niang nukta weng matye i Alphabet,Isisianakino idwe luko nasare eipone lo esiomere ka ajenun anyukutan nuka alphabet.,Ba anzi nasari'a 'diyi imba lata lazu azini nukuta eyi onizu
SALT-TEST-0275,test,The lion is one of the major predators in the jungle.,Empologoma y'emu ku bisobolo ebisinga okuyigga binnabyo mu kibira.,Ekicuncu nikyo kimwe ahanyamaishwa ezikira kurya ezindi omwishwa.,Labwor an ayer tye ikin lee macamo lee mukene ki bwunga.,Erai engatuny ediope kotoma otiang luenyamete luce kokibiran.,Kami eri anyapa alu anyapayi onyazasi tu 'diyi ma azini
SALT-TEST-0276,test,The pathway sits at the heart of several other biological processes.,Enkola eyo ekozesebwa nnyo ne mu mbeera endala.,Omuhanda gwakyo nigushutama ahagati ya bingi ebirikugyenda omu maisho omu mubiri.,Yoo me donyo ne aye ngo ma keto cwiny me tic makwako kwo mapat-pat ocung iwiye.,Erai epone lo loejai toma otau loka iponesio ice kotoma aijarake.,Geri erini fizuri ri geri ndu ndu ruani azi ngazuri ma dria.
SALT-TEST-0277,test,There is ignorance about the disease among the community.,Waliwo obutamanya mu bantu ku kirwadde.,Hariho obutamanya ahandwara eziri omu bantu.,Dano peke ki ngec i kom two eni,Ejai amamus na aijen nuka adeka kanejaas itunga.,Ani ako ongulumu eyi ma eselea azo 'da ma dria ci
SALT-TEST-0278,test,The treaty was signed by President Yoweri Museveni and his counterparts.,Omukago gwateekebwako omukono Pulezidenti Yoweri Museveni ne bakulembeze banne.,Endagaano ekatibwaho omukono Yoweri Museveni  na bagyenzi be.,Jo ma oketo cinggi I winye enoni obedo ladit lobo Yoweri Museveni ki luwote mapat-pat.,Arai Lokapolon akwap Yoweri Museveni keda ipaupake kes apotu kicikakisi akan toma aitutuket.,"Drile kari ni President Yoweri Museveni, alipi yi be ti dri a'yota 'diri ma dria ni."
SALT-TEST-0279,test,What are some of the diseases that can affect both animals and human beings?,Ezimu ku ndwadde ezikwata abantu n'ensolo ze ziruwa?,Ni ndwara  ki aha zimwe ezirikukwata abantu n'enyamiishwa?,Two ango ma mako dano kacel ki lee?,Ani bo adekasinei ace nuepedorete atiror itunga keda itiang da?,Azo ecopi anyapa yi obipi ba a'dayi pie 'diyi ma azi yi azo ngo yi?
SALT-TEST-0280,test,The accused claimed he was innocent because there was no evidence.,Avunaanibwa yategeeza nti yali talina musango kubanga tewaaliwo bujulizi.,Kihababirwa akagira ngu akaba ataine mushango ahabw'okuba hakaba hatariho bujurizi.,Ngat ma ki keto bal iwiye owaco ni en pe otimo bal pien ni caden mo keken peke,Ebala lo iwosatai ebe mam nges ediakarit naarai amamei ekisibit.,Agu 'bani to 'da kini i e'yo koko a'dusikuni afa azi e'dapi kini i eza e'yo ra ada ni yo
SALT-TEST-0281,test,Catholics allow some married men to become ordained priests.,Abakatoliki bakirizza abasajja abamu abafumbo okufuuka ababuulizi.,Abakaturiki nibaikiriza abashaija bamwe abashweire okuhinduka abasesorodooti abatendekirwe.,katoli giye co mogo ma gunyome me bedo padi,Ecamakitos itulikin icie ikiliok lu edukokina araun isaserodotin.,Katulika eyi ai agupi azi oku pie 'diyini ecazu padere eyi ru ra
SALT-TEST-0282,test,My niece was appointed as a director of the firm.,Ow'enganda zange yalondebwa okuba dayirekita w'ekkolero.,Mwihwa wangyeatoorainwe kukurira faamu,Kicimo latin pa nero me tic macalo Ladit me kampuni.,Aponi koseunai acenika kwape angarenon naka ekampuni  kangol.,Ba pe ma amvi kalaari ovuzu drile amuti nderiniriru
SALT-TEST-0283,test,The World Health Organization hopes that the first pledge will encourage donors to the cause.,Ekitongole kya World Health organisation kisuubira nti ekisuubizo ekisooka kijja kuwa abagabirizi b'obuyambi amaanyi eri omulamwa ogwo.,Ekitongore ky’ebyamagara ekyensi yoona nikitekateeka ngu okuraganisa kw’okubanza okwe nikwija kuba ekyokurebereho ky’okuretera abandi banyambazi bayirukangirira enkora egyo.,Dul me World Health Organisation tye ki gen ni cikke me miyo kony me acel bitugu cwiny lumii kony me miyo kony pi yub enoni.,Eomit Erionget Loka Angaleu Kakwap kere ebe ebuni ngi aisinyikokin luce agangakin kowai loikapun.,"Amuti World Health Organization, ni asi 'baza be kini owita 'dini nga 'ba azini yimaasi enga zi nde ma aza kozu."
SALT-TEST-0284,test,This raises serious issues of safety in our water transport system.,Kino kireetawo obulabe bwa maanyi ku ntambula ey'oku mazzi.,Ekinikyimutsya enshonga nkuru omubikwatireine nekyitongore kyokwohereza amaizi.,Man okelo lok me gwokke/bedo agwoka I tenge me wot I pii.,Einakinit ngin oni amisikin ebe ibusakinit oni aitojokaar ayuwara koicorin.,Di enga e'yo okporu ta mbaza ma dria e'yo acita yi dria 'diyi ni ri 'diyi
SALT-TEST-0285,test,Early pregnancies have led to increased dropout rates of girl children.,Embuto ez'amangu zireetedde omuwendo gw'abaana abawala abawanduka mu ssomero okweyongera.,Abaishiki okutwara enda bakiri bato kureetaire omuhendo gw'abaishiki abarikuruga omu mashomero kwenyongyera.,Yacu con oweko anyira madwong pe tye ka tyeko kwan,Alinganakin apotunun nes ayangau apesur ainyanakin esomero.,E'yo anzi esuza drioru ri niri otu kalafe ezoanzi eyini sukulu kuzu ri ra.
SALT-TEST-0286,test,This place is too cold.,Ekifo kino kinyogovu nnyo.,Omwanya ogu nigufuka oburengye.,Kabedo ma ngic adada.,Elilim aiboisit ngin noi.,Angu 'nderi ambi saaru
SALT-TEST-0287,test,One of the Ugandans did not qualify for the Olympics because he was underweight.,Omu ku bannayuganda teyayitamu kuzannya gya Olimpiki kubanga obuzito bwe bwali wansi.,Omunyauganda omwe tarabasize kwikirizibwa kwetaba omu mpaka za orimpiki ahabw'okureemeera kukye.,Ngat acel I kin lungwec me lobo Uganda pe pyem pien ki nongo ni kilone pe rom ki pa jo mukene ma tye I pyem.,Ediope kotoma akerak luko Uganda mam abu koloma toma abolobol naarai adit alangiruke noi.,Ba Ugandani 'diyi ma azi aluni awini dri fu avita Olympicsnirini ku a'disiku eri ma nzita cani de ku
SALT-TEST-0288,test,Cholera is a disease caused by poor sanitation.,Kolera bulwadde obuleetebwa bukyafu.,Endwara ya y'ekiirukano neeretwa oburofa.,Cholera obedo two ma cilo aye kelo,Erai ekolera adeka na eyangauni aigasiaikit.,Cholera eri azo azi esule onzoroko azini ati ako si ni i.
SALT-TEST-0289,test,My students make me upset.,Abaana be nsomesa banyiizza.,Abeegi bangye nibanyizya.,Lutino kwann gucwero cwinya mada.,Itakadinikinete eong esisiakaka.,Sukulu anzi ma vile 'diyi fe ma asi enya
SALT-TEST-0290,test,"A world of misinformation, disinformation, and misinformation is thus aided.",Obubaka obutali butuufu era nga bwabulimba awo nebuyambibwako.,Ensi y’amakuru gatahikire eba yatunga omugisha.,Man miyo ki wilobo ngec ma kiteto me bwolo dano ki ngec ma kiloko tyene,"Kanu kangun ingarakinio akwap naka akiro numam eraasi nukabeit, akiro nuemamete.","Wudrikuru o'duko inzoruni, dri seza kala inzosi azini inzo dikari niri 'di ovu atizaru ni"
SALT-TEST-0291,test,Boys passed the examinations highly.,Abalenzi baayitidde waggulu.,Aboojo bakahikira ebibuuzo ahaiguru.,Awobbe otimo maber I peny ne.,Apotu isap kotuboto aingito ejok noi.,Agupi anzi aga obeta nde ongmbo angiri si
SALT-TEST-0292,test,How long do rape case court hearings take?,Okuwulira emisango gy'obuliisamaanyi mu kkooti kutwala bbanga ki?,Omushango gw'okuhamba nigutwara bwireki gutakahuriirwe?,Winyo pido pi lok me butu ki mon tektek tero kare marom mene?,Apak bo na etia ai edauni apupio na emusago lo aibu aisiol.,E'yo 'bani 'ba o'bizu okpo alea 'diyi sa'wa 'du kotia ngopi?
SALT-TEST-0293,test,He needed a car to ease his campaigns.,Yali yeetaaga emmotoka okwanguya kakuyege we.,"Akaba nayetaaga ekiiruka , okworobya ehururu ze.",En onongo mito mutoka wek okonye ki cunu kwii,Epuda ngesi emotoka kanu aitapatan ekampein ke.,Eri le ndra mutukari ra eri ma acita ti odaza ma alea ri 'bazu ewakokoru
SALT-TEST-0294,test,The clergy need to engage in business activities to improve their welfare.,Abakulembeze b'amadiini beetaaga okwenyigira mu mirimu gy'obusuubuzi okulongoosa obulamu bwabwe.,Abaahure baine kwejumba omu mirimo y'ebyobushuubuzi babaase kutunguura entuura yaabo.,Lupwonye dini omyero gutim biacara mo kelo itgi cene,Ekot imakio lu ekanisa ajaut akiro nuka agwelanar kanu aitojokar ejautene kec.,Le drice'ba kanisa ni 'diyi ma fi e'yo tujari ni 'diyi ma alea eyini ani eyi ma edri otuzu.
SALT-TEST-0295,test,The districts are having land disputes.,Disitulikiti zirina enkaayana z'ettaka.,"Za disiturikiti, ziine entongane omu by'eitaka.",Distrik egi ni gitye ka laro wang ngom,Ejaas idisitriktan keda ingungeta lu alupok.,Distrikiti 'da eyi baka se e'yo nyakuni 'diyi ma dria
SALT-TEST-0296,test,What does the crime intelligence officer have to do?,Omunoonyereza ku misango alina kukola ki?,Ofiisa orikubuuririza ahamishango naakora ki?,Abili ma timo kwed i kom bal ma otime ticce ngo?,Inyobo ebeit epolisit lo angican imusagon aswam?,ꞌBa ambo eꞌyo onziri ma eti ondapi polisianiri ni nga aꞌdi ꞌye ya?
SALT-TEST-0297,test,People will not be allowed to get half of their savings until they retire.,Abantu tebajja kukkirizibwa kufuna kitundu ku ssente ze batereka okutuusa nga bawummudde ku mirimu.,"Abantu tibarikwija kuheebwa ekicweka ky'esente zaabo ezibiikirwe , kuhisya obu barahuumuzibwe.",Pe gibi ye ni dano ogam nucu cente ma gugwoko nio wang mma dong gu weko tic pi mwaka gi madit,Mam itunga ecamakino adumun atutubet naka ikapun kec itoni ne edolio aiyengun.,Ba ngani ai o'bi eyini robia eyini tamba ewu drusirini ri ma hafu esuzu ku kpere eyini azi kuzu
SALT-TEST-0298,test,Telecom companies are secretive on doing the new interconnection fee,Ebitongole by'amasimu bisirikidde ensonga y'ebisale by'amasimu ebipya,Kampunni z’ebyokuhurikiriza zaine ekihama omubishare,Dul mapat-pat me cim gwoko I mung tutwal wel cul me kubbe ki cim I kin dulgi mapat-pat.,Eseete ikampunin luka isimun nuebeit kesi aitatac ikapun luka arucokin.,Amuti simu ni 'diyi e'yo ajeniri 'ye ndi ndi ru yi ni aje simu ogbazu eselea 'diyi ma dria
SALT-TEST-0299,test,Some schools receive the papers before exams are held.,Amasomero agamu gafuna ebigezo nga bukyali.,Amashomero agamwe nigatunga ebigyezo bitakakozirwe.,Gangi kwan mukene nongo karatac peny manongo pud peny pe ocako.,Edumununete isomeroi ice aingito eringa apak naka aingito.,Sukulu azini 'diyi  karatasi obeta ni 'diyi isu de nga sa obeta niri eca ku
SALT-TEST-0300,test,Locals can help prevent crime by reporting wrongdoers.,Abantu basobola okutangira obuzzi bw'emisango nga baloopa abakozi b'ebikolobero.,"Abantu b'omukyanga, nibabaaasa kuzibira ebihagaro obwo barikwanjuraabakozi babyo.",Lutedero gi twero gengo bal time kun gi doto lutim bal,Epedorete itunga aitikitik abilibilo na ikisila kowai lo alimonor luarokok.,Ba aa'pi angu azi ma alea 'diyi eco e'yo onzi ma omgbo esi ra geri eyini 'ba e'yo onzi 'yepi 'diyi oluzu risi
SALT-TEST-0301,test,District councillors are poorly paid which affects service delivery,Bakansala ba disitulikiti basasulwa bubi ekikosa empeereza,"Ba kansara aha Disiturikiti nibashashurwa kubi, ekirikutamba eikono enkora y'okuhisya obuheereza aha bantu.",Lutela ma itedero ki culu gi ma goro ma eni tye ki adwoki marac i kom tic gi,Ikidioko ikapun etacio ikansilan lukodisitrikt  ido itolitoli aswam.,Ba ofeni kansila distrikitia 'diyi muke ku fezu azo ngaza azini azakoma feza o'bi eyini ri ni ecazu ewaru.
SALT-TEST-0302,test,There is an increase in the number of people joining the group every day.,Buli lunaku omuwendo gw'abantu abeyunga ku kibiina gulinnya..,"Omuhendo gw'abantu abarikwegaita aha guruupu burizooba, gweyongyeire.",wel dano me tye ka donyo i gurup eni mede nino ducu,Eyatakin enaba lo itunga elomanarete ogurupu ngin paran.,Ba fipi amuti 'da ma alea o'du driasi 'diyi ma kalafe ni tutu .
SALT-TEST-0303,test,There is a lot of disagreement within the party.,Waliwo obutakwatagana bungi mu kibiina.,Hariho obutakwatagana omukibiina,Telle matek tutwal tye I dul me cungu iwi-bye ne.,Ipu ingungeta kotoma opate.,Erita ako ga amuti yi ma alia yi ma ngulupi si tre
SALT-TEST-0304,test,The treaty was signed to re-establish the East African Community.,Endagaano yassibwako emikono okusobola okuzzaawo omukago gwa East Afirika.,Endagaano ekahamibwa kugarura butsya ekibina kya Afirika ya burugwa eizooba.,Kiketo cing I winye ne wek oroc dul me East African Community.,Aponi kicikakinai akan kanu acamanar aisiteteun Atukot Naka East Africa.,Dri tiza a'yota ti ecima ni ri lezu amuti East African Community ni e'dozu dika.
SALT-TEST-0305,test,The schools should provide pupils with something to eat.,Amasomero gateekeddwa okuwa abayizi ekyokulya.,Amashomero gashemereire kuheereza abeegi ekyokurya.,Gangi kwan omyero gumi ki ki lutino gin acama,Ekot isomeroi aijanakin idwe iboro lu enyamete.,Le sukulu eyi ma fe sukulu anzi eyini afa nyaza ci.
SALT-TEST-0306,test,Some of my friends think that my mother-in-law is pretending to help me so that she can spy on my family.,Abamu ku mikwano gyange balowooza nti nnyazaala wange yeefuula annyamba asobole okuketta amaka gange.,Abanyani bagye bamwe nibagiira ngu aine nayebuzabuza ngu nanyamba kwenda kuurebuza ebirikukwata aha maka gagye.,Jo mukene giwacci mara nyuto ni ekonya kara mito ngeyo mung me gangwa.,Ewomitos ipaperoka ice ebe ewuta totoke okilenika aicidik ebe ewuta aingarakin eong tetere ngesi engici ekosi ekal.,Ma agypi azi 'diyi ega kini ma idri le i ba kile eri ma aza ko le erini ani ombata 'yezu familia mavileri ma dria beni
SALT-TEST-0307,test,The leaders tasked the parliamentarian to solve the problem using the colonial map.,Abakulembeze baasaba omukiise mu paalamenti okugonjoola ekizibu nga yeeyambisa mmaapu y'abafuzi b'amatwale.,"Abeebembezi bakashaba abany'eishengyero okumaraho oburemeezi, barikukoresa maapu y'amatwaare.",Lutela gu keto lamema me ot moko cik me cobo peko matye ni kun tiyo kiwang ngom ma kiketo ikare me loc pa muni,Apotu engarenok otingata emeeba loka airabet aitemokin ationis itwasamai amapu na akolo.,Drice'ba eyi feki memba koloseni niri ni azi e'yo 'da otuzu mapu ogara'ba eyini risi
SALT-TEST-0308,test,Doctors need to sleep in staff houses to have immediate access to patients,Abasawo beetaaga basule mu nnyumba z'abakozi okusobola okukola amangu ku balwadde.,"Abashaho nibetenga kuraara omu nju ezaheirwe abashaho, kugira ngu babaase kuhika aha barwaire juba nk'okukirikwetengwa.",Daktari omyero gubut I odi pa lutic wek gubed nongo gitwero ka konyo lutwo cut cut,Ekot imurok apero otokoi lu edokokitai kanu odolonokin adekak atipet.,Le dakitari eyi ma aa'ki jo Sile azi'ba eyini 'diyi ma alea eyini azakoma fezu 'ba azoru 'diyini mbeleru beni.
SALT-TEST-0309,test,strikes and accusations from the opposition being politicized need to stop in Makerere,Okwekalakaasa n'obwegugungo okuva ku ludda oluvuganya mu byobufuzi byeetaaga okukomezebwa mu Makerere.,Obwediimo  hamwe n'okucwerana emanja okurikukorwa ab'eby'obutegyeki abahakani bishemereire kwemerezibwa omu yunivaasite ya Makerere.,Lucungu iwi bye ma tam gi pat ki pa gamente omyero pe guwek lok me jemo ki adot ma aa ki bol odok lok me cungu iwi bye,Ibusakinit engarenok luka epata loka etepegak apalar aswamukec naka aidiya keda aitoron Makerere.,Le e'yo ngiringiri ni azini atotoa ni engazu 'ba ageti otiza ni 'diyi vu asisile politiki nisi Makererea 'diyi ma asi ra
SALT-TEST-0310,test,People should distance themselves from others to prevent the spread of coronavirus.,Abantu balina okwewa amabanga okwewala okusaasaana kw'ekirwadde kya corona.,Abantu baine kweheereza emwanya kurunga ahabandi kwetantara okujanjaara kwa tsenyinga omukabwe.,Dano myero gubbed mabor ki luwotgi pi gwokke ki two me korona.,Ibusaknit itunga alainikina kanu aitikitik eikor loka adeka naka ekorona.,Ba ma ku angu yi ma eselea 'ba azi 'diyi be ci azo o'bu coronanirini ma ereta atrizu.
SALT-TEST-0311,test,He has not eaten food for two days now.,Amaze ennaku bbiri nga talya mmere.,Yaamara ebiro bibiri atiine ki ariire.,En pe ocamo dek dong pi nino aryo.,Mam ngesi enyamit inyamat kanu apaarasia aarei kwana.,Eri nya nyaka ku ca 'di o'du iri 'bo
SALT-TEST-0312,test,I saw a stranger entering that house.,Nnalabye omuntu gwe sitegeera ng'ayingira mu nnyumba.,Nkareeba omugyenyi arikutaaha omunju egyo.,Aneno ngat mo ma pe angeyo ka donyo i ot.,Abu eong aanyu ecetunganan elomari togo ngol.,Andre 'ba azi ani'boruni firia jo 'da ma alia.
SALT-TEST-0313,test,He is our entertainment minister at school.,Mu ssomero lyaffe akola nga minisita w'eby'okwesanyusaamu.,Niwe arikukurira eby'okushemeza abantu omu eishomero ryaitu.,En aye tye minista ma loyo lok kom galowang I cukulwa.,Erai ngesi loeyait aitelelio kosomerokosi.,Eri ama vile minisita e'yo ayiko fezaniri ma e'yo ndrepi Sukuluari'i.
SALT-TEST-0314,test,It is good to express gratitude.,Kirungi okulaga okusiima.,"Nikirungi, okworeka amashemererwa.",Obedo gin maber me miyo pwoc,Ejok aitodiar aitim.,Eri orodriru aa'zu awa'difo be tia tre.
SALT-TEST-0315,test,Animals are greatly affected by diseases.,Ebisolo bikosebwa nnyo endwadde.,Endwara nizinyangaraza munonga amatungo.,Polkare two diyo lee matek,Esuronokinete adekasinei itang noi.,Anyapa eyi esu candi azo eyi si saaru.
SALT-TEST-0316,test,Ten of the prisoners were returned to the country today.,Abasibe kkumi ku bo bakomezeddwawo mu ggwanga leero.,Ikumi aha batsibe baagarurwa om'eihanga erizooba,Mabuc apar kidwokogi cen lobowa.,Aponi inyakunai isibei itomon toma akwapu lolo.,Ba ogo mabuso mudri 'diyi be kari ma alia te andru
SALT-TEST-0317,test,The situation was very tense by the time I arrived.,"We nnatuukira, embeera yali ya bunkenke.",Embeera ekaba eri oy'obunkenke omu bwire obu naiziire.,Jami ne obedo lyet I kare ma oo.,Arono noi ejautene kosawa loadolunia eong.,Mani ecazurisi e'yo nderi de eyazaru.
SALT-TEST-0318,test,Those that get low points will automatically be disqualified.,Abo abafuna obubonero obutono bajja kuwandukamu.,Abo abaratunge obubonero bukye nibazi kubingwa,Kibiryemo jo ma onongo wel makci manok.,Ngul luedumunete apointan nuikidioko eponio alemar kotoma abolia.,Ba nga'baa isu 'ba were 'diyi nga ovu ovuza ru yi si
SALT-TEST-0319,test,The team displayed good football skills in the tournament.,Ttiimu yayolesezza obukodyo bw'omupiira obulungi mu mpaka.,Tiimu ekooreka emyoga mirungi y''omumuzaano gw'omupiira omu mpaka ezabaireho.,Lutuk odilo gunyutu diro tuku mabeco ipyem tuku mukatoni,Abu etimu itodu aipet najokan kotoma abolobol.,Amuti mupira avizu 'da e'da geri azi ala mupira avizuni eyi ma azi mupira abala 'di ma alea.
SALT-TEST-0320,test,This was a bad move to go home.,Okusalawo okudda eka tekyali kya magezi.,Hakabaho entambura mbi kuza omuka.,Dok gang obedo moko tam marac tutwal.,Mam alosit ore arai aseunet najokan.,Di ndra geri onzi 'ba ni muzu akua ni'I
SALT-TEST-0321,test,The soldiers should be convinced to stop fighting.,Abasirikale balina okuyambibwa okukiraba nti beetaaga okulekera awo okulwana.,Tushemereire kushaba amahe kurekyera aho okurwana,Myero kibit mony wek guwek lweny.,Ibusakinit aicorakin isirikaalei apalar ejie.,Le 'ba ma o'be 'ba marani ru 'diyi a'di 'diza kuzu ja
SALT-TEST-0322,test,The church was established with three objectives.,Ekkanisa yazimbibwa n'ebigendererwa bisatu.,Ekanisa ekatandikwa n'ebigyendererwa bishatu.,Kiyabu kanica ki miti adek,Edukunitai ekanisa kanuka iboro iuni.,Ba e'do kanisa 'da e'yo okporu na eyi be
SALT-TEST-0323,test,She was born blind.,Yazaalibwa muzibe.,Akazaarwa atarikureeba.,Kinywale ma wange oto.,Eurunitai ngesi emudukana.,Ba osi eri mile kokoru.
SALT-TEST-0324,test,Engineers should create a professional uniting body.,Bayinginiya balina okutondawo ekibiina ekibagatta.,Baayingyiniya bashemereire kutandikaho ekibiina ekirikubagaita.,ludiro irwom ma malo omyero gubed ki dul ma ribo gi,Ekot ijinias adukun atukot na imorikikit kes.,Le inginiya eyi ma e'do amuti azi ngazu eyi ecipi tualu ni i
SALT-TEST-0325,test,Candidate classes will report at the beginning of June.,Abasomi mu bibiina ebya kamalirizo bajja kuddayo ku ntandiikwa y'omwezi gw'omukaaga.,"Abeegi abari omu bibiina ebyakamaririzo nibaija kuza aha mashomero, aha ntandikwa y'okwa mukaaga.","Joo matye I class abiro, angwen ki abicel gubi cako kwan I acaki me dwe me abicel",Esisiak lu ebeit angetakin ebeit abongor ageunet na olap lo ikanyetape.,Sukulu anzi depi dede 'diyi go sukulua imba azia ni e'doria
SALT-TEST-0326,test,My food order was delivered on time.,Emmere gye nnalagirizza baagireese mu budde.,Eby'okurya ebinashabire bimpikireho omu bwiire.,Cam ma apenyo me wilo kikelo i cawane kikome.,Aponi koyangaunai inyamat luengisit eong kotoma apak.,Ba nyaka mani azileri sawa ma dria.
SALT-TEST-0327,test,Most of the funding was allocated to agriculture.,Okuvujjirira okusinga kwaweereddwa eri obulimi n'obulunzi,Esente nyingi bakazita omuby'obuhingi n'oburiisa.,Pol pa cente ki keto i lok me pur,Apiyai nuipu aponi ibwaikinai owai lo akoru.,Ba fe robia 'da ma abari e'yo agirikica ni 'diyini
SALT-TEST-0328,test,I clearly remember the way to your home.,Nzijukira bulungi ekkubo erigenda ewammwe.,Niinyijuka gye omuhanda gurikuza owaawe.,Wiya poo maber adada I kom yo macito gangi.,Eiituni eong jokan erot loelosi orekon.,Ma ega geri mupi mi vile akuari kililiru ra
SALT-TEST-0329,test,Refugees do not have enough food to sustain their lives.,Abanoonyiboobubudamu tebalina mmere emala kubeezaawo bulamu bwabwe.,"Abantu empungi, tibaine by'okurya ebirikumara kubabaisaho.",Luring ayela pegitye ki cam ma oromo,Emamete ikerai inyamat lu edolitos kanu ajaria.,Emunyale eyini nyaka cani eyini ani ecozu eyi ma edri ta mbazu ku.
SALT-TEST-0330,test,A marathon is a long-distance race.,Mubunabyalo kwe kudduka emisinde emiwanvu.,Marasoni nikimanyisa okwiruka orugyendo ruraingwa.,Ngwec pa lwak obedo ngwec ma bor,Aijong erai akerit na eoja.,Afa omvele marathoni ruri eri ongu 'bani nzu angu ezu ma alea ri i
SALT-TEST-0331,test,The land is very valuable.,Ettaka lya muwendo nnyo.,Eitaka n'eryomuhendo munonga.,Ngom obedo gin mo ma well tek.,Eraasi alupok nuepol etiai.,Nyakueri afa lonyi beni'i
SALT-TEST-0332,test,Motorcyclists are not allowed to use the new bridge.,Abavuzi ba pikipiki tebakkirizibwa kuyita ku lutindo olupya.,Abavugi b'amapiki tibarikwikirizibwa kukoresa orutindo orusya.,Lungwec ki pikipiki pe kitye kaye ni gungol ki wi pem manyen.,Mam ecamakinitai erengeak ipikipikin aitosom edaraca loitetet.,Ba leni 'ba pikipiki onzu'ba 'diyi dri daraja o'diri ayuzu ku.
SALT-TEST-0333,test,That is only its overt manifestation.,Eyo y'engeri yaakyo ennambulukufu gye kyeyolekamu.,Okwo nikwo erikweyoreka omu rwatu.,Me no aye lanyut acel keken ma tye kamaleng,Erai ngol bo alosikinet nainerai.,Da lu geri erini I e'dazu ngmboru ri'I
SALT-TEST-0334,test,How deep is lake victoria?,Ennyanja Nalubaale mpanvu kyenkana ki?,"Oburengwa bw'enyanja Nalubaale, nibwingana ki?",Nam me pii Victoria tut ma rom kwene?,Inyobo aidules naka eicor loka Victoria?,Yi Alio Victoria niri ma ali ngopi ?
SALT-TEST-0335,test,Married people should resolve their disagreements.,Abafumbo balina okugonjoola obutakwatagana bwabwe.,"Abantu abari omubushwere , bashemereire kutereeza eshonga zaabo.",Jo ot omyero gu nongo yoo me cobo peko matye ikingi,Ekot itunga lu edukokina aitemonokin akiro kec.,Le 'ba eyi 'dupi 'bo azini aku sipi 'bo 'diyi ma otu e'yo eyi ma eselea 'diyi.
SALT-TEST-0336,test,The new system could cost millions of shillings.,Enkola empya eyinza okutwala obukadde n'obukadde bwa ssente.,Omuringo omusya nigwija kumaraho obukaikuru bw'empiiha.,Yub manyen ne twero tero wel cente ma oo milyon mapol.,Epote aitemonokineta ayangaikin imilionin luipu noi.,Geri o'di 'diri eco nga aje silingi ni nya milioni angiri
SALT-TEST-0337,test,He was called to the police station to give a statement.,Yayitibwa ku poliisi okuwa sitatimenti.,Akeetwa aha pooriisi kukora sitatimenti,Kilwonge I polic ka coyo lok doge .,Aponi konyaraunai ngesi polis kanu aiwadik akiroke.,Ba omve eri emuzu ti sizu polisia
SALT-TEST-0338,test,Uganda should utilize technical solutions in the education sector.,Uganda erina okukozesa amagezi ag'ekikugu mu kitongole ky'ebyenjigiriza.,Uganda eshemereire kwejunisa ebyemikono omu kitongore ky'eby'obwegyese.,Uganda omyero otii ki kwan me tic cing ka gineno yoo me ilo malo rwom me kwan,Ekot Uganda aitwasam iboro lu itegelikina kowai loka aisisia.,Le Uganda ma ayu ondua afa ndundu eyi edezu ri arakala onita niri ma alea i
SALT-TEST-0339,test,Why would the diocese be split?,Lwaki obulabirizi bwawulwamu?,Ahabw'enki obureeberezi nibwetaanisamu?,Pingo mono kipoko i diocese?,Kanuboinyo etiakar edaiosis,Ba di dayasesi awa a'du ma e'yosi?
SALT-TEST-0340,test,People do not know what they want.,Abantu tebamanyi kye baagala.,Abantu tibarikumanya ekibarikwenda.,Dano pe ngeyo ngo ma gimito,Mam itunga ejenete iboro lu ekotosi.,Ba eyi nini afa eyini le 'diyi ku.
SALT-TEST-0341,test,More petrol stations have been opened up on different roads in Uganda.,Amasundiro g'amafuta mangi gagguddwawo ku makubo agatali gamu mu Uganda.,Amatundiro g'amajuta giigwirweho aha nguuto zitari zimwe omu Uganda.,Kiyabo ka mato moo pa motoka I teng gudu mapol I lobo Uganda.,Apukor isitesens luipu luka akinyet korotin luegelegela koUganda.,Ba ozi pari odu ozizu 'diyi Ugandaa nzila ndu ndu 'diyi ama tisi
SALT-TEST-0342,test,Weddings and funerals are used as campaign platforms by most politicians,Embaga n'emikolo gy'okuziika gikozesebwa nga akatuuti k'okunoonyezaako obululu eri bannabyabufuzi abasinga.,Emikoro yobugyenyi hamwe n'enfu  nibyejunisibwa omu kuronda obushagiki omu b'ebyobutegyeki abarikuronda akaruuru.,Lucungu iwi bye pol kare gitiyo ki ka nyome ki gangi lyel me cunu kwir,Itosomaete ipolitisan aidayo keda imanyito kwape aibosio nuka ekampein,Ba politii ni 'diyi ma pari yi omu oku biza ni azini dra ni 'diyi ayu pari agbatara ti odaza ni 'diyi 'yezu
SALT-TEST-0343,test,He has very many rich friends.,Alina emikwano mingi nnyo emigagga.,Ayine abanywani bingi abagaiga.,En tye ki lureme mapol ma lulonyo.,Ejaasi ngesi keda ipapero luipu noi luebaritos.,Eri ma agyipi mali be 'diyikarakarau
SALT-TEST-0344,test,Many people believed in him.,Abantu bangi baali bamukkiririzaamu.,Abantu bingi niba mwikiririzamu.,Dano mapol obedo ki niyee I lok megge.,Eyuunitos itunga luipu nuenera ngesi.,Ba kakau ovu andra asi baza be edri erini ma dria
SALT-TEST-0345,test,We buy goods and sell them at a profit.,Tugula ebyamaguzi ne tubitunda okufuna amagoba.,Nitugura ebintu tubiguza twiihamu amagoba.,Wawilo jami ka wa cato gi pi magoba,Igweli iso iboro do agwelanar kanu adumun ameda.,"Ama afa ozizaru 'diyi je ra, ama di eyi ozi orodri be"
SALT-TEST-0346,test,Muslims do not eat pork because it is a sin in their religion.,Abasiraamu tebalya mbizzi olw'okuba kitwalibwa ng'ekibi mu ddiini yaabwe.,Abasiramu tibarikurya mpuunu ahakuba n'ekibi omunyikiriza yaabo.,Icilam pe gicamo ringo opego pien meno obedo bal botgi.,Mam isiriamun eyamete akiring na epege naraai eraai adiakaru odinikes.,Isilamu nyani ezo za ku a'disiku eri ezatanii yi vile diniri ma alia.
SALT-TEST-0347,test,They need to guide the community about the benefits they will receive.,Beetaaga okuuulira abantu ku miganyulo gye bajja okufuna.,"Baine kuhwera abantu, okumanya emigasho eibarikwiija kutunga.",omyero guniang lwak i kom jami ma beco ma gubi nongo,Ekot kes aitetemikin itunga nuka ajokisio nu edumunete kesi.,Le eyi ma fe imbata ongulumu eyini drileba eyini nga esu 'diyi ma dria ra
SALT-TEST-0348,test,When is the next Champions League?,Ddi liigi ya bannantammegwa eddako lw'enneebaawo?,Kyampiyoni riigi erikukurataho ni eya ryari?,Tuko odilo makwako team odilo ma gutye pyem I namba acel me o I angwen I gurupgi I lobo ulaya bitime awene?,Iwori bo ejaikinotor aboliasio nuka abolobol naka etelekarak?,Avita Champions Leagueni vileri a'di ngare?
SALT-TEST-0349,test,Most of the manufacturing industries are privately owned.,"Amakolero agasinga obungi ga bwannanyini,",Amakorero amaingi n'agabantu buntu.,Pol cuma mapat-pat me yubo jami obedo pa wegge/dano.,Acuman nuipu nuitolomete iboro mam eraasi luka apugan.,Okalamvu afa e'de pi d'iyi ma pari yi 'ba yi ma ngulupi si 'diyi ni
SALT-TEST-0350,test,There will be scholarship programs for those who will excel.,Wajja kubaawo pulogulaamu za sikaala eri abo abanaakola obulungi.,"Nihaza kubaho enteekateeka z'okwegyera busha ahari abo , abarikukora kurungi.",Yub me kwan nono bi bedo tye pi jo ma bi timo maber,Ejaunos scholarships kanu esisiak lu epote aswam ejok.,Otita 'ba agapi kililiru 'diyini sukulu lazu pirina 'diyi nga adri ci
SALT-TEST-0351,test,There are checkpoints at every border district.,Buli disitulikiti eri ku nsalo erina we bakeberera.,"Buri nsharo, eriho omwanya gw'okukyebereramu.",Ka ngiyo luwot tye kaweng i districts matye i wang lobo,Ipu roadblocks kangol eikoru lo edisitrikt.,Pari 'bani 'ba andrizu 'diyi distrikiti dria boda'a ri ma alea ci
SALT-TEST-0352,test,Remember to cut your nails short.,Jjukira okusala ku njala zo.,Ijuuka kuchwa ebyara byawe.,Wii myero opoo me ngolo lwet cingi macego.,Iituniete aikep akonibelekeka.,Mi ega e'yo mi ma onyofi yi olizu ali ra
SALT-TEST-0353,test,Governments and private entities make programs that do not take into account forest-dwelling people.,Gavumenti n'ebitongole eby'obwannannyini bikola enteekateeka ezitakwata ku bantu abasaanyawo ebibira.,Zagavumenti hamwe na ebitongore  by'obantu buntu bakora zaa puroguraamu ezi abantu ababeisibwaho ebibira bataganyirwamu.,Miri mapat-pat kacel ki dul bene mapat-pat ma pe obedo pa mirikatti ki yub mapat-pat ma pe tamo I kom dano ma kwo I bunga.,Itolomununete iriongeta luka apugan keda luka itunga ainapeta numam epodokinitos itunga luiboiete kosiep keda ikibiran.,Yini azi otiria gamete amuti amveleru 'diyi pie egani e'yo o'bi oapi oce alea 'diyi ma dria ku.
SALT-TEST-0354,test,Boda Boda riders disregard traffic rules.,Abavuzi ba boodabooda tebagoberera mateeka ga ku nguudo.,Abavugi ba bodaboda tibarikukuratira mateeka g'ebiiruka.,Ludwo boda-boda pe woro cik me tic ki gudu.,Mam ibodabodan epodokinitos ikisila luka irotin.,Boda boda onzu'ba 'diyi leni azita nzila dri ni 'diyi ma vuti obi ku.
SALT-TEST-0355,test,Five hundred six people are on antiretroviral drugs.,Abantu bitaano mu mukaaga be bali ku ddagala eriweweeza akawuka.,"Abantu magana ataano na mukaaga, bari aha mibazi erikukyendeza akakooko ka siriimu.",Dano miya bic ki abicel gitye i yat onyo ARV,Itunga akwatakany ikanyape kes ilikete ikee luka adeka naka eiseny,Ba turu towi efi azia eyi aro izia niri oki
SALT-TEST-0356,test,Many people never recover the expenses of the trial.,Abantu bangi  tebaddizibwa ssente ze bakozesa mu kulabikako mu kkooti.,Baingi tibarikugaruka kutunga esente ezi bakoreise omu kuhurirwa kw'omushango.,"Inge ngolokop, Pol dano pe twero nongo cente marom ki maguculu me laro lok ikot",Itunga luipu mam inyakunete ikapun lu igaraman akaulo na aosan.,ꞌBa karakara yi esuni afa yini eza sawa eꞌyo lizaniria ꞌdiyi dika ku.
SALT-TEST-0357,test,The pandemic would have run out of control but we managed to coerce it,Ekirwadde bunnansi kyanditulemye okutangira naye twasobola okukirwanysa.,"Oburwaire bukaba nibuza kujanjaara munonga, kwonka tukabuzibira.",Two ma oporo ni onongo kono okelo peko mawdong tutwal ento wanguku jwiko peko man,Abeit adeka aroniar noi konye apotu oni apedosi aitikitik.,Azo onzi 'di ecota eca atri kokoru ra te ama arudrini eri omvizu ele ra.
SALT-TEST-0358,test,It all seemed rehearsed.,Byonna birabika byategekeddwa butegekebwa.,Kikareebeka nk'ekirabirwemu.,Jami ne ducu onen calo gin makong gupwonye apwonya kit me timo ne.,Asubitos bala nuetetemoritai sek.,Ena dria e'yo 'bani emba embani le.
SALT-TEST-0359,test,We have seen worse things this year.,Tulabye ebintu ebibi ennyo omwaka guno.,Tureebire ebintu bibi ogu mwaka nangwa n'ebirikukira ahari eki.,Waneno jami maraco adada I mwakani.,Iwanyu oni iboro lueroko adepar kokaru kalo.,Andre afa ewaru yi eli 'di ma alia ra
SALT-TEST-0360,test,"When we realized that the girl was not well, we took her to the hospital.","Bwe twamanya nti omuwala tali bulungi, twamutwala mu ddwaliro.","Ku twakimanyire ngu omwishiki taine magara marungi,tukamwirukanguza omu irwariro","Ikare ma wanyiang ni anayaka-ni pe tye maber, watere I ot yat.","Neijenunia sio ebe mama apese ngin engalaei, apotu sio ayangasi ngesi adekis.","Amani ndreria kini zamva ndari ovuni muke kuria, ama 'du eri ji arojoa."
SALT-TEST-0361,test,Television stations employ news anchors to report and cover current situations.,Ttivi zikozesa bannamawulire okugasaka n'okugafulumya nga gakwata ku mbeera eba eriwo.,Ebitebe bya tiivi nibikoresa abashomi b'amahurire kushaka n'okushoma ebirikugyenda omu maisho.,Citecen me telebijon coyo lukwan lok angea mapol me yenyo ki dwoko lok I kom ngo matye katimme kombedi,Etacete isitesens luka etelebision asiomak iyemuto kanu aisiom keda airot akiro nuiswamasi.,Pari afa ondredrea ni televesion ru 'diyi niri 'ba e'yo la'ba 'diyi si e'yo idrizu azini ejizu afa yi 'yeba 'diyi ma dria
SALT-TEST-0362,test,What are some of the commonly used herbs in Uganda?,Ddagala ki ery'ekinnansi erisinga okukozesebwa mu Uganda?,Ni bishaka ki ebirikukinzayo kukoreesibwa omu Uganda?,Yadi ango me tekwaro ma kitiyo kwede i Uganda?,Ani bo ikee luetapit aitosom koUganda?,Aro nyakuni 'bani ayu tu Ugandaa 'diyi ma azi yi ngoyi?
SALT-TEST-0363,test,Our chairman is suspected to be behind a certain group of thieves in our area.,Ssentebe waffe ateeberezebwa okuba emabega w'ekibinja ky'ababbi ekimu mu kitundu kyaffe.,"Mukuru wentebe waitu, nateekateekwaho kuba aine ekiguruupu ky'abashuma eki arikukorengana nakyo omukyanga kyaitu.",Byek tye ni won kom wa tye ka cwako gurup pa lukwo magitye i kabedo wa,Eomitai ebe edapakina loapolon eicolong wok ogurupu lo ikokolak katutubet wok,Eri ena kile 'Bili ei amavileri ni ogua azi angu amavileri ma alea 'diyi ma drile ni
SALT-TEST-0364,test,Independence day celebrations were cancelled.,Okujaguza kw'amefuga kwasazibwamu.,"Emikoro y'okujaguza okwetegyeka, ekashazibwamu.",Kingolo yub me kwero nino uhuru,Aponi ikisarai asuban nuka aipugaikin bon.,Ba atri ndra omu o'du driwala niri inzizu 'diyi ci
SALT-TEST-0365,test,Some countries protect local companies from foreign competition.,Ensi ezimu ziwa obukuumi kampuni za bannansi ne zitavuganyizibwa ezo eziva ebweru w'eggwanga.,Amahanga agamwe nigarinda amakorero g'abantu baaryo okuhatana naago agaheeru.,Lobe mogo gwoko dul me biyacara me lobogi I kom pyem matek ma dul me lobo mukene kelo.,Akwapin ace eyuwanarete ikampuninikec kotoma abolobol naka akwapin nukokinga.,Kari azi 'diyi amuti kari ma alia ogogo 'diyi a'bu a'bala engazu amuti aniboo ru 'diyi vurisi ci
SALT-TEST-0366,test,Many people were killed during the riots.,Abantu bangi battibwa wakati mu bwegugungo.,Abantu baingi bakaitwa omu bwimukiriro.,Kineko dano mapol ikare me jemo,Aponi oyarai itunga luipu kapak na angurian.,Ba o'di 'ba karakara eyi ngiringiri eyi ma alea
SALT-TEST-0367,test,He lost his sight when he was still a baby.,Yaziba amaaso bwe yali akyali muwere.,Akahuma akiri omwereere.,En wange oto I kare ma en pud tidi.,Abu ngesi kotwania akekonye nearaar ngesi ikoku.,Eri avi i ma mile angu ndrezuri de nga eri odekuani
SALT-TEST-0368,test,Kind people are always rewarded.,Abantu ab'ekisa bawebwa ebirabo.,Abantu abaine embabazi buriijo nibasiimwa.,Luber kit ipol kare wic poo i komgi,Itunga lu esiaka eropionono.,Ba asi ndrizaru 'diyi o'du dria feta eyi esu ra
SALT-TEST-0369,test,Since the time of the early advertising-supported newspapers.,Okuva edda okulanga ebyamaguzi kuwaniridde empapula z'amawulire.,Kuruga omubwire bwokuranga omu mpapura za makuru.,Nicake ikare macon ma onongo cato wil konyo gajeti,Ageun kapakio nuka alimonor agwelanar kotoma apapulai nuka itemuto.,E'dozu andra sawa drio kariatasi gazetiru e'yo cuu ni o'baza ni ati ni 'da yisi
SALT-TEST-0370,test,The whole family was shocked when my sister got pregnant at sixteen years.,Ab'awaka bonna beewuunya muganda wange bwe yafuna olubuto ku myaka kkumi na mukaaga.,Ekiika kyona kikekanga obu munyanyazi yatungire enda aha myaka ikuuni n'amukaga.,Wi dano ma gang ocung kare ma lamera oyac ki mwaka apar wiye abicel keken.,Abu ekale kere owumok napotuna inacika oraai ikaru itomonakanyape.,Ama vile akuri ndulu eca osutasi ma amvini mva isuzu de elini mudri drini aziarisi.
SALT-TEST-0371,test,The agricultural sector should be improved.,Ebyobulimi birina okutumbulwa.,Ebyobuhingi n'oburiisa bishemereire kwongyerwamu amaani.,Lok ma mako lok kom pur omyero gimed rwome,Ekot aiteteun ewai lo akoru.,Le ꞌba ma out arakala agirikicaniri ra
SALT-TEST-0372,test,The number of people who want to buy determines how much should be supplied.,Omuwendo gw'abantu abaagala okugula gusalawo bungi ki obulina okuleetebwa.,"Omuhendo gw'abantu abarikugura, nigwo gurikworeka ebishemereire kukorwa.",Wel luwil en aye moko dit pa jami ma omyero obed I cuk,Erai etiai lo itunga kalu ekotosi egwelet nes itolomuni etiai lo akim na ebeit akorakin.,ꞌBa nga afa ofu ngopi yari ni nga ꞌi bi kalafe ꞌba lepi afa jepi ꞌdiyinirisi.
SALT-TEST-0373,test,An outfield player can make any number of mistakes in a game and get away with it.,Omuzannyi azannyira ku mabbali g'ekisaawe asobola okukola ensobi ez'enjawulo mu muzannyo n'atanenyezebwa.,Omuteezi w'omupiira kuruga aheeru naabaasa kukora enshobi nyingi omu muzaano arugiramu aho.,Latuko ma pe tuko idyer baa ki kome twero balo tuku tyen mapol ento pe nongo lok moo keken,Abolian lo okinga epedori adiakanar irwan ipu kotoma abolia ido emamete nu iswamaikinos.,Ba mupira avipi goli bipi ku ri eco ezata ndundu eyi 'ye mupira aviria azini esu panga ani ku ra
SALT-TEST-0374,test,He was arrested on suspicion of breaking into the company office.,Yakwatibwa olw'okuteeberezebwa nti yamenya n'ayingira mu ofiisi ya kampuni.,Bamukwatsire ahabw'okuteeberezibwa kuba ahenzire akataha omu ofiisi nza kampuni.,Ki makke ki byek ni en aye oturo opic pa kamponi.,Aponi ikamarai ngesi kanu alomar toma toma oyapesi loka ekampuni.,Ba bi eri egata nyota fizu ofisi amutiniri ma aliari ma e'yosi.
SALT-TEST-0375,test,They donated masks to the whole community.,Baawa ekitundu kyonna obukookolo.,Bakagaba za masiki omu kyanga kyona.,Gumiyo mask bot dano weng,Apotu kesi igangakisi itunga keda aitabalan nurapis aituk keda ekume,Eyi fe masiki andretia 'diyi 'ba ongulumu'a 'diyi ni dria
SALT-TEST-0376,test,"To treat Ebola patients and suspected cases, doctors typically isolate them in rooms.","Okujjanjaba abalwadde ba Ebola n'abateeberezebwa, abasawo babaawulirako mu bisenge.","Okuragurira abarweire abaine ebora hamwe n'abarikuteeberezibwa kuba baine ebora, abashaho nibabaahura bonka omu kishengye kyabo.","Me cango lutwo Ebola ki dano mabyek me bedo ki two enoni tye I komgi, daktari koyogi I kicika mapat-pat.","Kanu aimuke adekak nuka Ebola keda ngul luewomitai, ibusakinit imurok atiakar kes toma agolai.","Lezu 'ba Ebola be 'diyi atizu, ojoo yi 'ba nde yi ta mba pari yini ovuzu alenia a'dule 'diyi ma alea."
SALT-TEST-0377,test,The prices of products usually go high due to an increase in taxes.,Ebbeeyi y'ebintu etera okulinnya ng'emisolo girinnye.,Emihendo y'ebintu obumwe neza ahaiguru ahabw'okweyongyera omumishoro.,Wel jami kare mukene ito malo pi mucoro ma nongo kiketo lamal.,Ikianaros itiaisinei luka iboro naarai ikianaros itiaisinei luka isolosinei.,Aje afa edele 'diyiniri tuni tu uru e'yo musoro otuzurinisii
SALT-TEST-0378,test,The leader has rewarded the national football team for their excellent performance.,Abakulembeze asiimye ttiimu y'eggwanga ey'omupiira gw'ebigere olw'okukola obulungi.,Omwebembezi ahareize tiimu y'eihanga ekiconco ahabw'okukora gye munonga.,Latela omiyo mic ki lutuku odilo me lobo pi tic ma ber ma gutimo,Abu engarenon orop etimu lo akwap lo emopira kanu aswam ejok.,Drice'ba 'da fe amuti mupira avipi kari 'di niri ni driadria eyi 'ba yeta kililiru risi.
SALT-TEST-0379,test,He has taken the cows for grazing.,Atutte nte ku ttale.,Yaaseetura ente.,En otero dyang ka kwat.,Ayanga ngesi aituk kanu acok.,Eri ji ti yi onyaria
SALT-TEST-0380,test,He called on the party members to support him.,Yagamba ab'ekibiina kye okumuwagira.,Akashaba eb’ekibiina kye okumushagyika,En olego lumemba me dul cungu iwi-bye ne me cwakke.,Abu ngesi kolimok imeeban luka epate aingan nges.,Omve 'ba memba ru amuti ma alia 'diyi emuzu eri ati zu
SALT-TEST-0381,test,The car knocked down a motorcyclist at the corner of the road.,Emmotoka yatomera omuvuzi wa pikipiki ku kkona ly'ekkubo.,Emotoka ekatomera omuvugi w'epiki aha koona y'oruguuto.,Motoka ogoyo laco mo ma tye ka ngwec ki pikipiki I kona me yo.,Abu emotoka konang erengean epikipik kokoona loka erot.,Mutukari nderi si 'ba pikipiki onzupiri va nzila ma konaaleru
SALT-TEST-0382,test,That candidate was disqualified for bribing voters.,Oyo eyali yeesimbyewo yasazibwamu olw'okugulirira abalonzi.,Nyamwesimbi akaihwa omu karuuru ahabw'okugura abateezi b'akaruru.,Kikwero ni labit kwi eni omede ki bito kwi pien en owilo lubol kwi.,Aponi kolemarai abwoan ngol kanu aitac acakak abootin.,Ba nze 'ba pa sopi 'dari i raza feza ba voti be'ba 'diyi driri ma e'yosi ra
SALT-TEST-0383,test,Government-aided schools provide good education services.,Amasomero ga gavumenti gasomesa bulungi.,Amashomero agarikuhwerwa Gavumenti gaine obuheereza burungi.,Gangi kwan pa gamente gimiyo kony maber me pwonye,Isomeroi lu apugan isisianakinete ejok.,Sukulu gamete ni atita fezu eyidri ni 'diyi onita muke 'dinile ri fe
SALT-TEST-0384,test,What causes the high rate in Kampala?,Kiki ekireeta omujjuzo mu Kampala?,Ekirikwongyeza ebeeyi y'ebintu omu Kampala n'enki?,Ngo ma weko wel ne tye malo kampala?,Inyobo eyauni aikiara ko Kampala?,A'du ma e'yo ni aje angiri 'diyi fe kambala ni
SALT-TEST-0385,test,It has been reported that appointed ministers do not want to attend parliament sittings.,Kigambibwa nti baminisita abalonde tebaagala kubaawo mu ntuula za palamenti.,Kigambirwe ngu ba minisita abatoriinwe tibarikwenda kuza mu nkiko za ishengyero.,Kiwaco ni minista ma preciden ocimogi pe gibedo tye I ot moko cik I cawa me timo biacara pa ot moko cik.,Ebakai ebe mam iminisitan lueseunitai ekotosi ajainikini toma airiamununeta nuka airabet.,Ba ebi o'duka efe kini 'ba 'ani opele ministaru 'diyi leni fi ri e'yo kilosenini 'diyi ma alia ku
SALT-TEST-0386,test,Uganda has received vaccine donations from other countries.,Ensi endala ziwadde Uganda eddagala erikozesebwa mu kugema.,Uganda etungire  obuyambi bw'omubazi gw'okugyema kuruga omu mahanga agandi.,Lobe mukene gumiyo kony me yat agwera bot lobo Uganda.,Adumu Uganda ikee luikisere ekato loka adeka naka ekorona kotoma akwapin ace.,Uganda esu aro azo atrizaniri engazu kari azi 'diyi vu ra
SALT-TEST-0387,test,The refugees request that the government responds to their needs.,Abanoonyiboobubudamu baasabye nti gavumenti ekole ku byeetago byabwe.,Empungi zishabire Gavumenti okuhurikiza ebyetaago byaabo.,Luring ayela gilego gamente me winyo koko gi,Ilipitos ikerai apugan abongokin nuka ipudasia kec.,Emunyale eyi ai gamete ni ti apezu e'yo eyini lele 'diyi fezu beni
SALT-TEST-0388,test,The police are looking into kidnapping reports that are happening around Kampala.,Poliisi etunula mu alipoota z'okuwamba bantu okwetooloola Kampala,Aba poriisi bariyo nibacondooza ripooti y'okubuzaho abantu omu bicweka bya Kampala.,Abili tye ka neno matut lok ma lube ki tim bwami me mako dano pi gamo cente ma tye ka time madwong iKampala,Ejai polis airereonor iripotan lu idadanarere itunga ko Kampala.,Polisi eyi e'yo one e'yo 'bani 'ba eyi oguzu eyi 'yepi kambala 'diyi ma alea
SALT-TEST-0389,test,"All you do is register, open, and activate your account normally like any other platform.","Ky'olina okukola, ggulawo era okozese akawunti yo nga ku mukutu omulala gwonna.","Eki oine kukora n'okwehandikisa, reero okaigura obuheereza obu aha simu yaawe nabwanyima okaikiriza enkozesa y'obuheereza obu nk'oku turikukira kutwaza aha buheereza obundi.",Gin ma otimo en aye conne. yabo ki cako tic ki akauntti I yoo marom ki yub me kubbe mukene.,"Nubon ibusakinit jo aswam ngesi aiwadikaun, apukor, keda aitegear etosomae loka akauntikon kwape iswama jo keda iboro ice luko lago.",Afa lu mini 'yeri mi lu mi ru si mi tini zi mi e'do e'yo erini ece 'dayi ma vuti obi simua 'dile.
SALT-TEST-0390,test,She starved to death because nothing was there to eat.,Enjala yamuluma okutuusa lwe yafa kubanga tewaaliwo kya kulya.,Akaitwa enjara ahabw'okubura kw'eky'okuta omuri kyafubire.,En oto pi peko me kec pie n onongo pe tye gi mo keken me acama.,Abu ngesi kotwana kanu etenge naarai amamei ibore yenabeit ainyam.,Eri of abirisi kpere draria a'disikuni afa azini de 'daa nyazaru yo
SALT-TEST-0391,test,A senior officer of the army has passed on.,Waliwo omukulu mu maggye afudde.,Ofiisa mukuru w'amahe yaafa.,Lamony me rwom madit I mony otoo.,Atwana lokapolon loka ajore.,Marani ma ambu azi ni dra ni
SALT-TEST-0392,test,He used to be a clever boy in his primary school.,Yalinga mulenzi mugezi bwe yali ekyali mu pulayimale.,Akaba atuura ari omwana w'obwengye omu eishomero rye rya purayimare.,En onongo obedo latin maryek adada I kare ma en kwano I cukul me praimari.,Arai ngesi esapat loaco noi najaar ngesi toma osomero loko puraimare.,Eri andra agupi amva ondoaruni eri vile primari sukuluarisi.
SALT-TEST-0393,test,We are patiently waiting for the installation of the street lights.,Tulindiridde n'obugumiikiriza okuteekayo ebitala by'oku nguudo.,"Turindiriire n'okugumisiriza, okuhisya obu barituteeraho amataara gahanguuto.",Watye ka kuru mac me teng gudu ma kibi keto ni,Ititingikit iso aidarite aibwainikino na akimian nu orotin.,Ama aci nzila 'diyi ma osuta te asi e'yeresi.
SALT-TEST-0394,test,He earns less than ten million Ugandan shillings.,Omusaala gwe teguweza bukadde kkumi obwa ssente za Uganda.,Naashashurwa empiiha ziri ahansi y'obukaikuru ikumi bw'eshiringi ya Yuganda.,En nongo mucara ma pe o ciling milion apar.,Edumununei ngesi ikapun lumam edolete imilioni itomon.,Eri silinga Ugnadaniri nya milioni mudri ma vutia
SALT-TEST-0395,test,A new flat will be constructed.,Kkalina empya ejja kuzimbibwa.,Kanyinaibiri ensya neija kwombekwa.,Kibi yubu ot flat manyen,Eponio aiduk egoropa loitetet.,Ba nga gorofa o'diru ni si
SALT-TEST-0396,test,The rate of maternal mortality is increasing.,"Omuwendo gw'abakyala b'embuto abafa nga bali mbuto, nga bazaala, oba nga baakamala okuzaala kweyongera.","Omuhendo gw'abakazi abarikufa nibazaara, gweyongyeire.",wel mon matye ka too ikare me nywal tye ka mede,Iyatas atwakisia nuka angor kanu edook.,E'yo oku eyini odrazu osiria ri ma kalafe ni tutu
SALT-TEST-0397,test,What is the role played by local leaders in the community?,Abakulembeze b'ekyalo bakola mulimu ki?,Ni mugasho ki ogu abeebembezi b'ahansi baine omukyanga.,Lutela mapiny ma kabedo ma orumowa ticgi obedo me timo gin ango?,Ani bo aswam naejaatatar engarenok luko atutubet?,Azi drileka aku eselesi 'diyini 'yeleri a'dini?
SALT-TEST-0398,test,The residents complained about the small parking yard at the supermarket.,"Abantu b'omu kitundu beemulugunya olw'okuba awasimba ebidduka ku ssemaduuka wafunda nnyo,",Abataka baketomboita ahabw'omwanya mukye gw'okumpaakingaho aha ahanduka.,Dano mapol gitye ka lok matek pi nok pa kabedo me gwoko mutokagi i supre market.,Apotu itunga luka atutubet kongurianata kanu aiboisit naedit neisiboununere amotokan kotoma oiduka lokapolon.,Ba angua ma alia 'diyi ono pari gakandiaru 'bani ku mutukari otizuri ma e'yosi
SALT-TEST-0399,test,We should always learn from our past mistakes.,Bulijjo tulina okuyigira mu nsobi zaffe ezaayita.,Tushemereire kwegyera aha nshobi ezi twakozire kare.,Omyero wanong pwony ki ijami maracu ma watimo ikare mukato angec,Ekot duc asisiaunun kotoma adiakanareta wok.,Le ama ma oni ki e'yo eyi engazu ama ezata driyo 'diyi vu.
SALT-TEST-0400,test,Farmers should be subsidized in order to increase their profits.,Abalimi balina okuwewulwa kw'ebyo bye basaasaanyizaako okusobola okwongeza ku magoba gaabwe.,Abahingi bashemereire kugura eby'okukozesa aha beeyi y'ahansi kugira ngu amagoba geyongyere.,Lupur omyero gikonygi gidwok wel piny igi wek magoba maginongo omede,Ekot akoriok atacenen kanu aiyatakin ameda kec.,Le ꞌba ma fe ꞌba amvu ꞌyaꞌba ꞌdiyini aje ori yini ꞌdiyi were yini ngazu orodri esuzu beni
SALT-TEST-0401,test,The minister of sports has officially opened the school sports competition.,Minisita w'ebyemizannyo mu butongole aguddewo empaka z'amasomero ez'ebyemizannyo.,"Minisita w'eby'emizaano, aigwiireho empaka z'amashomero omubutongore.",Ladit ma loyo gang kal me tuku oyabu yub me pyem tuku i kin gangi kwan,Abu eminista lo aboliasio opuko abolobol naka aboliasio kosomeron.,Minisita avita niri zi abala avita ndundu eyini 'diyi ma ti 'bo.
SALT-TEST-0402,test,She qualified for the international golf competition.,Yayiseemu okugenda mu mpaka z'omuzannyo gwa goofu ez'ensi yonna.,Akarabamu kuza omu mpaka za gorufu ez'ensi yoona.,Otuku maber oweko oporre me cito I pyem tuku me golf.,Abu ngesi koloma toma abolobol naka akwap kere naka abolia naka golf.,Aga muzu abala gofuni kari  eselea international gold competition niria ra.
SALT-TEST-0403,test,Kampala capital city authority football club got their first away win this season.,Ttiimu y'omupiira eya Kampala Capital city authority yafuna okuwangula kwayo okwasooka sizoni eno.,"Kiraabu y'omupiira ey'Ekitongore Ekirikureeberera Orurembo Kampala, yaasingura omuzaano gw'okubanza aheeru y'ekizaaniro kyabo, omu siizoni egi.",Dul tuku me odilo me Kampala Capital city authority gunongo loc gi me acel ikare me pyem eni,Abu etimu loka  Atukot naeyait ainapeta ko Kampala odum aitelekar kec nasodit kokinga apakio nu.,Amuti mupira avizu Kampala capital city authority niri ndeki eyivile abala oko amuti azi nduni eyivu akua ri 'bo abala eyini e'dozu.
SALT-TEST-0404,test,The two rival officials suspended their campaigns.,Abakungu ababiri abavuganya baayimiriza kampeyini zaabwe.,Ababaire nibahakahakana babiri bakangyezayo za kampiini zaabo,Luloc aryo ma gitye kapyem gujuko bito kwigi woko.,Apotu abwoak iarei lueboloboloete kisukunyasi ikapeinisikec.,Ba iri ageti otizani 'diyi ku ti odaza yiniri ja.
SALT-TEST-0405,test,The voter registers should be displayed at the parishes.,Enkalala z'abalonzi zirina okutimbibwa ku parisi.,Ebitabo ebirimu abateezi b’okaruuru bishemeraire kub biri aha muruka,Bul me nying lubol kwir myero kinyut I paric weng.,Ibusakinit aitodiar eitabo loka aiwadikao kotelai.,Ba ma 'ba ru siza 'ba voti be'baa 'diyi ni ri parisia
SALT-TEST-0406,test,Football supporters like a winning team.,Abawagizi b'omupiira baagala ttiimu ewangula.,Abahagizi b'omupiira nibakunda tiimu erikusinga.,Ocwak odilo gimito team ma luloc,Egangitok emopira ekotos etimu lo itelekanari.,Ba atita fepi amuti mupira avipi 'diyi dri 'diyi le amuti ndepira 'diyi.
SALT-TEST-0407,test,There are many music students in higher institutions of higher learning.,Waliwo abayizi bangi abasoma okuyimba mu matendekero ga waggulu.,Hariho abeegi baingi abarikushoma eby'okweshongora omu matendekyero ag'ahaiguru.,Lutino kwan mapol tye ka kwano lok me wee igangi kwan me rwom me rwom ma malo,Ipu awook lu eraas esisiak kosomeroi lukokuju.,Sukulu anzi e'yo onipi ongo eyi ma dria 'diyi ma kalafe sukulu onita ni uruleru 'diyi ma alea karakara
SALT-TEST-0408,test,I was shocked when I was told that my father had died.,Nafunamu ekyekango bwe nagambibwa nti taata wange yali afudde .,Nkatiina munonga ku naahuriire ngu taata afiire.,Kwena too pa wora omako wiya totwal,Abu eong ariengu ne alimokinere eong ebe atwana papaka.,Ma eca osuta si 'bani 'yozu mani ma ati dra ra risi
SALT-TEST-0409,test,Thank God for all the good things.,Weebaze Katonda olw'ebirungi byonna .,Siima Ruhanga ahabw'ebirungi byona.,Pwoo Lubanga pi jami ducu ma beco,Isiyalamik Lokasuban kanu iboro luajokak.,Awa'difo Munguni e'yo muke 'diyisi dria
SALT-TEST-0410,test,A good working relationship yields positive results in the community.,Enkolagana ennungi evaamu ebintu ebirungi mu kitundu.,"Enkorengana nungi ahagati y'abakozi, nerugwamu ebirungi omu kyanga.",Tic maber matye ki wat maber kelo adwoki maber i kabedo moni,Aiswamanara najokan eyauni ameda naejok otunga.,Aa'ta azi tia muke ri ni agata muke 'diyi eji ongulumu ma alea
SALT-TEST-0411,test,The revenue-maximizing goal was to reach the largest audience possible.,Ekigendererwa ky'okusoolooza kwali kutuukirira muwendo munene nga bwekisoboka.,Ekitekateeko ky’okukanyisa esente kikecumintiriza aha kuhitsya obuhereza abantu baingi.,Miti me nongo magoba mapol loyo onongo kimito ni oo bot ltii ki long angeya mapol,Alosikinet naka aitopolor edumune loka ikapun arai kanu adolokin itunga luipu.,Asisile afa isuzari ma ongmbo otuzuri ndra cazu 'ba karkarawu yi vu
SALT-TEST-0412,test,He said ill words to his wife.,Yagamba mukazi ebigambo ebibi.,Akagamba ebigambo bibi aha muhara.,En oloko jami maraco bot dakone.,Abu ngesi iner akiro nuarokok nuikamunitos akeberu.,Eri ofu e'yo onzikanyaru 'diyi i okuni dri'i
SALT-TEST-0413,test,He was reported to the police.,Yawawaabirwa ku poliisi.,Bakamuhababira aha pooriisi.,Kidote bot abili.,Aponi kolimorai ngesi polis.,Ba ji eri ma e'yo olu polisi dri
SALT-TEST-0414,test,She tried to chase the thief but all in vain.,Yagezaako okugoba omubbi naye tekyasoboka.,Akagyezaho kwiruka aha mushuma kwonka byaba eby'abusha.,En otemo ryemo ko lakwo ento pe olare,Abu ngesi otam aibwapakin ekokolan konye tai.,Eri o'bi ogua 'da odro ra te o'bi ti
SALT-TEST-0415,test,We have since remained very close to personal and family friends.,"Okuva olwo, ffe ne famire yaabwe twafuuka ba mukwano nnyo.",Kuruga obwe tutwaire turi abanywani b’ahamaara kandi ari namunywana w’ekiika kyeitu,Cako eca wan I kinwa kacel ki gangiwa bene odong lurem.,Isalaki sio irai ipapero luidicanara noi kwape ikalia keda kwape idiopediopen.,Ama asi awi agyii azi eyo obii ti ni ru ama esele family amani 'diyi be
SALT-TEST-0416,test,A number of children have grown up without fathers.,Abaana abangi tebakuze na bakitaabwe.,Abaana bingi bakuzire batiine ba ishe.,Lutino mapol gudongo labongo wegigi.,Idwe luipu epolounitos komamete luapapakec.,Anzi kalafesini zo ata kokoru 'bo
SALT-TEST-0417,test,The sports event will take place at the school's playground.,Gijja kubeera ku kisaawe ky'essomero.,Omukoro gw'ebyemizaano niguza kuba aha kishayi ky'eishomero.,Yub me tuku ne bibedo I bar tuku me gang kwan ne.,Epote aboliasio ajaikin toma oisawe loka abolia loka esomero.,Avitaa yi nga yi 'ye sukulu ma pari avitaa ni ria
SALT-TEST-0418,test,Some health workers are very rude to their patients.,Abasawo abamu bakambwalira nnyo abalwadde baabwe.,Abashaho abamwe nibagambira kubi abarwire baabo.,Lutic I ot yat mukene gitero lutwo marac adada.,Imurok luka adekis ice ededeng noi mama ejaasi adekakac.,Azi'ba alatani 'diyi ma azi yi dri agararu 'ba azoru 'diyi be
SALT-TEST-0419,test,Who killed the martyrs?,Ani yatta abajulizi?,N'oha owaisire abajurizi?,Anga ma oneko lucaden remo?,Ingai bo abu koyar itunga kanuka aiyuunikec?,A'di o'di 'ba 'bani o'dile a'ita yini ma e'yosi Uganda Martyrs ru 'diyi ni?
SALT-TEST-0420,test,Entebbe is one of the cleanest towns in the country.,Entebbe kye kimu ku bibuga ebisinga obuyonjo mu ggwanga.,Entebbe n'emwe aha ndembo ezirikukirayo obuyonjo omuwihanga.,Entebbe tye ikin town maleng loyo ilobo ni,Entebbe nes erai etaun lo elai kakere.,Entebbe ni tawuni alata be angiri ndeni kari 'di ma alea 'diyi ma azi
SALT-TEST-0421,test,Politicians should respect the Constitution.,Bannabyabufuzi balina okussa ekitiibwa mu ssemateeka.,Ab'eby'obutegyeki baheereze ebiragiro ekitiinisa.,Lucung i wibye myro guwor adwol megi.,Ibusakinit itunga luka politikis ayongit ekisil.,Ba politikini 'diyi ma inzi a'yota kariniri ci
SALT-TEST-0422,test,What has happened to the light in your room?,Ekitangaala eky'omu kisenge kyo kibadde ki?,Etaari eri omu kishegye kyawe yabaki?,Ngo ma otimme ki mac me ot megi.,Inyoin bo atakaniki aica naka etogokon?,A'di 'ye diza mivile jo aliari ni?
SALT-TEST-0423,test,"Generally, military expenditure in Africa fell by eight percent.",Okutwaliza awamu ensaasaanya y'amagye mu Afirika yakka ebitundu munaana ku buli kikumi.,"Omubumwe,enshohoza y’amahe omuri Afirika ekakyendeera obucweeka munaana ahari igana.","I kabedo weng, lim pa kitiyo kwede I lok me mony I lobo del col odok piny ki percent aboro","Kotoma abeit, ikapun luitosomao kajore abu kibiror keda ikanyauni kotoma angolikwatat.","Driasiria, afa ayuza e'yo marani 'diyi ma dria Africaari ede ongmbo aro tur dria si"
SALT-TEST-0424,test,She sacrificed her goat to the ancestors.,Yasaddako embuzi ye mu ba jjaja.,"Embuzi ye, akagihongyera baishenkuru.",En otyero dyegi ne bot kwari ne ma yam con,Abu ngesi oyar akinei ke kanu asuban.,Eri fe i ma Indri edeta ru eri ma a'bipika eyi dri
SALT-TEST-0425,test,He promised to give us a bonus if we bought from him the next time.,Yatusuubiza okutwongeza singa tumugulako omulundi omulala.,Akaturaganisa kutuha akasiimo ku turaagakye kugura omu duuka ye ogundi murundi.,En okwonge me medo wiye ka wadwogo nino mukene ka wilo jami bote.,Abu ngesi isumun ainakin kesi aiyatakinet arai ebongutu kesi agwel koidukake.,Eri so oyo ama dri atua fezu ra ama ka afa je eri vu sawa vilerisi raria
SALT-TEST-0426,test,The stone broke into extra smaller pieces.,Ejjinja lyamenyekamenyekamu obutundutundu obutono.,Eibare rikashatuka ryarugamu obundi bucweeka bukye.,Kidi ne ongeny i ngido ngido matino-tino.,Abu amoru kobwanga kotoma atutubena nudidik noi.,Oni onyo i nyingirikia efifiru
SALT-TEST-0427,test,Uganda has never qualified for the World Cup finals.,Uganda teyitangamu kuzannya ogw'akamalirizo mu kikopo ky'ensi yonna.,Yuganda tekarabagamu okuza ahampaka eza ahamuheru ez'ekikopo eky'ensi yoona.,Uganda pe ya okato me cito ka tuko tuko me agiki me tuko odilo me wilobo ducu.,Mam Uganda elomaritor toma aboliasio nuka awasia nuka eikopo loka akwap.,Uganda agani nga drio fizu avita kopo wudrikurusirini asizuri ma alia ku.
SALT-TEST-0428,test,They were not eligible to start an account.,Baali tebasaaanidde kuggulawo akawunti,Bakaba batarikwikirizibwa kwiguraho akawunti.,Onongo cik pe yee ni guyab account,Mam kes akapakina angar account.,Eyi vu afa 'bani lele akawunti nzizu 'diyi ndra yo
SALT-TEST-0429,test,The public was furious that some people didn't want to return the money.,Abantu baanyiiga olw'abantu abamu obutaagala kuzzaayo ssente.,Abantu bakagira ekiniga ngu abamwe bakaba batarikwenda kugarura esente.,Lwak igi owang pien ni joo mukene onongo pe mito dwoko cene,Akadakitos itunga kanu mam icie akototor ainyakar ikapun.,Awoko nya o'bi eyi e'yo 'ba azi eyini awizu robia 'ogozu vile kuye risi.
SALT-TEST-0430,test,"As a woman ages, her fertility decreases naturally.","Omukazi bw'agenda akula, emikisa gye egy'okuzaala gigenda gikendeera.","Omukazi yaaba naakura, emigisha ye y'okuzaara neekyendeera.",Gum kom me nywal pa dako cako dok piny malubbe ki medde pa mwaka ne.,"Nemojongia aberu, edisiar do akepedori naka aur.","Oku ni deria, eri ma gbe ma okpo ni e'do I omvi I ma dri si"
SALT-TEST-0431,test,Local leaders are urging people to keep the city clean.,Abakulembeze b'okukyalo bakubiriza abantu okukuuma ekibuga nga kiyonjo.,Abebembezi b'ebyanga nibashaba abantu okurinda orurembo ruri oruyonjo.,Lutela tye ka kwayo lwak me gwoko lengo,Icorakitos engarenok lu atutubet itunga aidar esite olai.,Drice'ba angu 'da ma alea 'diyi ai 'ba eyi aku ambori ma ta mbazu alaru
SALT-TEST-0432,test,My father was the head of the science department at my former school.,Kitange ye yali akulira ekitongole kya sayansi mu ssomero gye nnasomeranga.,Tata niwe abiire naakurira idara rya sayansi aha ishomero eri mbiire ndimu.,Babana onongo obedo lalo wi dipatmen me cayan I cukul ma akwano i iye macon.,Arai papaka lokapolon loka edipatiment loka esayanis kosomeroka losek asiomit eong.,Ma atini andra drile enyati sayansiniriru ma vile sukulu okuri ma alia
SALT-TEST-0433,test,A new tax was imposed on internet bundles.,Baatadde omusolo omupya ku bbando za intaneeti.,Omushoro omusya guteirwa aha yintaneti.,Kimedo mucoro manyen kom yamo me intanet.,Aponi itolomunai isolosinei luitetiak kanuka elago.,Ba 'ba musoro azi o'dini  afa oli inernetniri ma dria ci
SALT-TEST-0434,test,Some students were expelled from school because of being indiscipline.,Abayizi abamu baagobebwa ku ssomero olw'okweyisa obubi.,Abeegi abamwe bakabingwa omu eishomero ahabw'okugira emicwe mibi.,Kiryemo jo mukene ki I cukul pien gi peke ki woro.,Aponi irutarai icedwe kosomero kanu amengeranut.,Ba odro sukulu anzi azi 'diyi sukuluarisi yini ovule dri onzirurisi
SALT-TEST-0435,test,Both kingdoms and chiefdoms still exist.,Obwakabaka n'obwami bukyaliwo.,Obukama bubiri bwona bukiriho.,Tela me ker ki me tekwaro pwod tye katic kacelo,Erongo akabakanut ka itemwan ejaasi.,"Opi suru ꞌwara ꞌdiyini ꞌdiyi nga kiri opi suru were ꞌdiyini ꞌdiyi be ci,"
SALT-TEST-0436,test,Loan schemes have supported women and youth groups.,Enteekateeka z'okwewola ziyambye abakyala n'ebibiina by'abavubuka.,"Enkora y'okweguza esente, ehwereire guruupu z'abakazi n'eminyeeto.",Yub me poko lim den okonyo mon ki bulu,Aijanakino na ilonin egangakisi igurupun lu angor ka atumunak.,Otita Mari ni 'diyi fe atita amuti oku eyini 'diyi dri tualu 'ba ode eyini 'diyi pie
SALT-TEST-0437,test,Every Christian should contribute what he can afford to the construction of the church.,Buli mukrisitaayo ateekeddwa okuwaayo ky'asobola mu kuzimba ekkanisa.,"Buri mukristaayo ashemereire kuhayo kyona ekyarikubaasa, ahabw'omurimo gw'okwombeka ekanisa.",Dano acel acel omyero gumii gin ma gitwero pi yubu kanica,Ekot ngin ikristayot alemun nu epedori ngesi kanu adukio ekanisa.,Le kristiani dria ma fe afa i'ni eco esu ra ri kanisa sizu
SALT-TEST-0438,test,He worked until one thousand eighty-one.,Yakola okutuusa mu lukumi kinaana mu gumu.,Akakora kuhisya rukumi kinaana n'emwe.,Otiyo naka wa mwaka alip miya abungwen ki pyer oboro wie acel.,Abu ngesi kiswama kitoni ekaru elukumit ediop akaisakanyauni idiop.,Nga azi kpere eli alifu alu kali aro drini alu.
SALT-TEST-0439,test,I am waiting for you on the second floor.,Nkulinze ku mwaliriro ogw'okubiri.,Nkutegyeraize aha fuuro ya kabiri.,Atye kakuri i guropa nama aryo.,Auta eong aidarakin jo kotogo lokokuju kogoropa.,Mi mi teria gorofa dri irizuria
SALT-TEST-0440,test,Can one self-test for coronavirus from home?,Omuntu asobola okwekebera ekirwadde kya korona awaka?,Omuntu naabaasa kwekyebera korona omuka?,Tyeka ngat moni twero pime kekene pi two korona ki gange?,Epedori kereka itunganan ainwak ekorona kore ngesi elope?,Ba azini eco i obi azo coronavirusnirisi i ngulupisi engazu akua ra?
SALT-TEST-0441,test,Police informed people to desist from any acts of criminality in this festive season.,Poliisi yategeeza abantu okwewala ebikolwa ebimenya amateeka mu kiseera kino eky'ebikujjukko.,Poriisi ekagambira abantu okwetantara ebikorwa byona ebitahikire omu bwire bw'ebiro bikuru.,Abili olego lwak pe me bedo itim ma turu cik ikare me karama eni,Apotu ipolisin itijenikisi itunga ainyekikin aswam nuarokok apakio nu.,Polisi eyi lu 'ba eyini e'yo 'yeta e'yo azita palaa ku 'diyiniri kuzu ja lifu natali ni 'di ma alea ri ma dria
SALT-TEST-0442,test,The opposition has a lot of support in northern Uganda.,Ab'oludda oluvuganya gavumenti balina obuwagizi bungi mu bitundu by'omu bukiikakkono bwa Uganda.,Abarikuhanitsa beine abahagyizi beingyi omu matemba ga Uganda.,Dul pa jo ma pe yee lok pa miri tye ki cwak madit I kumalo me Uganda.,Igangitos itunga luko nyakoi nako Uganda epate loka etepegak.,Kala ageti otiipi ri ma atitaa angiri Ugandaa ma kala uruleri ria
SALT-TEST-0443,test,You will start experiencing symptoms of coronavirus three days after infection.,Otandika okulaba obubonero bw'ekirwadde kya covid-19 oluvannyuma lw'ennaku ssatu nga kikukute.,Notandikida kutunga obubonero bw'akakooka ka Corona bwanyima y'ebiro bishatu bwamara kukukwata.,Icako winyo lanyut me kwidi two koron I ngee nino adek I ngee nongo kwidi enoni.,Ibuni ageun adumun aanyuneta nuka adeka naka ekorona apaarasia auni akaulo naka adumun ekorona.,Mi nga e'do alama azo o'bu Korona niri ni etumu o'du na mini bizu 'bori ma vutia
SALT-TEST-0444,test,Some of their colleagues are languishing in harsh conditions of prison.,Abamu ku bannaabwe babonaabonera mu makomera.,Bagyenzi baabo abari omu bihoome  barikubi munonga.,Luwedigi mukene tye kadeno can ma pe wacce I buc.,Ice kopaupakec ejaasi angirikinit ejautene loetiono noi kojera.,Yi ma agyi azi 'diyi candi ewaru nyaria pari arujoni onzikanyari ma alia
SALT-TEST-0445,test,They have refused to attend to any parliamentary business.,Bagaanye okukola omulimu gwa paliyamenti gwonna.,Bangire kuza omu nkiiko z'eishengyero.,Gujemo kawot I kacokke me ot moko cik.,Apotu kesi kongero ajaikin toma adiokiro kere nukairabet.,Yi ga muzu rizu otita koloseni e'yo amazu 'diyi ma alia si
SALT-TEST-0446,test,I have never donated blood.,Sigabanga ku musaayi.,Tkagaabagaho eshaho eshagama.,Ma naka peya amiyo remo me ameda kom dano.,Mam eong ainanakinitor awokot.,Afeni nga ari tua ku.
SALT-TEST-0447,test,What are some of the measures put in place to control coronavirus?,Nteekateeka ki ezimu ku ziteekeddwawo okulwanyisa akawuka ka kolona?,Ni bintu ki ebitairweho kubaasa kuzibira endwara ya korona kujanjaara?,Yub ma ango ma ki keto ma juku nya pa two corona?,Alubo ikisila ibwaikitai kanu aitikitikio ekorona?,Azita azi 'bani o'bale azo korona niri ma ereta atrizu 'diyi a'duni?
SALT-TEST-0448,test,The road construction has not yet started.,Okuzimba oluguudo tekunnatandika.,Okukora oruguuto tikukatandikire.,Yubu gudi pwod pe ocake,Mam ber aswam na aduko egeuna.,Ba e'doni nga nzila ma sita ku
SALT-TEST-0449,test,Registered vendors are complaining about poor hygiene in the market.,Abatembeeyi abeewandiisa beemulugunya ku bukyafu obuli mu katale.,Abarikuguza ebintu omu katare abayehandiikise nibetomboitwa ahabw'oburofa oburi omu katare.,Lutim biacara ma gitye ki twero me tic gitye ka kok pi cilo matye I cuk,Agwelanarak lu iwadikauna engurianete kanu amamus na aila kosokoni.,Ba afa ozipi 'bani ru osi ra 'diyi onu alata ako cu ma alea risi.
SALT-TEST-0450,test,There are kickboxing competitions this weekend.,Waliyo empaka z'ensambaggere ssabbiiti eno.,"Wiikendi egi, nihaza kubaho empaka z'enshamba ngyere.",Pyem gweyo tyen tye i tum pa cabit eni,Ejaas aboliasio nuka apeto keda emakode owiken lo.,Abala avita kick boxing niri ni 'diyi wikiendi 'disi ci
SALT-TEST-0451,test,The celebration gathers people from all three countries.,Omukolo guno gukungaanya abantu okuva mu mawanga gonsatule.,Ebijagujo nibirundaana abantu boona kuruga omu mahanga ashatu.,Kwer enoni kelo dano ma aa ki I lobo adek egoni weng.,Etukokini epucit lo itunga luelomunitos kotoma akwapin auni.,Omu nderi ni 'ba oku engazu kari na 'diyi ma alia dria
SALT-TEST-0452,test,She burnt all the clothes and pictures of her late husband.,Yayokya engoye zonna n'ebifaananyi bya bba omugenzi.,Akoosya emyenda yoona n'ebishushani by'omushaija we owa fiire.,Dakoni owango bongi ki cal pa cware ma otoni.,Abu ngesi icweya igoen keda aputosia nuka okilenike loatwan.,Eri eve bongo azini e'da dria i vile agupi ovurini 'diyi ra
SALT-TEST-0453,test,The refugees thanked God for sending donors to help them.,Ababundabunda b'ebaziza Katonda olw'okubasindikira abagabi b'obuyambi okubayamba.,"Empungi zikasiima Ruhanga, ahabw'okwohereza ab'okubahwera.",Luring ayella gupwoyo gamente pi cwalo joo ma minigi kony,Apotu ikerai imalata Edeke kanu aijukun luka ojokotau aingarakin kes.,Emunyale 'dayi fe Munguni awa'difo erini 'ba afa fe'ba 'diyi ma ti epezu emuzu eyi ma aza kozu risi.
SALT-TEST-0454,test,Have you ever traveled to any country before?,Wali ogenzeeko mu nsi endala?,Waratambwireho okagira eihanga eriwazamu?,In tyeka onongo dong I cito I lobo  mukene ikare mukato angec?,Ilositor kereka jo akwap ace?,Emu oku kari azini ma alia ra 'dini 'bo?
SALT-TEST-0455,test,"After his father's death, he became the head of the family.","Oluvannyuma lw'okufa kwa kitaawe, ye yafuuka omutwe gw'amaka.","Bwanyima y'okufa kwa ishe, akahinduka mukuru w'eka.","I nge to pa wone, en odoko macalo lawi ot.","Akaulo naka atwanare naka papake, abu ngesi koraun akou naka ekale.","Ati ma drata ma vutia, eri eca aku ma drileru ni."
SALT-TEST-0456,test,People receive forms to apply after presenting a letter from the local council one.,Abantu bafuna empapula okusaba oluvannyuma lw'okulagayo ebbaluwa eva ewa ssentebe w'ekyalo.,Abantu baheebwa zaa foomu z'okushaba baaheza kworeka ebaruha y'obuhame kuruga owa mukuru w'ekyanga.,Dano nongo waraga/fom me aponga [pi loko kabedo me bolo kwir enoni] yongee nongo nyuto waraga ma oa kibot LC acel.,Ijaunete itunga afoomun kanu ailelem akaulo na ainakin ebaluwa loelomunit kama ejai apolon eicolong losodit.,"Ba ka waraka LC ni siri e'da 'bo, 'ba di karatasi azini ofi lezu pari ojazu."
SALT-TEST-0457,test,Bail applications will be heard by the court on Friday.,Okusaba kw'okweyimirirwa ku kakalu kujja kuwulirwa kkooti ku lwokutaano.,Abashabire okwemerererwa nibaija kuhurirwa orwakataano.,Kot biwinyo pido pi nongo bail iceng abic,Alipan na alacakino nes elosi adieket aipup naikanyet.,ꞌBa nga eꞌyo ꞌba ofuzu joarisi sendesi azini ꞌba nde ni acizu makata ma drilia aciri eri oꞌdu towisi
SALT-TEST-0458,test,Last year my sister bought a piece of land from her savings.,Omwaka oguwedde muganda wange yagula ettaka okuva mu nsimbi ze yali atereka.,"Omwaka oguhweire, mwene maawe akagura eitaka kuruga omusente eziyabaire abiikire",i mwaka ma okato lamera owilo ngom ki cente ne ma onongo ogwoko,Okaru je abu inacika ogwel alupok kosirigin ke lu emonoi ngesi.,"Eli ajerisi, ma amvi je nyaku robia erini ebi tra 'diyisi"
SALT-TEST-0459,test,We saw them harvesting maize.,Twabalaba nga bakungula kasooli.,Tukabareeba barikushaaruura ebicoori,Wanenogi ka kwanyo anyogi  ki poto.,Apotu sio aanyutu ngesi esaki emudunga.,Ama ndre yi kaka okuria ra
SALT-TEST-0460,test,There is diversity in the way people do their research.,Okunoonyereza abantu bakukola mu ngeri ezitali zimu.,Hariho emiringo meingyi eyi abantu barikukoremu okukyondooza,Yoo tye pat-pat I yoo madano timo kwede kwedgi.,Ejaasi iponesio luegelegela nuitolosioto itunga aingic.,E'yo ondua geri ndu ndu si ni 'diyi geri agu ni e'yo eti ondazuri ma alia ci
SALT-TEST-0461,test,Elections usually end in violence.,Okulonda kuteera kuggwera mu buvuyo.,"Akaruuru, buriijo nikahwera omubwimukiriro.",Yer pole tum I tim gero,Aseo duc engatanakin keda amumu.,Opeta eyi sa'wa driasi oko ngiringiri si.
SALT-TEST-0462,test,She refused to participate in the company's inter-departmental sports activities.,Yagaana okwetaba mu mizannyo gy'ebitongole bya kampuni.,Akanga kwejumbiira omu mizaano y'ebicweka bitari bimwe na bimwe by'ekitongore.,En okwero nywako i tuko ma tye ka timme i kin team mapatpat.,Abu kesi konger abolobol naka abolasio naka okampuni loiswama ngesi.,Eri ga fiko avita enyati amutini 'diyi ma eseliari ma alia si
SALT-TEST-0463,test,His team won the champions league last year.,Ttiimu ye yawangula liigi ya bannantammegwa omwaka oguwedde.,Tiimu ye ekahangura liigi y'emanzi omwaka oguhaigwire.,Team odilo mege oloyo tuko me champions league i mwaka mukato.,Abu etimuke kiteleka abolobol naka abolia emopira kokaruje.,Eri vile amuti avitaniri nde abala champions leagueni eli ajerisiri ni.
SALT-TEST-0464,test,Loss of merchandise interrupts business operations.,Okubula eby'okugula n'okutunda kitataaganya entambula y'obusuubuzi.,"Okuferwa ebintu, nikurabanisamu emirimo ya bizinesi.",Rwenyo jami balo tic me biacara,Atwaniar na iboro emunari aswam na agwelanar.,Afa ozile ozi 'diyi ma avita ni e'yo tujari ni 'diyi eza eza.
SALT-TEST-0465,test,Thursday next week marks the beginning of the verification of Ugandan traders by committee members.,Olwokuna olujja akakiiko lwe kajja okutandika okwekenneenya abusuubuzi b'omu Uganda.,"Okushwijuma abashuubuzi ba Uganda, okurikuza kukorwa akakiiko, nikuza kutandika orwakana orwa sande erikwija.",Ceng angwen bibedo nino me acaki ma dul me ngiyo dok neno lubiyacara mene me lobo Uganda ma binongo cul biyabo ie ticgi.,Egeunete imeeban luka ekomiti aanyanario naka agwelanarak nuko Uganda Naiwongonet osabit ngol.,O'du su vileri ni nga ovu o'du e'doza 'ba committe ni 'diyi e'yo ada 'ba Uganda ni tujara ni 'diyi ma driari ma e'yo 'duzu ri'I
SALT-TEST-0466,test,Oil companies need to observe proper means of waste disposal.,Kkampuni z'amafuta zeetaaga okulaba engeri ennungi ez'okukwatamu kasasiro.,Kampuni z'amajuta zishemereire kuronda oburyo bw'okunaga ebitokoozi,Kampuni me moo omyero obed ki diro maber me onyo yugi,Ekot ikampunin lu akinyet atupite iwaitin lu ebukonorere agasia.,Le kambuni azi ngapi odu be ꞌdiyi ma obi geri kililiru afa okurunyaru ꞌdiyi dazu ꞌdiyi ma vuti
SALT-TEST-0467,test,Many people in this area will be buried by the landslide if they do not relocate.,Abantu bangi mu kitundu kino bajja kubuutikirwa ettaka singa tebakivaamu.,Abantu bingi omu mwanya ogu nibaza kuzikwa  itaka eririkutsinduka baaba batafurukiire.,Pol pa dano me kabedo man ngom obiumo wigi ka gukwero dak ki kany.,Ebuni atiyatiyawun na akwap anukakin itunga araai mam kesi ebwosete.,Ba karakarau angu 'di ma 'diyi nga ovu sazaru nyaku i asupirisira yi ka yi oja pari azinia kuria.
SALT-TEST-0468,test,The protesters insisted that the police officer shot that man dead because of his skin color.,Abeekalakaasi baalemerako nga bagamba nti owa poliisi yakuba omusajja amasasi olwa langi ye.,Abeshaaringi bagumiza kimwe ngu ofiisa wa poriisi niiwe warashire omushaija ofire ahabw'eragi y'omubiri gwe.,Lujemo guwacci abili oneko lacooni pi rangi del kome.,Eketakina ediyak ebe abu epolisit koyar etunganan ngol kanuka eriagike.,O'bi aoka e'dapi 'diyi si asi kini azi'ba polisiniri gbi agu 'dari kayi eri ma enyiriko ma wura ma e'yosi.
SALT-TEST-0469,test,What causes buildings to collapse?,Ki ekireetera ebizimbe okugwa?,Ekirikureetera ebyombeko kugwa nenki?,Ngo ma weko odi muk?,Inyobo eyauni aduketa aibironor?,A'du e'yoni fe jo eyini e'dezu ni?
SALT-TEST-0470,test,There are some concerning issues with our law system,Waliwo ensonga ezimu ezeekuusa ku nkola y'amateeka gaffe.,"Hariho ebintu ebitashoborokire, omu nkora yaitu y'ebiragiro",Tye lok mukene ikit me ngolokop ilobo man ma pe tye atir,Ejaas iboro lu mam etenitos keda ikisila wok.,E'yo azi okporu ni eyi arakala azita ni Amavuri be ci
SALT-TEST-0471,test,Electricity is generated from running water.,Amasannyalaze gakolebwa mu mazzi agakulukuta,Amashanyarazi nigakorwa kuruga omu maizi.,Mac ki buku ki ipii matye ka mol oyot,Icukio akim  naka epiei kotoma akipi lu ebukitos noi.,Ba aci ede engazu yi rapi rara 'diyi vu
SALT-TEST-0472,test,Uganda national roads authority will take over road construction at the district.,Ekitongole ky'enguudo kijja kwezza omulimu gw'okukola enguudo ku disitulikiti.,"Ekitongore ekirikujunanizibwa ahaby'enguuto, nikiija kutwara omurimo gw'okuzikora omu Disiturikiti.",Uganda national roads authority aye obi cako tic i kom gudi,Erionget loeduki irotin nes ebeit ayangar adukio na erot ko disitrikt.,Amuti Uganda National roads authority niri ni nga azi nzila edezu distrikiti'a ri nga ni
SALT-TEST-0473,test,We need a lot of money to carry out more investigations on the case.,Twetaaga ensimbi eziwerako okukola okunoonyereza okulala ku musango.,"Nitwetenga esente nyingi, okugaruka kucondooza omushango.",cente mapol mite pi wan me kwedo lok eni maber,Ekot iso ikapun luipu kanu aitolosia aingic na iyatakina na emusago.,Ama le robia azi dika muzu e'yo eti ondaza kesi 'di ma dria ri be drile
SALT-TEST-0474,test,New cities are being created in the country to improve on service delivery.,Ebibuga ebiggya biri mu kutondebwawo mu ggwanga okusobola okutumbula obuweereza.,"Endembo ensya ziriyo nizitandikwaho omwihanga, okutunguura omutindo gw'empereza.",Gitye ka yubu citi manyen mapol me kelo tic cok bot lwak,Ejakai aitolomun isitei luitetiak kakwap kanu aitojokara ejanakine.,Ba aku ambo o'diru 'diyi ede kari 'di ma alea e'yo azakoma feza o'bi eyini ri ma omgbo otuzu
SALT-TEST-0475,test,Training opportunities should be provided to empower refugees.,Emikisa gy'okutendekebwa giteekeddwa okuweebwa okutumbula abanoonyiboobubudamu,Empungi bashemereire kutendekwa bakatunga emyoga erabahwere.,Omyero ki mii gum me pwonye ki luring ayela wek omed kerogi,Ekot aijaikin arerengesio nu aitutuoro kanu aitigogongio ikerai.,Le 'ba ma fe drileba imbatani 'diyi okpo fezu emunyale eyini
SALT-TEST-0476,test,The president did not appear at the event.,Pulezidenti teyaliiwo.,Purezidenti t'arareebekire ha mukoro.,Ladit lobo ne pe obino I kwerne.,Mam lokapolon akwap abu kojaikin airiamunet ngin.,Ba kari ma drileru ri ma ngulupi e'da ni e'yo nde ma alia ku
SALT-TEST-0477,test,The journalist gave a full report of the story.,Munnamawulire yawa alipoota enzijuvu ku nsonga eyo.,Abanyamahurire bakaha ripoota eijwire aha nshonga.,Lacoo lok angea ne omiyo ngec matut I kom lok ne.,Abu arotan iyemuto kiner akiro kaidules.,Ba osisia niri fe o'duko dria e'yo nde niri ra
SALT-TEST-0478,test,They will be punished if they don't do their work.,Bajja kubonerezebwa singa tebakola mulimu gwabwe.,Nibaija kubonerezibwa baaba bataherize emirimo yaabo.,Kibiminigi pwod ka gutimo ticgi.,Eponio alecor kesi arai mam kesi iswamaete aswamukec.,Ba nga panga fe yi dri ra ka azi yini nga ku ria
SALT-TEST-0479,test,An ostrich has the longest legs.,Mmaaya erina amagulu agasingayo obuwanvu.,Maaya niyo aine amaguru agarikukirayo oburaingwa.,Udu obedo winyo ma tyene boco loyo.,Ejaasi akulu keda akeje nuewojak kakere.,Okondo ma pa zo ezu ndeni.
SALT-TEST-0480,test,People with similar origins work well together.,Abantu abasibuka mu bitundu bye bimu kibanguyira okukolera awamu.,Abantu abarikuruga hamwe nibakora hamwe kurungi.,Dano ma aa kamarom tiyo maber kacel.,Itunga luelomunitos kotoma aiboisit adiope etapit aswm nepepe ejokuna.,Ba enga 'ba vuti alu si 'diyi azi nga onyiru tualu
SALT-TEST-0481,test,He came in third place with thirty votes.,Yakwata kya kusatu n'obululu asatu.,Akazira omu mwanya gwa kashatu n'oburuuru makumi ashatu,En obedp namba adek ki kwi pyeradek.,Abu ngesi koraun loiuniet lojaasi keda abootin akaisauni.,Eri emu pari nazuria voti be kali na
SALT-TEST-0482,test,National Resistance Movement leaders in Kampala were to air out their issues.,Abakulembeze ba National Resistance Movement mu Kampala baabadde baakwanja ensonga zaabwe.,Abeebembezi b'ekibiina ky'obutegyeki ekya National Resistance Movement babaire nibaza kuhayo enshonga zaabo.,Ludito me National Resistane Movement ma I kampala onongo omyero guwac lok ma icwinygi,Abeit engarenok luka epate Loka Museveni airiamun kanu aitetem aomisokec.,Drileka amuti National Resistance Movement ni Kampalaa 'diyi te 'ye e'yo yi be 'diyi 'ba amve
SALT-TEST-0483,test,The ministry of health recommends that all water for drinking should be boiled.,Minisitule y'ebyobulamu esemba nti amazzi g'okunywa gonna gayina okufumbibwa.,"Minisiture y'ebyamagara, neehabura ngu amaizi g'okunywa goona baateeke.",Minictry me yot kom waco ni pii amata weng omyero kong ki ted,Icorakit erionget loka angaleu akipi kere nu amasio ekot aidor.,Okalamvu alataniri ai kini 'ba ma a'di yi mvuza dria a'di a'di
SALT-TEST-0484,test,The high influx of refugees is likely to encourage the spread of the disease.,Okweyongera okw'abanoonyiboobubudamu kwandiviirako okusaasaana kw'obulwadde.,"Okweyongyera kw'empungi ezirikwija omu ihanga, nikubaasa kujanjaza endwara.",Medde pa luring ayella I kabedo ni omaro medo nya pa two ni,Aipuar na ikerak emina aiyatakin akora na adeka.,Emunyale eyi ma emuta okposi ri eco fe azo 'da ni i erezu ra.
SALT-TEST-0485,test,"The Founding Fathers made ""out of many ones"" the national motto.",Abasajja abaasooka baalonda mu nyingi nebafuna engombo y'eggwanga.,Abakitandikireho bakaihamu kimwe “mooto y’ihanga”,"Dano ma gucako dul man kuketo ""acel ikom madwong"" macalo lubaro me lobo","Abu Atukot Naka Luka Papap kiswamautu akou naka akirot ""idiope kama ejaasi luipu.""","Ba vuti ni e'do 'ba 'diyi 'ba ""tre ma alia alu"" o'dupeza kari niri ru"
SALT-TEST-0486,test,"In most sports games, there is always a team member defending an opponent.","Mu mizannyo egisinga obungi, mu ttiimu mutera okubaamu omuzannyi atangira omulabe.",Omuri ibara muzaano haba harimu omuzaani oba naagyezaho kuremesa omuteebi.,"I pol pa tuko, team acel wang ma oloyo lawote.","Kotoma aboliasio nuipu, ejai duc emeeba loka etimu loitiji etepegan.","Avita pari yi ma alia, memba azini amutinini sawa driasi pa so 'ba ageti atipini arizu ci"
SALT-TEST-0487,test,The team won three games in the league.,Ttiimu yawangudde emipiira esatu mu liigi.,Tiimu ekahangura emizaano eshatu omu mpaka,Team odiloni oloyo tuko adek ki gurup tuko odilo man.,Abu etimu ngol iteleka aboliasio auni kotoma abolobol.,Amuti nderi nde avita league ma alia na.
SALT-TEST-0488,test,Poland was granted deep relief on its debts.,Poland yaweebwa okuwummuzibwamu mu mabanja.,Poland ekaheebwa okwirukangirirwa kw’amaani  aha mabanja gayo.,Kiweko wel den madit tutwal ma obedo iwi lobo Poland.,Aponi kalakunai Poland kanuka apeseninike.,"Kari Poland, isu andra azakoma mari ofezu ra."
SALT-TEST-0489,test,The two leaders held a meeting to discuss the development of their regions.,Abakulembeze ababiri baafunye olukungaana okwogera ku nkulaakulana mu kitundu kyabwe.,Abeebembezi bombi bakagira orukiiko rw'okuhanuura aha by'entunguuka y'ebicweka byabo.,Lutela aryo-ni gurwate me nyamo lok I kom dongo lobo me rijongi.,Apotu engarenok kojaikinos keda airiamunet kanu aitetem apol naka ariinokec.,Drile iri 'diyi 'ye dri fuza e'yo angu kala yini 'diyi ma ezozani 'diyi onzezu
SALT-TEST-0490,test,"The kraal is dirty, please clean it.","Ekiraalo kikyafu, kirongoose.","Ekiraaro n'ekirofa,kiyonje.","Akul dyangi ne col tutwal, wutim-ber wuywee cilo me","Erono aujo noi, kolot italau.","Lico nderi ondiru, kirikirisi mi ini eri ra."
SALT-TEST-0491,test,Poor pay leads to crime.,Ensasula embi ereetera emisango.,Okushashurwa kubi nikureetera abantu kukora ebihagaro.,Cul ma rac weko dano timo bal,Atacio naronon eyauni akoko.,Musara omgbo were ri ni fe 'ba eyini e'yo onzi eyi 'yezu ni
SALT-TEST-0492,test,There is good security in the city.,Eby'okwerinda birungi mu kibuga.,Hariho ebyokweriinda  birungi omu rureembo.,Gwoko kuc tye I rwom me lamal I boma ne.,Ejai ayuwara naejok noi kosite.,Agei tema aku ambu ma aleari onyiru.
SALT-TEST-0493,test,If they did not comply more pliant people would be found.,"Singa tebakkiriza, abantu abalala abasendebwasendebwa bandisangiddwa.","Kuri nookgira ngu tibaraikiriize, bakaba nibaza kubona abandi abaraikirize.","Ka onongo pe guye, onongo kono kinongo dano mukene ma tic kwedgi yot",Arai mam kesi ecamunete epote itunga luitepegitos luipu alomun.,Ka andra e'yo nde atii ku 'ba ndra 'ba badi badi 'diyi azi isu 'dika
SALT-TEST-0494,test,"When locusts attack the crops, they destroy the whole agricultural economy.","Enzige bwe zirumba ebirime, zoonoona ebyobulimi byonna.","Enzigye kuzirikutaahirira ebihingwa, nizishiisha byona ebirikuruga omubuhingi.","Ka otwongo ocamo jami apura, eni tye ki adwoki marac i kom lobo wa ilok me biacara","Ne esurokina emase ikorion, enyamarete ikorion kere lu ekotore adumunia ikapun.","Ombi eyi ka nyaka eyi nya, eyi robia esu agirikica siri eza teketeke."
SALT-TEST-0495,test,Different African countries have their special dishes.,Abantu mu nsi ezitali zimu mu Afirika balina ebika by'emmere bya njawulo bye basinga okuwoomerwa.,Amahanga agatari gamw na gamwe omu africa geine emere zitarikushushana.,Lobo mapat-pat me Africa tye ki cam meggi mapigi tego botgi.,Akwapin nuegelegela ejaasi keda inyamat lueminasi kesi.,Kari Africani ndu ndu 'diyi ma nyaka yini le avasi 'diyi ci.
SALT-TEST-0496,test,Developed countries have good medical facilities.,Ensi ezaakula edda zirina amalwaliro amalungi.,Amahanga agakurakuriine giine amarwariro marungi.,Lobe ma gudongo gitye ki odi yadi mabeco adada.,Akwapin nuepolok ejaasi keda aijaanakin naka amukian naejok noi.,Kari zo'ba 'bo 'diyi ma angu aroni 'diyi onyiru
SALT-TEST-0497,test,New Zealand has won the rugby world cup five times in a row.,New Zealand ewangudde ekikopo ky'ensi yonna eky'omuzannyo gwa ragibe emirundi ettaano egy'omuddiringaanwa.,New Zealand esingire ekikopo ky'empaka z'okubaka okwabashaija emyaka etaano ekuratiine.,Lobo New Zealand otero kikopo me tuko rugby me wilobo tye abic teretere.,Eteleka New Zealand aboliasio eikopo loka akwap kere nuka rugby irwan akany nuetuputupasi.,New Zealand nde rugby world cup pale towi ndekokoru.
SALT-TEST-0498,test,Most primary school teachers are not satisfied with their salaries.,Abasomesa abasinga obungi aba pulayimale sibamativu n'omusaala gwaabwe.,Abeegyesa bingi ba puriimare tibamazirwe n'emishaara yaabo.,Pol pa lupwonye me praimari cwinygi pe yom ki mucara ma giculugi kwede.,Mam esisianakinak luko opuraimare eyalamasi keda iropitokec.,Emba'ba pramari sukuluni 'diyi ma pari apini yi vile oya yisi ku
SALT-TEST-0499,test,There is continued heavy gunfire in the Democratic Republic of Congo town of Beni.,Waliwo okubwatuka kw'amasasi okugenda mu maaso mu kibuga kya Democratic Republic of Congo eky'e Beni.,Okurwana kw'amaani nikugumizamui omuri DRC omu rurembo rwa Beni.,Kwoc pe muduku madongo tye ka mede I town me Beni ma tye I Democratic Republic me Congo,Ejai etosomae loka imudun koCongo Beni,Osu gbiza ni mu 'dani'da kari Democratic Republic Congo niri vile tawuni Beni niria.
SALT-TEST-0500,test,The little children waved at their parents while leaving.,Abaana abato baawuubira bazadde baabwe emikono bwe baali bagenda.,Abaana bakahubira emikono abazaire baabo obuba baire barikugyenda.,Lutino matino giwito cingi me moto lunyodogi ka gia ki paco.,Apotu idwe iyogata auriakake nautatar alosit.,Anzinyiri nde 'diyi ya dri yima tipika yini dri koria.
SALT-DEV-0001,dev,It's the government's responsibility to teach its people about various diseases,Buvunaanyizibwa bwa gavumenti okusomesa abantu baayo ku bulwadde obw'enjawulo,N'obujunanizibwa bwa Gavumenti okwegyesa abantu baayo ebikwatirane n'endwara nyingi.,Obedo tic pa gamente me pwonyo lwak i kom two mapat pat,Erai aswam apugan aisisianakin itunga ke nuikamunitos adekasinei nu egelegela.,Eri azi gamete ni imbata fezu 'ba ivile 'diyini azo ndundu eyi ma dria.
SALT-DEV-0002,dev,The issue of land grabbing is on a rise.,Ekibba ttaka kyeyongedde nnyo.,Eshonga y'okwiba eitaka neyeyongyera.,Time me mayo ngom tektek tye ka medde ameda.,Iyatasi noi akiro nuka aidem alupok.,E'yo angu opazaniri turia
SALT-DEV-0003,dev,Parents educate their children.,Abazadde basomesa abaana baabwe.,Abazaire nibegyesa abaana baabo.,Lunyodo pwonyo lutino gi,Itosiomete auriak idwe kec.,Tipika eyi onita fe anzi eyivile 'diyini
SALT-DEV-0004,dev,I passed all the questions in the examination paper.,Nnatuuka ebibuuzo byonna ebyali ku lupapula lw'ebibuuzo.,Nkahika ebibuuzo byona ebyabaire biri omu kigyezo.,Akato lapeny weng ma obedo i karatac peny.,Abu eong atub aingiseta kere luka apapula kangin.,Ma aga ozita karitasi obeta ni ma alia dria ra
SALT-DEV-0005,dev,Several musicians held a concert in honor of their fallen colleague.,Abayimbi abatali bamu baakoze ekivvulu okujjukira obulamu bwa muyimbi munnaabwe eyafa.,Abeshongozi bamwe bakozireho ekiterane mukwijuka mugyenzi wabo ofiire.,Lugo wer mapol guwero wer me po pi luremgi ma guto con.,Apotu ayook luipu kojaikinos keda aitodiaret kanu aitodun ayongit mama ejai oupakec loabu kotwana.,Ba karakarau ongo co'ba 'diyi 'ye avita inzita fezu yi ma alipi e'depi dra dri 'bori dri.
SALT-DEV-0006,dev,All the pupils took part in the class dance.,Abayizi bonna beetaba mu mazina g'ekibiina.,Boona abeegi bankejumbira omu kuziina kwa kiraasi.,Lutino ducu gunywako i myel me ot kilac.,Apotu esisiak kere kojaikinos toma atukot naka aikosi.,Anzi onitani dria 'du esele ongo tuza kilasiniri ma alia ra
SALT-DEV-0007,dev,Land can work as collateral security.,Ettaka lisobola okukola nga omusingo.,Eitaka niribaasa kukora nk'omusingo.,itwero jengo ngom pi gamo lim adena,Epedorio aitalakin aititingar alupok kwape ayuara.,Nyaku eco azi nga afa fele loni e'duzuri ru ra
SALT-DEV-0008,dev,She was fired and replaced with her secretary.,Yagobwa ku mulimu mu kifo kye ne bazzaawo omuwandiisi we.,Akabingwa kandi yaasimbuurwa owabaire ari omuhandiiki we.,Kiryeme woko ki dog ticce ci kileyo kakare ki lacocce.,Aponi kirengearai ngesi kosodete aburokin keda akalanike.,Ba dro eri ra eri ma paria karanini 'bazu'i
SALT-DEV-0009,dev,The school Chaplain led us in prayer at the assembly.,Omubuulizi w'essomero yatukulembeddemu mu kusaba ku paleedi.,Omuburizi w'eishomero akatwebembera mushara ahakiterane.,Gang lega me cukul otelo lega cawa me gure pa lutino.,Abu engarenon loka esomero kisingaren sio kotoma ailip.,Atalao sukulu ocepiri ce ama dri mungu zizasi 'bani 'ba trariani
SALT-DEV-0010,dev,Everyone should pay taxes.,Buli omu alina okusasula omusolo.,Bury'omwe ashemereire kushashura emishoro.,Dano weng myero ocul mucoro.,Ibusakinit itunga kere ailem isolosinei.,Le 'ba dria ma ofe musoro ra
SALT-DEV-0011,dev,Bitature lauded the Private Sector Foundation Uganda for the great work.,Bitature yatenderezza Private Sector Foundation Uganda olw'omulimu omulungi.,Bitature asiimire ekitongore kya Private sector Foundation Uganda ahabw'omurimo murungi ogukozirwe.,Bitature opako Private Sector Foundation me Uganda pi tic maber,Abu Bitature kitur Erionget Loka Itunga kanu aswamukec naejok noi.,Bitature eku amuti Private Sector Foundation Uganda niri ma ru azi ngaza okporurisi
SALT-DEV-0012,dev,Current ministers are losing in the party elections.,Baminisita abaliko bawangulwa mu kulonda kw'ebibiina.,Ba minisita abariho obwahati bariyo nibasingwa omu karuuru akarikubanza.,Minista mapol matye igamente man tye ka poto matek ibolo kwir me party,Iminisatan luejaas kopana ibironoros kotoma aseo naka ipatei,Minisita sawa ꞌdisi opia ꞌdiyi eꞌderia politikia eꞌde.
SALT-DEV-0013,dev,Each student was told to buy a book.,Buli muyizi yagambibwa okugula ekitabo.,Buri mwegi akaragirwa kugura ekitabo.,Kiwaco ki latin kwan acel acel me wilo buk,Aponi olimokinai ngol asioman agwela eitabo.,Ba ai sukulu mva dria buku jezu
SALT-DEV-0014,dev,Farming is the main source of income in my family.,Obulimu n'obulunzi kye kintu ekisinga obukulu ab'omu maka gange mwe bajja ssente.,Obuhingi n'oburiisa nibwo burugo bw'amaani obw'esente omuka yangye.,Pur aye obedo yo ma pire tek loyo me nongo cente I gangwa.,Erai akor epone loepol kakere loka adumun ikapun kokaleka.,Amvu azi eri geri lu afa dria esuzu ma vile akuri ma aliari'i
SALT-DEV-0015,dev,It is said that there are different waves of coronavirus.,Kigambibwa nti ekirwadde kya korona kiri mu mitendera egitali gimu.,Nikigambwa ngu hariho emiringo eshatu ya korona.,Ki waco ni two korona mako dano lumuku I nge kare manoknok.,Ebakai ebe ejaasi iponesio luegelegela luka ekorona.,Bani 'yorisi kini oli azo coronavirusnirini 'diyi ma wura ndu ndu
SALT-DEV-0016,dev,Its customers cannot easily switch to other networks.,Si kyangu bakasitoma baabwe kukyusa layini yaabwe kudda ku ndala.,Abantu abarikumuguraho tibakaaza aha mikutu endiijo,Jo matiyo kwedgi pe romo kobo bot dul mukene oyot-oyot.,Mam agwelak ace epedorete aitosom icenetiwaks kapatan.,Aje'ba eri ni 'diyi econi yi oja oseta azi 'diyiam ewa kokoru ru ku
SALT-DEV-0017,dev,Footballers need proteins to build and repair their bodies.,Abazannyi b'omupiira beetaaga emmere ezimba omubiri okuzimba n'okuddaabiriza emibiri gyabwe.,"Abateezi b'omupiira, nibetenga ekiriisa ekya puroteini okwombeka, n'okugarura busya emibiri yaabo.",Lutuku mito moc cam me protein wek okony oyub komgi,Ekotos apetok emopira inyamat lu edukete ka aitemonokin awate kec.,Ba mupira avipi 'diyi le nyaka 'ba rua sipi 'diyi eyi ma rua sizu.
SALT-DEV-0018,dev,The district has increased its efforts to fight off cancer.,Disitulikiti eyongeddemu amaanyi okumalawo kkookolo.,Disiturikiti eyongyeire amaani g'okurwanisa kokoro.,dictri komedo kero me lweny i kom two kanca,Eyataki edisitrikt agogong kanu aitiji ekansa.,Distrikiti o'tu okpo erini a'di 'dizu azo cancer niri be ri ra
SALT-DEV-0019,dev,A lot of costs were incurred in paying lawyers and transporting of witnesses.,Ssente nnyingi zaasaasaaanyizibwa mu kusasula bannamateeka n'okutambuza kw'abajulizi.,Bakashohoza sente nyingi omu kushashura ba puriida n'omu kureeta abajurizi.,Cente ocito tutwal me culu Lupilida ki tingo caden,Ipu ikapun itwasamaros atacia ipulidan ka ayanganaria ajenak.,ꞌBa eza sende angiri ꞌbani ꞌba kesi ma aga nyapi ꞌdiyi ofezu azini ꞌba ndremaaziru ꞌdiyi ojizu.
SALT-DEV-0020,dev,The public has been challenged to stay calm.,Abantu bakubiriziddwa okusigala nga bakkakkamu.,Abantu bahigirwe okuguma bacureire.,Kiwaco ki lwak me bedo labongo lworo.,Isinyikokinitai itunga asalakin iyamakina.,Ba ece o'bi yi dri ovuzu azi e'yere si
SALT-DEV-0021,dev,People do not believe that the established guidelines will control the virus.,Abantu tebakkiriza nti amateeka agaateekebwawo gajja kuziyiza akawuka.,"Abantu tibarikwikiriza ngu ebiragiro ebiteirweho, nibiija kurwanisa akakooko.",Dano pe giyee ni cik ma kiketo obi gengo two,Mam itunga ecamunitos ebe aicoreta nu itolomunitai itikitikete ekorona.,Ba eyi ai ni kini azita o'bale 'diyi eco azo korona niri ma okpo nde ra ri ku.
SALT-DEV-0022,dev,Muslim headquarter is located in Kibuli.,Ekitebbe ky'abasiraamu ekikulu kiri Kibuli.,"Ekitebe kikuru ky'abasiraamu, nikishangwa Kibuli.",Gang kal pa cilam tye i Kibuli,Ejai eyapesi loapolon loka isiramun Kibuli.,Isilamu eyi ma aku ambori eri kibuli'a
SALT-DEV-0023,dev,She reported the rapist to the police.,Yaloopye eyamusobyako ku poliisi.,Akahababira omuhambi aha poriisi.,En odoto ngat ma obutu kede tek tek ni bot abili,Abu ngesi olimo lo abui aisiol nges polis.,Eri to agu 'ba obipi okposi 'da polisi'a
SALT-DEV-0024,dev,It started raining while I was driving home.,Enkuba yatandise okutonnya nga nvuga okudda eka.,"Obu naabiire ninvuga ndikuza omuka, enjura ekatandika okugwa",Kot ocako cwer I kare ma atye kadwoyo motoka.,Abu edou kogeu aitep nautar eong airenge emotoka abongor ore.,Ozoo e'do 'di de ma nzuria mutukarisi akua
SALT-DEV-0025,dev,Her brother purchased some medicine for her.,Muganda we omulenzi yamugulira edagala erimu.,"Omubazi ogumwe, akagugurirwa munyaanya.",Omine owilo yat mo ite,Abu onaceke ogwelak nges ikee.,Eri ma adri je aro azi ki erini ra
SALT-DEV-0026,dev,People are not the primary blood hosts for mosquitoes.,Ensiri tezinywa musaayi gwa bantu gwokka.,Eshagama y'abantu tiyoyonka eyi esiri zirikukunda,Dano pe obedo gin matye ki remo me acel ma ober camo loyo.,Mam aokot nuka itunga eraasi nueminasi isiru bon.,Ba ada ovuni afa oko ari 'bapi yiyia yi dririni ku.
SALT-DEV-0027,dev,The health workers were committed to providing health services to the people.,Abasawo bali banyiikivu mu kuwa bantu obujjanjabi.,Abashaho bakaba nibafayo munonga okuhisya obuheereza ahabantu,Lutic yot kom gu cike me miyo kony me yot kom bot lwak,Akapakina eswamak lu adekis amukian itunga.,Azi'ba azi ngapi e'yo rua ala ni be 'diyi owi eyi azakoma e'yo rua alanisi 'diyi fezu 'ba eyidri
SALT-DEV-0028,dev,His music promoted peace and love among people in the region.,Ennyimba ze zaaleeta emirembe n'okwagala mu bantu b'ekitundu.,Ebyeshongoro bye bikaba nibireeta obusingye na rukundo omu bantu b'ekyanga ekyo.,Wee ne okelo kuc ki maa itwok piny eni,Etopolorit aiwo ke aipuc ka amina nejaas itunga lu atutubet.,Ongo erivile 'diyi otu asianzu azini leta 'ba angu 'da ma alea 'diyi ma eselea
SALT-DEV-0029,dev,Many girls carry out an abortion secretly.,Abawala abasinga bagyamu embuto mu kyama.,"Abaishiki abaingi, nibeihamu enda kyesherekye.",Anyira mapol gi onyo ic i wii alii,Ipu apesur nu elemunenete akoikes eililinga.,Ezoanzi karakara eyi anzi eyi ofu zizaru
SALT-DEV-0030,dev,We have to look for remedies,Tuyina okunoonya eky'okukola okutereeza embeera.,Twine kutunga oburyo bw'okukimaraho.,Omyero wanong diro me cobo peko,Ejai oni amoun iwaitin.,Le ama ma esu geri e'yo aza kozu 'diyi ra.
SALT-DEV-0031,dev,Victoria Sekitooleko will deputize Karuhanga for the next three years.,Victoria Sekitooleko yajja okumyuka Karuhanga okumala emyaka esatu egiddako.,Victoria Sekitooleko niwe araakore nk'omuhwezi wa Karuhanga kumara emyaka eshatu eraakurateho.,Victoria Sekitooleko obibedo lalub kor Karuhanga pi mwaka adek,Victoria Sekitooleko ngesi ebuni araun atupiton naka Karuhanga kanu ikar iuni.,Victoria Sekitooleko ni nga ovu Karuhanga ma endruru ni
SALT-DEV-0032,dev,Nambooze accused the media of bringing friction in the Democratic Party.,Nambooze yanenya emikutu gy'empuliziganya nti gye gyali gireeseewo obukuubagano mu DP.,Namboozi navunaana ab'amahurire okureetaho okwahukana omu nkora eya dimokuraase,Nambooze okok I kom lucoo lok angea pi kelo telle I dul me Democratic Party.,Abu Namboeze kitoron arotak iyemuto kanu ayangaunun ingungeta kopate loka DP.,Nambozee too 'ba osisia ni 'diyi trikitriki ejiza amuti Democratic party ni ma alia si
SALT-DEV-0033,dev,The truck driver ran away.,Omuvuzi wa loole yadduse.,Omuvuugi wa rukururana atorokire.,Ladwo lori ne oringo.,Abu ederepa loka amotoka ngon koker.,Ba lori ma derevaruri apa ra
SALT-DEV-0034,dev,What is the purpose of having associations?,Kigendererwa ki eky'okuba n'ebibiina?,Omugasho gw'okugira ebibiina ni guuha?,Pingo pire tek me bedo ki karacel ki jo mukene.,Inyoin bo alosikinet naka ajaut keda atukona?,Asisile 'bani ovuzu amuti 'ba ecizu 'diyi pieri a'dini?
SALT-DEV-0035,dev,We closed the meeting with a prayer.,Olukungaana twaluggalawo n'okusaba.,Tukahendera orukiiko n'eshaara.,Waloro yub me cokke ki lega.,Apotu sio agolokisi airiamunet ngin keda ailip.,Ama opi dri fuza nderi ma ti Mungu zizasi.
SALT-DEV-0036,dev,Family is the foundation of the community.,Amaka gwe musingi gw'ekitundu.,Eka niyo ntandikwa y'ekyaro.,Gang obedo guti me kabedo wa,Erai ekale abwoetait na ateker.,Famila eri ongulumu eyi ma eti e'doza ni.
SALT-DEV-0037,dev,You can’t be both.,Tosobola kuba byombi.,Torikubasa kuba byoona.,Pe oromo bedo aryo weng.,Mam jo ipedori araut kesi kere.,Mi econi ovu pari iri tro ku
SALT-DEV-0038,dev,The police should arrest all the terrorists.,Poliisi esaanidde okukwata abatujju bonna.,Poriisi eshemraire kukwata abazigu boona,Abili myero omak lulweny alibo ne weng.,Ibusakinit ipolisin aikamar lukodwaratau kere.,Polisi (arumadri) ma obii 'ba aribo ru 'di yi dria
SALT-DEV-0039,dev,A small crowd of curious onlookers is surrounding us.,Abantu abatonotono abaagala okumanya ekigenda mu maaso batwetoolodde era batutunuulidde.,Oruteerane rw'abantu bakye barikureeba kimwe baatwehinguririza.,Wel dano moko manok magimito ngeyo ngo ma obutimme tye kagurre I ngetwa.,Eutasi itunga luekotosi ajenun asesen oni kolukunitos oni.,O'bi kalafe were 'ba ndrepi asisile e'yo vuti nizani pie 'diyi ce am agei kuru
SALT-DEV-0040,dev,The roads will be public.,Enguudo zijja kuba za lukale.,Enguuto niziija kuba eza boona.,Gudi obi bedo pa lwak,Epote irotin araut lu itunga.,Nzila 'da eyi nga adri o'bi eyini
SALT-DEV-0041,dev,Winning a case requires a person to present undoubted evidence to the court.,Okuwangula omusango kyetaagisa omuntu okuwa kkooti obujjulizi obutabuusibwabuusibwa.,"Okusinga orubanja, nikyetenga omuntu okureeta obujurizi omu kooti, obuteine kihakanisa.",Loyo lok i lukiko mito nongo ngati okelo caden ma ocwiny,Aitelekar emusago ekot itunganan aijaikin ajenanut na mam edieket ejai abuonokin toma.,Eri le 'ba azi ma eji afa azi e'dapi kini e'yo azi 'ye i ra ada agata kokoru ri kotia ecozu kesi ndezu beni.
SALT-DEV-0042,dev,Very few people have joined cotton farming.,Abantu batono nnyo abeenyigidde mu kulima ppamba.,Abantu bakye nibo beejumbire omukuhinga pamba.,Dano manok odonyo ipito pama,Ikidioko itunga lu alomasi akoru epaba.,Ba were eyi fi pamba ma 'yata alea ni.
SALT-DEV-0043,dev,Refugees should not be segregated.,Abanoonyiboobubudamu tebalina kusosolebwa.,Empungi tizishemereire kushororwa.,Omyero pe ki koo luring ayella i kom dano mukene,Mam ekoto agitarit ikerai.,Le 'ba ma gbu emunyale eyi kala ku
SALT-DEV-0044,dev,The city authority has made it a priority to install street lights.,Ekitongole ekivunaanyizibwa ku kibuga kikulembezza okuteekawo ebitaala by'oku nguudo.,Akakiiko k'orurembo kebembeize omurimo gw'okuta amataara aha nguuto.,Luloc me city oketo macalo lok ma pire tek tutwal pi neno ni gudi ducu tye ka mac ma menyo piny idye wor,Ibwanakinete kwana apedorosio nuka esite akimian nu orotin.,Drice'ba aku ambori ni 'diyi 'ba eri e'yo okporu ni ru aci nzila 'diyi osuzu
SALT-DEV-0045,dev,The supporters reacted violently towards the arrest of their favorite politician.,Abawagizi baayoleka ebikolwa eby'obukambwe bwe baakwata munnabyabufuzi gwebaagala.,Abahagizi bakashuuga kubikubi ahabw'okukwata ow'eby'obutegyeki ou baabaire nibenda.,Lucwak guero lweny i ngee mak pa lacung iwi bye ma cwinygi maro.,Apotu egangitok konyunyurikinos nekamarere abwoan loeminasi kesi noi.,Ba atita fe'ba 'diyi eca adraa si 'ba ni yi ma 'ba politiki ni yini lele ri bizu ma e'yo si
SALT-DEV-0046,dev,Such issues affect a student's performance.,Ebintu ng'ebyo bikosa ensoma y'omuyizi.,Eshonga nk'ezo nizireetera omwana oburemeezi omu kwega.,Kodi jami eni balo kit ma latin timo kwede i gang kwan,Iboro kwangul itolitolete eswamae lo idwe.,E'yo 'dile 'diyi eco sukulu mva ma agata eza ra
SALT-DEV-0047,dev,The new leaders have been revealed.,Abakulembeze abapya bamanyisiddwa.,Ababembezi abatsya bamanyirwe.,Kinyuto lutela manyen.,Etijenar engarenok luitetiak.,Ba ece drice'ba o'di 'diyi ra
SALT-DEV-0048,dev,His wife is very calm.,Mukyala we mukkakkamu nnyo.,Omukazi we n'omucureezi.,Dako mege obedo dano mamwol.,Inapakina akeberu noi.,Eri vile okuri 'ba e'yere ni
SALT-DEV-0049,dev,The Alliance for National Transformation Coordinator will not have his signature on the petition.,Omukwanaganya wa Alliance for National Transformation tajja kuteeka mukono ku kiwandiiko.,Omuhikaanisa w'ekibiina ky'obutegyeki ekya Alliance for National Transformation taraate mukono aha kihandiiko.,Lakub kin dano ma I dul pa lucungu iwi bye ma kilwongo ni Alliance for National Transformation pe obiketo cinge I waraga me koko meno,Mam acamanar naka Atukot Naka Aijulakin Kakwapuwoko ebuni aicikakin akan.,Ba e'yo azi ngazani 'diyi otupi amuti Alliance for National Transformation niriari ngani dri ti e'yo o'bi yini asi ecezau ri ma dria ku
SALT-DEV-0050,dev,The teachers will help improve school performances.,Abasomesa bajja kuyamba okutumbula enkola z'essomero.,Abegyesa nibeija kwongyera kuhwera amashomero kukora gye.,Lupwonye eni gubi konyo lutino me timo maber,Epote isisianakinak aikeun adoketait na isomeroi.,Imba'ba eyi nga mu azakoma fe agata sukulu eyi ma alea 'diyi ma omgbo otuzu
SALT-DEV-0051,dev,They were told to submit the report to the district officials.,Baagambiddwa okuwaayo alipoota eri abakungu ba disitulikiti.,Bakagambirwa ngu baheereze ripooti omu bakungu ba disiturikiti.,Kilegogi me cwalo adwoki me tic gi bot lutic me distrik,Aponi kes olimokinai aijukar eripoti kec nejaas eswamak lu edisitrikt.,Ba ai eyi kokobi eyini e'yo sizu e'yo i'yepiri ma dria ri fezu azi'ba distrikiti ni 'diyi vu
SALT-DEV-0052,dev,Do not use an air conditioner it consumes more fuel.,Tokozesa byuma bya mpewo (air conditioner) kubanga binywa amafuta mangi.,Otakakozesa ekyooma ekiri kutastyamu kandi kikashohoza omuyaga ahabukuba nikitwaara amajuuta miingyi,Pe itii ki tenge makelo ngico onyo lyeto I motoka pien camo moo madwong kato.,Sirikitosom acuma naka ekwam naarai emasi akinyet naepol.,Mi ma ayu oli ondiza e'dele mutukaria yi ma alia ri ku eri odu mvu angiri
SALT-DEV-0053,dev,"People, especially women, compete to get water.","Abantu, naddala abakyala, bafuba okufuna amazzi.",Abantu n'amunonga abakazi nibaba nibarwanira omugisha gw'okutunga amaizi.,"Dano, tutwalle mon, gilwenyo pi nongo pii.","Itunga, kacut angor, emariete adumun akipi.","O'bi eyi, tutuni oku eyi ebaka se yi esuzu."
SALT-DEV-0054,dev,Everyone came to help him when the accident occurred.,"Bwe yagwa ku kabenje, buli omu yajja okumuyamba.",Buriomwe ayijiire kumuyamba obu yabwiine obuvune.,Dano weng obino me konye I ngee nongo can me gudu.,Apotu itunga kere kopotu aingarakin ngesi neatakanuna akangas.,Ba dria emu eri ma aza ko drileonzi ni i 'yezurisi
SALT-DEV-0055,dev,Uganda Breweries is mindful of the scarcity of water during this time.,Uganda Breweries efaayo nnyo ku bbula ly'amazzi mu kiseera kino.,Eikorero ry'amaaarwa erya Uganda Breweries nirimanya eibura ry'amaizi eririkukira kubaho obwire obu.,Dukl ma jubu kongo I Uganda  gitye ki ngec ni can pii tye I kare ni,Ejeni erionget loka aitolom imaten epone loikidiokoto kwana akipi.,Amuti Uganda Breweries niri ma dria e'yo yii ni ovuzu ewaru sawa 'di ma aliari ra
SALT-DEV-0056,dev,"Without this information, there would be a high spread of the virus.","Awatali bubaka buno, wandibaddewo ensaasaana y'akawuka eya waggulu.","Kuri hatabaireho okumanyisibwa oku, akakooko kakabaire nikajanjara munonga.","Labongo ngec eni, wel joo ma nongo two corona onongo twero bedo dit tutwal","Arai omamete akiro nu, ti adeka na ewear noi.","O'duko 'di koko, azo 'di ma ereta ma omgbo ni ta adri uru"
SALT-DEV-0057,dev,She bought oranges and mangoes.,Yagula emiyembe n'emikyungwa.,Akagura emichungwa n'emiyembe.,En owilo macungwa ki muyeme.,Abu ngesi kogwel imucugai keda imweben.,Je ndima piyi mengu pie
SALT-DEV-0058,dev,All people leaving and accessing the hospital must wash their hands.,Abantu bonna abafuluma n'abayingira eddwaliro balina okunaaba engalo zaabwe.,"Abantu abarikuruga omwirwariro n'okuzayo, bashemereire kunaaba engaro zaabo.",Dano matye ka aa onyo donyo iot yat omyero gulwok cing gi,Itunga kere lu elosete ka anyoun adekis ekot ailo akanin kec.,Le 'ba dria fipi arojoa azini fupi arojoa si 'diyi ma oji eyi ma dri ra
SALT-DEV-0059,dev,Improper disposal of phone batteries has a negative impact on the environment.,Okumala gasuulasuula amanda g'amasimu kirina obulabe bwe kiteeka ku bintu ebitwetoolodde.,Okunaganaga amanda g'esimu nikishiisha ebyobuhangwa.,Bolo battery cim ata balo kabedo ma orumu wa,Aicak abaturen koipone kaloerono ebuni amunar ejautene loka akwap.,E'yo betru simu viler 'diyi o'bezu kilili ku ri ni e'yo onzi iji angu ama ageyia 'diy ma dria
SALT-DEV-0060,dev,The producer asserts that high-quality blood dissolves.,Omukozi agamba nti ovaamu omusaayi mungi.,Orikukakora naakihamya ngu eshagama nungi neehwerera.,Layub ne waco ni remo me rwom mamalo meno loo.,Ebala eswamaunan ekiya ngol ebe eliaros do aokot ngun.,Agu aro nde edepiri ma egata kini ari onyiruri ma aleni I ayura.
SALT-DEV-0061,dev,The deadliest malaria parasite uses a double branched metabolic pathway.,Akawuka akaleeta omusujja gw'ensiri kakozesa enkola eyitibwa double branched metabolic pathway.,Ekiriiririzi ky'omushwija eky'akabi nikikoresa emihanda ebiri.,Kwidi two lyero marac dong loyo aloya enoni tiyo ki yoo aryo me nongo kacel ki gwoko kwogi.,Ekurut loka eimidi loaronon kakere itosomai ikela iarei kanu aimat aokot.,Obu Malariani onzi ndeniri ni geri iri 'ayu fizu 'ba rua.
SALT-DEV-0062,dev,Financial officers account for and manage funds.,Abakugu mu byenfuna babalirira n'okukwata obulungi ensimbi.,"Ba ofiisa b'ebyesente, nibooreka embaririra kandi nibareeberera esente.",Lukwan lim gi doro tic ki cente dok bene gi tito kor tic ki lim,Ayaitok ikapun imarete ka ayaite nu ikapun.,Ofisa robia niri ni e'yo nze robia 'bani ayu ri ma dria dika eri vini robia eyi ma ayuta one
SALT-DEV-0063,dev,The district has received funds from different projects since last year.,Disitulikiti efunye obuyambi okuva mu pulojekiti ez'enjawulo okuva omwaka oguwedde.,"Disiturikiti, etwiire netunga sente kuruga omu purogyekiti ezitari zimwe kuruga omwaka ogwahweire.",District onongo cene kibot projects ma padi padi nicake mwaka ma okato ni,Adumu edisitrikt ikapun ko projektin luegelegela agear okaru je.,Distrikiti esu robia engazu otita ndundu 'di eyi vu e'dozu eli ajerisi
SALT-DEV-0064,dev,The closure of schools has affected everyone.,Okuggala amasomero kikosezza buli omu.,Okukingwa kwa'mashomero kukwatsire ahari budyomwe.,Loro gang kwan obino ki adwogi I kom dano weng.,Agolokinio naka isomeroi etirorit itunga kere.,Sukulu ti opiza eza 'ba dria ma dri
SALT-DEV-0065,dev,There are different methods of treating infertility among women.,Waliwo engeri nnyingi ez'okujjanjabamu abakazi abalina emikisa emitono egy'okuzaala.,Hariho emiringo etari emwe eyokukiza obugumba omu bakazi.,Tye yoo mapol mapat...pat me cango peko me nywal ma mon tye kwede.,Ejaasi iponesio luegelegela luka aimuke angor numam epedorete apotuun.,Geri 'bani oku ondo ru 'diyi atizu 'diyi ndu ndu
SALT-DEV-0066,dev,They organized prayers to thank God for preserving their lives.,Baategeka okusaba basobole okwebaza Katonda olw'okubakuuma nga balamu.,Bakatebeekanisa okusiima Ruhanga ahabw'okukiza amagara gaabo.,Guyubu lega me pwoyo lubanga pi gwoko kwogi.,Apotu kitemokisi ailip kanu aisiyalamikin Edeke kanuka aidar aijarakec.,Yi otu Munguziza awa'difo fezu Mungu dri erini yi ma idri tambalerisi
SALT-DEV-0067,dev,The cable company recently launched Enterprise connectivity solutions in Africa.,Kkampuni ya Cable Company gye buvuddeko yatongoza engeri y'okuyungamu eby'obusuubuzi mu Afirika.,Kampuni y'amayengo ga yintaneeti  obuhweireho ekatongoza obuheereza bwayo omuri Afirika.,"Kampuni ma tiyo ikom waya, cokcoki otyero kamaleng kit me kube i yamo i Afrika.",Abu ekampuni loitolomi elago kitolomu arucokina kiding akwapin nuko Africa.,Amuti wayi cable ni 'diri ebi tujara oseta olia aliasiri ma e'yo otuza kililiri ni angu Africa ni siri ma ti nzi eturisi ra
SALT-DEV-0068,dev,The residents are not ready to leave the land.,Abatuuze si beetegefu kuva ku ttaka.,Abatuuragye tibeteekateekire kuruga ahaitaka.,Lutedero pe gitye atera me weko ngom,Mam itunga ekapakina anyoun kotoma alupok.,Ba aa'pi 'da 'diyi aa'ni ngonde angu 'da kuzu ku a'dusi?
SALT-DEV-0069,dev,The registration exercise was a failure.,Enteekateeka ez'okuwandiisa abantu tezaatambula bulungi.,Eky'okwehandiikisa kyo kiremire.,Tic me coyo dano ne pe ocobo miti ne.,Mam aiwadikao abu kopedor.,E'yo ru siza nderi niri ndra e'dezaru.
SALT-DEV-0070,dev,There is a high mortality rate in the region.,Omuwendo gw'abantu abafa mu kitundu guli waggulu.,Hariho okufa kwingi omukyanga.,Wel dano a tooi kabedo man,Ipu atwakisia kaiboisit.,Ba odrapi angu 'da ma alea 'diyi ma kalafe angiri
SALT-DEV-0071,dev,"In April two thousand twenty, Uganda was invaded by desert locusts from Kenya.","Mu mwezi gw'okuna mu nkumi bbiri mu abiri, Uganda yalumbibwa enzige okuva e Kenya.","Omwa kwezi kwa kana enkumi ibiri makumi abiri,uganda ekataahitirwa enzigye kuruga Kenya.","I dwe me April I mwaka alip aryo ki pyeraryo, bonyo omonyo Uganda ku gia ki lobo Kenya.","Kolap Loiwongonet, ekaru ilukumin akaisare abu ebara kobwangun Uganda koKenya.",Mba su alifu iri kali irisi Ombi roko drini 'diyi tu Ugandani engazu Kenyaa ra
SALT-DEV-0072,dev,What is the role of journalists?,Mugaso ki ogwa bannamawulire?,Omurimo gw'abanyamakuru niki?,Tic pa ocoo lok angeya obedo ngo?,Inyobo aswam na arotak iyemuto?,Ba osisia ni 'diyi ma azi a'duni?
SALT-DEV-0073,dev,The church leaders should encourage people to work.,Abakulembeze b'ekkanisa balina okukubiriza abantu okukola.,Abeebembezi b'amadiini bashemereire kuhiga abantu kukora.,Lutela me kanica omyero gu cuk cwiny lwak me tic,Ekot engarenok lu ediini aisinyikokite itunga aswam.,Le drice'ba eyi ma ai 'ba eyi azi ngazu.
SALT-DEV-0074,dev,Would you mind dancing with me?,Ofaayo singa ozinako nange?,Noofayo twazina hamwe?,Iywero myel kweda?,Icamuni kereka jo aikosi keda eong?,Mi asi ongo tuzu maberisi ra?
SALT-DEV-0075,dev,Women and men should be educated on how to resolve family conflict.,Abakyala n'abaami balina okusomesebwa ku ngeri z'okugonjoolamu obukuubagano mu maka.,Abashaija n'abakazi bashemereire kwegyesibwa okutereeza enshonga zaabo z'amaka.,Mon ki coo omyero gunong ngec ikit me teko lok ma iot,Ekot aisisianakin ikiliok keda angor eipone lo itemonokinet engunget lo okale.,Le 'ba ma fe imbata oku eyini agupi eyi be geri eyini ecozu ngiringiri familia 'diyi ma eti otuzu
SALT-DEV-0076,dev,Seven million Insecticide Treated Nets are needed to protect the populations.,Obutimba bw'ensiri obukadde musanvu obulimu eddagala bwe bwetaagibwa okusobola okukuuma abantu.,Obutimba burikwingana miriyoni mushanju nibwetengwa kurinda abantu.,Milyon abiro pa tanarua makikiro yat I kome mitte me gwoko dano.,Ipudai aitibaan nuimuketai nuedolete imilioni ikanyarei.,Le emba aro be ruari milioni aziri kalafe o'bi yini ma ta mbazu.
SALT-DEV-0077,dev,What causes people to demonstrate?,Ki ekireetera abantu okwekalakaasa?,Ekirikureetera abantu kwediima n'enki?,Ngo ma weko dano cito ka jemo me nyutu cwer cwiny?,Inyo ijaikit itunga aitodianar anyunyura kec?,A'du e'yoni fe 'ba eyini awoko e'dazu geri acizu nzila dria ri si ni?
SALT-DEV-0078,dev,All current Members of Parliament were elected into office.,Ababaka ba palamenti bonna abaliwo mu kiseera kino baalondebwa bulondebwa.,Abany'ishengyero abariho hati boona bakateererwa akaruuru kuza omu ofiisi.,Lumemba me ot moko cik ducu kiyerogi ayera me tic.,Imeeban kere luka airabet eseunitai kanu abunere oyapiesi.,Ba ope memba kolosenini curu'do 'diyi dria ofisia ope
SALT-DEV-0079,dev,Ugandans are very hospitable people.,Bannayuganda bantu baaniriza nnyo.,Abanya Uganda n'efura.,Anywali lobo Uganda jolo dano i yo maber,Eraas itunga luko Uganda lu iyapepera.,Kari anzi Uganda ni 'diyi 'ba 'ba omu eyi aipi ayikosi ni eyi.
SALT-DEV-0080,dev,The district medical department carried out investigations about the yellow fever outbreak.,Ekitongole kya disitulikiti eky'ebyobulamu kyakoze okunoonyereza ku kubalukawo kw'omusujja gw'enkaka.,"Ekitongore ky'eby'amagara ekya Disiturikiti, kikakora okucondooza ahakubarukaho kw'omushwiija gw'enkaka.",Dul me distrik ma neno lok yoto kom otimo kwed i kom two yellow fever,Abu ewai lo amukian ko disitrikt itolot aingic nuikamunit abwangun naka eimidi loidosoikini akonye.,Arakala rua alata ni distrikiti'a ri 'ye e'yo eti ondaza e'dota azo yellow fever niri ni ma dria ra
SALT-DEV-0081,dev,He gave his employees Christmas bonuses for their hard work.,Yawa abakozi be akasiimo ka Ssekkukulu olw'okukola ennyo.,Akaheereza abakozi be enyongyeza za kurisimasi ahabw'okukora n'amaani.,Omiyo lutic mege pwoc me kwero karama pi tic matek magutimo.,Abu ngesi koinak ikeswamak ikapun kanuka ebaga naarai eswamatos kesi kagogong.,Fe 'ba azi'ba erini 'diyi dri atua Christmas niri yini azi ngale okposirisi.
SALT-DEV-0082,dev,The majority will have a chance to have their views represented.,Abasinga obungi bajja kufuna akakisa ak'okuba nti ebirowoozo byabwe bikiikirirwa.,Abaingi  nibaija kuheebwa omugisha kuheereza ebiteekateeko byabo.,Polgi bibedo ki gum me neno tamgi gicwalo anyim.,Edumunete luipu arereng naka aitetem nuewomitos kesi.,Ba karakarau nga drileba esu e'yo yi ma asiari ti pezu.
SALT-DEV-0083,dev,She was on her way to the hospital when she gave birth.,Yali agenda mu ddwaliro n'azaala.,Akabi agurimu arikuza aha eirwatiro obu yaazaara.,Dako onongo tye ka cito I ot yat I kare ma onywal.,Ejai ngesi orot alosit adekis kanu aidoun.,Erini osizurisi eri de i ma gerisi muria arojoa
SALT-DEV-0084,dev,The government has allocated funds to extend electricity to rural areas.,Gavumenti etaddewo ssente ez'okutuusa amasanyalaze mu bitundu eby'omu byalo.,Gavumenti etaireho sente z'okutwara amashanyarazi omu byaro.,Gamente oketo cente me tero mac elektriciti I kabedo me caro.,Itemokinit apugan ikapun kanu ayangar akim naka epiyei toma aiboisio nuka icaloi.,Gomete fe robia aci oseza 'diyi idrizu pari calu ri 'diyi ma alia ra
SALT-DEV-0085,dev,The political party lost half its members to its opponent.,Ekitundu kimu kya kubiri eky'abantu abaali mu kibiina ky'obufuzi ekyo baakivaamu ne beegatta ku kibiina ekirala.,Ekibiina ky'eby'obwebembezi kikaferwa ekicweka ky'abahagizi barikuza omu babeire babesimbireho.,Dul me cungu iwi bye ne orwenyo nucu pa wel lumemba meggi ki dul mukene mapyemo kwedgi.,Abu epate loetepegi kesi kotwakiasi imeebanakec luedolete atutubet kere.,Amuti nderi avi memba erini 'diyi kalafe nususi 'ba ageti otipi eri be 'diyi vu
SALT-DEV-0086,dev,We should keep our homes clean.,Tulina okukuuma amaka gaffe nga mayonjo.,Tushemereire kurinda amaka gaitu gari amayonjo.,Omyero wa gwok lengo i gangi wa,Ekot oni aidar ireria wok olaete.,Le ama ma mba aku amavile 'diyi ma ta alaru
SALT-DEV-0087,dev,They will have to choose sides.,Balina okulonda oludda.,Nibaija kutorana embaju.,Myero guyer tenge magimito.,Ibusakinit kesi aseun atutubet naekotosi kesi ajaut.,Eri nga le ma pe ega ci
SALT-DEV-0088,dev,The lockdown lasted six months.,Omuggalo gwamala emyezi mukaaga.,Akeeshereko kakamara emyezi mukaaga.,Lockdown orii pi dwe abicel,Abu agolokinio naka akwap oyangaik ilapio ikanyape.,E'yo 'bani afa dria ma ti opizu ci ri 'du imba azia
SALT-DEV-0089,dev,The whole world is in a pandemic.,Ensi yonna eri mu kirwadde bbunansi.,Ensi yoona eteganisiibwe oburwaire.,Wilobo weng tye kaneno can me poto pa two,Akwap kere eutas keda adeka.,Wudrikuru ndulu eri azo ma alia.
SALT-DEV-0090,dev,What is the agenda of this meeting?,Biki ebigenda okwogerwako mu lukungaana luno?,Orukiiko oru nirugyenda ruta?,Ngo makibuloko iwigi I kacokke man?,Inyoin bo ebeit aitetem kotoma airiamunet kana?,E'yo dri kulu dri fuza 'di niri a'dini?
SALT-DEV-0091,dev,Banks limited the amount of money given to the people because they lacked security.,Banka zaakendeeza ku muwendo gw'ensimbi eziweebwa abantu olw'obutaba na musingo.,Za banka zikaba niziheereza abantu esente nkye ahabw'okugira ngu tibaine musingo.,Bang gungolo wel cente ma dano omyero ogam pien onongo gipeke ki ngo me ajenga,Apotu banks itidisiasi etiai lo ikapun lu ijanakino itunga naarai amamiatatar kesi keda ayuara.,Erojo eyi 'baki robia 'ba eyini eco 'du loni ruri ma omgbo ci a'dusikuni eyivile afa eyini eco ayu loni 'duzu 'diyi yo
SALT-DEV-0092,dev,The officials explained that people only need skills to start up something beneficial.,Abakungu banyonnyodde nti abantu beetaaga obukugu okutandikawo ekintu kyonna ekibagasa.,Abakungu bakashoborora ngu abantu nibetenga emyoga yonka erikubabaasisa kutandikaho ekintu eky'omugasho.,Lutic guwaco ni lwak miro mere ka diro pi cako gin mo ma konyo,Apotu eswamak itatamutu ebe ekotosi itunga acoa kanu ageuna idiobore yen imedauni.,Azi'ba 'da eyi yo kini o'bi eyi le lu imbata eyini afa orodriru 'diyi e'dozu.
SALT-DEV-0093,dev,Telecom companies have simplified communication across the country.,Kampuni z'amasimu zigonzezza nnyo eby'empuliziganya mu ggwanga.,Kampuni z'ebyokuhurizingana zitaireho okorobya omu by'okuhurizingana omw'eihanga ryona.,Dul mapat-pat me cim otiko dwoko kubbe i lok yot tutwal I lobo ne.,Etapatanata ikampunin luka isimun epone loka einer kotoma akwap.,Amuti simu ni 'diyi fe e'yo o'duko eceza ni kari ma aliasi 'diyi 'bazu ewakokoru
SALT-DEV-0094,dev,She wants to go to the moon.,Ayagala kugenda ku mwezi.,Nayenda kuza aha kwezi.,En mito cito I dwe.,Ekoto ngesi alosit olap.,Eri le mu mba vu.
SALT-DEV-0095,dev,"Whenever she is scared, she shouts out loud.","Buli lw'abaako ky'attidde, aleekaanira waggulu.","Buribwakuba atiinire, nayombera ahaiguru","Ka lworo omakke, en dange ki dwan malongo.","Nedumunia ngesi akuriaum, egeuni ngesi ailulu.","Uri ka sa driasi eri nya 'bo, eri atre okposi."
SALT-DEV-0096,dev,Forgive me for leaving some of your questions unanswered.,Nsonyiwa olw'obutaddamu ebimu ku bibuuzo byo.,Onsaasire ahabw'okuha ebibuuzo byawe ebimwe omutwe.,Tima kica me weko lapenyi mogo ma pe agamo.,Kitimoi eong kanu mam abongokin aingiseta ace.,Etru ma ra mani zita mini 'diyi ma azi omvile kurisi.
SALT-DEV-0097,dev,Fatal accidents are common on busy roads.,Obubenje ddekabusa bungi nnyo ku nguuddo ezikozesebwa ennyo.,"Butandu ezirikufeeramu abantu, nizikira kuba aha nguuto.",Peko ma dano too iye ipol kare dwong igudi,Idilas akangasia nuarokok orotin luapolok.,Drileonzi wura onzi saaru 'diyi eyi 'ye saaru nzila 'bani ayu saaru 'diyi ma dria
SALT-DEV-0098,dev,Proper wheel alignment should be done every year.,Okutereeza obulungi emipiira gy'emmotoka kyetaaga okukolebwa buli mwaka.,Okutereeza orupanka rwa mootoka kishemeraire kuba kinkirwa buri mwaka,Yubu kit ma cuma tyen motoka ocungu kwede myero kitim mwaka ki mwaka.,Aiteten akeje nuka emotoka ibusakinit aswam kangolikaru.,Ba ma 'ye whili ma otuza kililiru eli vusi
SALT-DEV-0099,dev,There are many beaches on Lake Victoria.,Ku nnyanja Victoria kuliko emyalo mingi.,Hariyo emwanya mingi y'orubaju rw'enyanja ya Nyarubaare.,Ka ma dano yweyo iye wigi dwong mada i dog nam me Victorai.,Ipu idokena koicor loka Victoria.,Pari cinyaka driru 'diyi miri Victorianiri ma tia karakara.
SALT-DEV-0100,dev,The police can try to resolve conflicts between the husband and the wife.,Poliisi esobola okugezaako okugonjoola obutakkaanya wakati w'omwami n'omukyala.,Poriisi neebaasa kugyezaho kutereeza obwimukiriro ahagati y'omushaija n'omukazi.,Abili twero temo cobo kuku kuku matye ikin dako ki laco,Epedorete ipolisin aitam aitemokin ingungeta kiding ekilokit ka aberu.,Polisi eyi eco ngiringiri oku eyi ma eselea agupi beri otu ra
SALT-DEV-0101,dev,My car is very old.,Emmotoka yange nkadde nnyo.,Emotoka yangye ekuzire munonga.,Mutoka na otii tutwal,Emojongit emotoka ka.,Ma mutukari eri okpolo.
SALT-DEV-0102,dev,The discovery left many surprised.,Ekyazuulwa kyayanaamiriza bangi.,Ekyajumbwirwe kikareka bingi batangaire.,Ngec man omiyo ngeng bot dano mapol.,Apotu akiro ngun kisumokisi itunga noi.,E'yo tizu 'yeta nde ma dria ri fe yi ma karakarau dri eca osuta si
SALT-DEV-0103,dev,Women gender associations have been formulated in Uganda.,Ebibiina by'abakyala bigunjiddwawo mu Uganda.,"Ebibiina by'abakazi, bitandikirweho omu Uganda.",Dule ma neno lok pa mon tye i Uganda,Associations nu angor kes etolomun ko Uganda.,Ba e'do amuti pa tupi e'yo oku eyini si 'diyi kari Uganda niri ma alea
SALT-DEV-0104,dev,Empowering women encourages economic growth.,Okutumbula abakyala kukubiriza eby'enkulaakulana mu by'enfuna.,"Okwongyera abakazi amaani, nikireeta entunguuka.",Tyelo kor mon kelo dongo lobo,Aitigogong angor itopolori apol.,Ba erini tutuni oku eyi ma o'duko ezoanzi eyi pie ku e'yo peta ni 'diyi ma alea
SALT-DEV-0105,dev,My wife demanded that we buy a plot of land to build our own house.,Mukyala wange yampaliriza okugula poloti tuzimbemu ennyumba eyaffe ku bwaffe.,Omukazi wangye akanshaba tugure itaka twombeke enju eyaitu.,Dako mega orido ni myero wawil ngom me gedo ot mamegwa.,Abu akaberu kotema ebe ibusakinit sio agwelun epuloti loka alupok kasodete adukokin etogokosi.,Ma okuni le kini ama ma je angu lizani jo amani ama ngulupisi ni sizu
SALT-DEV-0106,dev,The area stinks because a sewage pipe burst this morning.,Ekifo kikyuuma kubanga omuddumu gwa kazambi gwayabise ku makya leero.,Omwanya nigunuka kubi ahabwokuba erupiira rw'oburofa rwashandaara omu kasheshe eraizooba.,Kabedo ne ngwece tye kaduny marac tutwal pien paipo me wot pa coron omwoc odiko matin.,Ebos aiboisit ngin naarai abu apaipo naka akipi nuecoloni kobwanga atupuruc na.,Angu nderi ni nguu a'disikuni payibu azakoza ni razuri afi obitirosi ni
SALT-DEV-0107,dev,How can I get new ideas?,Nsobola ntya okufuna ebirowoozo ebipya?,Nimbasa nta kutunga ebiteekateeko ebisya?,Atwero nongo tam manyen nining?,Eipone ali adumuna eong aomisio nuitetiak?,Ma eco egata o'diru 'diyi esu ngoniru?
SALT-DEV-0108,dev,The teachers should attend to the learner's needs equally.,Abasomesa balina okufa ku byetaago by'abayizi kyenkanyi.,Abeegyesa bashemereire kuhurikiza abeegi boona ebi barikwetenga batarikushoroora.,Lupwonye omyero gumii pwony ki lutino weng marom,Ekot esisianakinak aingaranakin esisiak ne ejaunor eipuda.,Le imba'ba eyi ma fe dri e'yo anzi onita onipi 'diyi niri ma dria trotro.
SALT-DEV-0109,dev,The Rwanda leadership now views Museveni as an enemy.,Obukulembeze bwa Rwanda bulaba Museveni ng'omulabe.,Abebembezi ba Rwanda obwahati nibareeba Museveni nk’omuzigu.,Lutela ma I Rwanda kombedi dong gineno Museveni calo lamone,Eseseni kwana engarenon loko Rwanda Museveni kwape lokasurup.,Drileka Rwandaari sa'disi Musevenii ni dre aribo ru
SALT-DEV-0110,dev,There is a meeting between sub-county extension workers and Village Health Teams.,Waliwo ensisinkano wakati w'abakozi b'e Ggombolola ne ttiimu z'ekyalo ez'ebyobulamu.,Hariho orukiiko rwabahingisa aha gomborora hamwe na tiimu y'abashaho baha byaro.,Kacoke moo tye ikin lumii ngec me pur ma nonge ikin gangi ki Lumii ngec me yot kom ma ikin gangi,Ejai airiamun kiding eswamak lu iyakiaritai otem keda ijaka lu angaleu kocaalo.,Mitingi azi azi'ba sabu kawunti ni 'diyi pi ma eselea amuti rua ala ni caloa 'diyi be ri ni mu drile
SALT-DEV-0111,dev,The hawker sells apples only.,Omutembeeyi atunda apo zokka.,Omuteebeyi naaguza za apo zonka.,Lacat ma woto awota-ni cato nyig yat apol keken.,Egwelanari etunganan ngol apples.,Ba afa ozip acizarurini lu apo yi ozi'i
SALT-DEV-0112,dev,She desperately wants to get married this year.,Ayagala nnyo okufumbirwa omwaka guno.,Naayendera kimwe kushwerwa omwaka ogu.,Nyakoni mito nyome I mwaka-ni.,Ekoto ngesi noi adukokin okaru lo?,Eri le ndra asi driasi agupi 'duzu eli 'disi ra
SALT-DEV-0113,dev,She welcomed them on the team.,Yabaaniriza ku ttiimu.,Akabaakyiira aha tiimu.,En ojologi I tim ne.,Abu ngesi kisukuny kesi otimu.,A'i yi amuti ongulumu ru ma dria ra
SALT-DEV-0114,dev,He services his loan through monthly payments that are collected by the bank off his salary.,Ssente zeyeewola azisasula buli mwezi okuva ku ezo bbanka z'esala ku musaala gw'afuna buli mwezi.,Nashaashura looni ye buri mwezi arikukozesa sente ezirikusharwaho baaka aha mushaara gwe.,En culo loan dwe ki dwe kun bank aye ngolo ki I mucara ma en nongo.,Etacenenei ngesi elonike itosomai eropitike loka angolilap loetubonorete luka aingadis naka ikapun.,Eri gbanza i vileri ma ti o'ba trayi ofeta mbavusi 'bani onze eri ma musaraasirisi
SALT-DEV-0115,dev,Don’t leave right now.,Togenda kati.,Otakagyenda eshaha ezi.,Pe iwek kombedi.,Sirikinyou kwape kwana.,Eku sawa 'disi ku
SALT-DEV-0116,dev,It is rare to find a father raising his children by himself.,Ssi kya bulijjo okusanga taata ng'akuza abaana be yekka.,Ti kirikwanguha okushanga omushaija arikweyororera abaana be.,Pe yot me nongo wego matye ka gwoko lutinone kene.,Mam etapit adumun papa loitopoli idwe ngesi bon.,Eri alaa ru ata ni anzi ezoria eri ngolopisi.
SALT-DEV-0117,dev,The rain hit me.,Enkuba yankubye.,Enjura ekanteera.,Kot ogoya adada.,Abu edou ikam eong.,Ozoo gba ma ra
SALT-DEV-0118,dev,The Queen of England first visited Uganda in one thousand nine hundred fifty four.,Nnabakyala wa Bungereza yasooka kukyalira Uganda mu lukumi mu lwenda ataano mu ena.,Omwigarire wa Bungyereza akabanza kutaayayyira Uganda omu mwaka gwa rukimi rwenda makumi atano nena.,Daker me lobo pa England olimo Uganda pi tyen me acel I mwaka alip acel ki miyabungwen ki pyerabic wiye angwen.,Abu akabaka nako England kipejok Uganda kokaru elukumit ediope akwatakanyaongon akaisakanyaongon iwongon.,Opi okuru Olayaniri emu okoni omuru Ugandaa alifu alu turu oromi kali towi drini susi
SALT-DEV-0119,dev,There was a fight yesterday.,Waabaddewo okulwanagana eggulo.,Habaireho endwano nyomwabazyo.,Lweny obedo tye laworo,Ajai bian ejie.,Aco azi aje ci
SALT-DEV-0120,dev,We have to rectify the mistakes that we made,Tulina okutereeza ensobi ze twakola,Twine kutereeza enshobi ezi twakozire.,Omyero wayub jami ma wabalo ikwo wa,Ekot oni aitemonokin adiakanareta nu iswama oni.,Le ama ma otu onzi amani 'ye 'diyi ra.
SALT-DEV-0121,dev,All pensioners should be given their money without fail,Bonna abalina okufuna akasiimo balina okuweebwa ssente zaabwe awatali kulemererwa,Abahumwire boona bashemereire kutunga esente zaabo.,Dano ma camo pension omyero gunong cente gi labongo keng,Ekot aijaikin eyengunak kere ikapun kec komam atwaniar.,Ba nga 'ba ndra azi nga'ba gamete ni di azi kupi ra 'diyi ma robia fe eyidri ecekokoru
SALT-DEV-0122,dev,The Criminal Investigation Department filed a case.,Ekiwayi ekikola ku kunoonyereza emisango kiwandiise omusango,Ekitongore kya poriisi ekirikukurira okucondooza kibahandiikireho orubanja.,Opici ma kwedo bal ocoyo koko me bal,Abu Atukot naka Abilak ikisila kipikakisi emusago.,Enyati e'yo azita onyoza ni 'diyi ma vuti ondaapiri nzi buku e'yo ondaza ni ma ti ra
SALT-DEV-0123,dev,He dragged his wife out of the house.,Yasika mukazi we n'amufulumya mu nnyumba.,Akakurura omukazi we mpaka aheeru y'enju.,En omako dakone ocore woko.,Abu ngesi kiruta akeberu kinga naka etogo.,Eri se i vile okuri jo ma aliarisi amve.
SALT-DEV-0124,dev,It is important to know the difference between campaigning and voting.,Kikulu nnyo okumanya enjawulo wakati w'okukuyega n'okulonda.,Nikikuru kumanya entaniso eri ahakuhagira n’okuteera akaruuru.,Pire tek tutwal me ngeyo apoka-poka matye I kin bito kwir ki bolo kwir.,Ejokuna noi ajenun atiaketait naejai kiding aise keda ekampein.,Eri orodri ru voti ondaza ma esele cozu voti 'beza be.
SALT-DEV-0125,dev,It is becoming expensive to live in Isingiro District.,Kyetaagisa ssente nnyingi okubeera mu disitulikiti y'e Isingiro.,Disiturikiti ya Isingiro n'ey'ebeeyi kugituuramu.,Kwo I dicitrwik me Isingiro obudoko tek tutwal pi wel cente mamalo mamitte.,Euta kwana etiai loka aijar apolor noi kodisitrikta loko Isingoro.,Eri curu'do eca aje ru aa zu Isingiro disitrikitia
SALT-DEV-0126,dev,This road was named after the first prime minister of Uganda.,Erinnya ly'oluguudo luno lyabbululwa mu linnya lya ssaabaminisita wa Uganda eyasooka.,Oruguuuto oru rukaheebwa eiziina ry'enganzi ya Yuganda eyabandize.,Kimiyo nying minista ma doro tic pa gamente I ot moko cik me lobo Uganda mukwongo bot yo gudu man.,Aponi omaikinai erot ngol ekiror loka eminisita loka apolon loko Uganda.,Ba 'da nzila 'di ma ru drile minista yini andra okori mu vutisi
SALT-DEV-0127,dev,The hospital has asked for five million Uganda Shillings to work on the patient.,Eddwaliro lisabye obukadde butaano obw'ensimbe za Uganda okusobola okukola ku mulwadde.,Erwariro ryashab miriyooni itaano za Uganda kujanjaba omurwire.,Ot yat ne openyo ciling milyon abic ka wek gitii I kom latwo ne.,Ekoto adekis imilioni ikany kanu aimuke adekak ngun.,Arojo a'i silingi milioni towi azi ngazi 'ba azoruri ma rua
SALT-DEV-0128,dev,Agriculture becomes difficult in dry areas.,Obulimi n'obulunzi bifuuka kuzibu mu bitundu ebirimu omusana.,Eby'obuhingi n'oburiisa tibyanguhi omu bwire bw'ekyanda.,Tic me pur tek totwal ikare me oro,Etionuni akoru aiboisio nu eokitos.,Agirikica ni eca ewaru angu a'wiru 'diyi ma alea
SALT-DEV-0129,dev,Some people lost their jobs and cannot provide for their families.,Abantu abamu baafiirwa emirimu gyabwe era tebasobola kulabirira ba mu maka gaabwe.,Abantu abamwe bakafeerwa emirimo yaabo tibakabaasa kureberera amaka gaabo.,Dano mogo orwenyo ticgi dong pe giromo gwoko gangigi.,Apotu icetunga kotwakiasi aswamisineikec ido mam epedoritos aigang lukokalekec.,Ba azi 'diyi avi azi yini ra azini econi afa fe familia yini 'diyi dri ku
SALT-DEV-0130,dev,Orphans should be guided and counselled.,Bamulekwa balina okulambikibwa n'okubuulirirwa.,Efuuzi zishemereire kuhaburwa n'okuhuumurizibwa.,Omyero ki mii tam ki lutino kic dok ki nyut it gi yoo maber,Ekot ikokiok aitodinokinio nuiswama ka aicor.,Le 'ba ma fe emvua anzi eyini imbata azini atita
SALT-DEV-0131,dev,Farmers can grow crops and rear animals at the same time.,Abalimi basobola okulima ebimera n'okulunda ebisolo mu budde bwe bumu.,"Abahingi nibabaasa kuhinga ebihingwa, kandi bagira n'amatungo aha murundi nigwo gumwe.",Lupur twero puru cam kibene gwoko lee,Epedorete akoriok akoru ikorion ka aipit ibaren apak adiope.,Ba amvu 'ya'ba 'diyi eco ori eyi ezo azini anyapa eyi ma ta mba sa'wa aluri ma alea ra
SALT-DEV-0132,dev,A new chairperson will soon be elected.,Ssentebe omuggya ajja kulondebwa mu bwangu.,Mukuru w'entebe omusya naija kuba yatooranwa juba.,Kibi yero won kom manyen cok coki,Eyapie aseun apolon eicolong loitetet.,Ba nga 'Bili ei o'diru ni pe mbeleru ra
SALT-DEV-0133,dev,"Of the two, who is fooling who?’",Ku bombi ani abuzaabuza munne?’,"Omuri babiri,nooha orikubeiha ondiijo?","I kin jo aryo egoni, anga matye kanywaro lawote?","Kotoma itunga ngul iarei, ingai bo euta aboliar jo?","Eri 'diyi ma eselea, a'dini a'dini ole ni?"
SALT-DEV-0134,dev,The wildlife day is celebrated on the third of June annually.,Olunaku lw'ebisolo lukuzibwa nga ssatu ogw'omukaaga buli mwaka.,"Eizooba ry'enyamaishwa, nibarijaguza ebiro bishatu, okweezi kwa mukaaga buri mwaka.",Nino me kwero kwo ma itim ki timo inino dwe adek me dwe me abicel mwaka ki mwaka,Inuminumio aparan na iboro kalu okitwi eraas auni olap lo ikanyetape kangol karu.,Ba anyapa asea 'diyi inzi imba azia mba o'du na si eli alu alu vusi
SALT-DEV-0135,dev,She was the first woman to wear trousers in this office.,Ye mukazi eyasooka okwambala empale mu ofiisi eno.,Akaba omukazi wokubanza okujwara empare omu ofiisi egi.,En aye obedo dako me acel ma ocako ruko long ki i opic man.,Arai ngesi aberu nasodit ainap edabada koyapesi kalo.,Eri ndra oku oko torozi supi ofisi 'di ma aliari'i
SALT-DEV-0136,dev,We work to better our standards of living.,Tukola okusobola okulongoosa embeera yaffe ey'obulamu.,Nitukora kureeba emituurire yaitu  yabonera.,Watiyo tic wek kwowa obed maber.,Iswamai sio kagogong kanu aikeun adoketait naka aijar.,Ama azi nga lezu idri nyaza amaniri otuzu.
SALT-DEV-0137,dev,My uncle gave me a wonderful present at my graduation party.,Kojja wange yampa ekirabo ekirungi ennyo ku mukolo ggwange ogw'amattikira.,Shwento akampeereza ekirabo kirungi aha mbaga yangye y'okujwara.,Nera omiya mic maber i nino me kwero tyeko kwanna.,Abu mamaika ijaik eong ainakinet naejok noi kotoma opucit loalomuna eong kosomero.,Ma adroyi fe mani afa feza ndrizaruni o'du ma vile omu oku suzuri nyazurisi
SALT-DEV-0138,dev,Only guests are expected to attend the ceremony.,Abagenyi abayite bokka be basuubirwa okujja ku mukolo.,Abagyenyi abeesirwe bonka nibo barikuteekwateekwa kuza aha mukoro.,Wele makilwongo alwongo keken mabibino I kwer ne.,Ipejok luenyaraunitai bon kesi ekotoi kojaikinos toma opucit.,Ba omvele omve 'diyi lu nga emu omua nderia ni
SALT-DEV-0139,dev,Partnerships are one of the benefits of being in a student association.,Emikago gye gimu ku miganyulo gy'okubeera mu bibiina by'obwegassi.,"Okukwatanisa, nigwo mugasho gw'okukora ekibiina ky'abeegi.",Kube ki dano mukene obedo gin acel ma dano matye i dul pa lutino kwan nongo,Aiswamanara nes adiopet kotoma ajokisio nu ajaut atukot naka esisiak.,Azi ngaza tualuri eri orodri aa'zu amuti sukulu anzi eyini 'diyi ma alea 'diyi ma azi
SALT-DEV-0140,dev,My father is in the army.,Taata wange ali mu magye.,Taata ari omumahe.,Baba na obedo lamwony,Ejai papaka ajore.,Ma ata ni asikaria.
SALT-DEV-0141,dev,Where is your belief?,Okukkiriza kwo kuli wa?,Ori munyikiriza eha?,Niye ni tye kwene?,Aibo ejai aiyuun kon?,A'itaa miniri ngua?
SALT-DEV-0142,dev,Why was the baby crying?,Lwaki omwana yali akaaba?,Ahabweki omwana yaba narira?,Pingo latin tye ka koko?,Kanukinyo autar ikoku aimony?,Odekua ri de owu a'di e'yosi?
SALT-DEV-0143,dev,Early child marriages have resulted in many girls dropping out of school,Okufumbirwa amangu mu baana kireetedde abawala bangi okuva mu masomero.,"Abaana okuza omu by'obushwere bakiri bato, nikituma abaishiki baingi baruga omu mashomero.",Nyomo lutino con oweko lutino mapol oweko kwan woko,Idwe alinganakin edukone ayangau apesur nuipu aibironor kosomero.,Ezoanzi karakara eyi ku sukulu ja e'yo eyini eyi 'duzu drioru risi.
SALT-DEV-0144,dev,My company rewards the best performing employees every year.,"Buli mwaka, kampuni mwe nkolera ewa ebirabo abakozi baayo abasinze okukola obulungi.",Kampuni yangye neehemba abakozi baayo abarikukora gye ibara mwaka.,Kampunina miyo mot pi jo ma gutimo maber mwaka ki mwaka.,Eropenenei ekampunika eswamak luajokak kakere kangolikaru,Amuti ma vilerini dria dria fe 'ba azi nga'ba onyiru ndeni 'diyi dri eli dria vusi.
SALT-DEV-0145,dev,The President was speaking during a meeting with the visiting Ethiopian Public Diplomacy Team.,Omukulembeze w'eggwanga yayogera mu lukiiko olwalimu abakungu okuva mu Ethopia.,Museveni abaire naagamba aha mukoro gw'okwakiira abajwekyerwa bakuru abataayaayire Uganda kuruga omuri Ethiopia.,President obedo ka lok  ikare me rwatte ki dul pa luwang lobo Ethiopia ma gubino kalim,Auta lokapolon akwap einer kotoma airiamunet keda Epejonon Loka Etiimu Loko Ethiopia.,Prisdent ri de e'yo nze drifuza amuti omu ru ojio o'bi Ethiopia 'diyi be ri ma alia
SALT-DEV-0146,dev,What is your profession?,Wakuguka mu ki?,Okashoma ki?,Diro me tic ango ma itye kwede?,Inyobo aswam kon?,Azi mini nga ri eri a'duni?
SALT-DEV-0147,dev,The committee members had a meeting.,Abatuula ku kakiiko k'oku ntikko baalina akakiiko.,"Bamemba bakakiiko, bakashutama.",Lumemba me committee gubedo ki kacoke,Apotu imeban luko okomiti ojaikinos airiamun.,Ba Komiti 'da ma alea 'diyi 'ye mitingi andru ra
SALT-DEV-0148,dev,The minister condemned the dispute.,Minisita yavumiridde obutakkaanya obwo.,Minisita ajumiriire omushango.,Minicta ne oyeto daa ne.,Abu eminisita kimik ecelet ngon.,Drile okalamvu gamete niri ni a'da e'yo 'ba yi ma eselia ri ma ale ra.
SALT-DEV-0149,dev,I am happy that my old friends finally fell in love with each other.,Ndi musanyufu nti mikwano gyange emikadde gyamaze ne gyagalana.,Nyine amashemererwa ahabw'okuba banywani bangye bakaheza bakundana.,Cwinya yom ni lurema ma con gitye imar,Eyalama eong naarai ipapero ka lumojong aminanaros.,Ma aꞌa ayikosi ma agyipi ndra oko ꞌdiyini ecazu agyiru yi ma eselearisi
SALT-DEV-0150,dev,Everyone should ideally take part in policymaking.,Buli muntu yandisaanye okwenyigira mu kubaga amateeka,Buri muntu ashemereire kwejumba omukukora ebiragiro.,Dano weng omyero obed tye ilok me yubu ki moko cik,Ekot nginitunganan kere ajaikina toma aitolomio na ainapeta.,Le te adanisi ꞌba dria ma adri egata ꞌduza ma alia ci
SALT-DEV-0151,dev,The constitution doesn't permit him to stand for the presidency after this election.,Ssemateeka tamukkiriza kuddamu kwesimbawo kuvuganya mu kifo kya pulezidenti oluvannyuma lw'okulonda kuno.,Konsitityushoni t'erikumwikiriza kwemereraho ahabwa purezidenti oburuuru obu ku buraahwe.,Penycik pe yee ni myero ocung me bedo ladit lobo ingee yer man.,Mam ekisil ecamakinit ngesi aibwo kwape lokapolon akwap akaulo naka aseo kana.,Azita kari ni ri le ni eri ni pa sozu kari ma drile dika opetaa'di ma vutia ku
SALT-DEV-0152,dev,That man is known for selling stolen goods.,Omusajja oyo amanyiddwa okutunda ebintu ebibbe.,Omushaija ogwo akira kuguza ebi aba aibire.,Laco meno ngene adada pi cato jami ma kikwalo akwala.,Ejenara etunganan ngol kanu agwelanar iboro luekokotai.,Ba ni agu nderi afa oguza 'diyi ma oziza ma e'yosi
SALT-DEV-0153,dev,He chose treatment with fewer side effects.,Yalonda obujjanjabi obutalina buzibu bungi.,Akatoorana omubazi ogutatikumuteganisa amagara,En oyero yat cango ma pe ki adwogi maroco mapol I nge tic kwede.,Abu ngesi koseun amukian namam eriebi noi.,Eri pe geri atitani suta kalasi ejipi cika wereri'i
SALT-DEV-0154,dev,Family planning services will be offered to females and adolescents in Northern Uganda.,Obuweereza bw'ekizaalaggumba bujja kuweebwa abakyala n'abaana abavubuka mu bukiikakkono bwa Uganda.,"Obuheereza aha nkora y'okuteekateekyera amaka, nibwija kuheebwa abakazi n'eminyeeto omukicweka ky'amatemba ga Uganda.",Gibimiyo kony me yoo me lago nywal pi mon ki bulu ma pwod tino ma itung kumalo me Uganda,Iwaitin luka alanakin aur kes eponio aijanakin angor ka atumunak ko Nyakoi nako Uganda.,Ba nga aro anzi esele coza ni omvele family planning ruri ni 'diyi fe oku eyini azini ezoanzi zopi zozo 'diyini kari Uganda niri ma woko oruleru ri ma alea
SALT-DEV-0155,dev,Uganda has inadequate resources.,Uganda terina ssente zimala.,Eihanga rya Uganda tiryeine eby'okukozesa birikumara kwongyera aha bugaiga bwaryo.,Uganda pe the ki lim ma oromo.,Ejaasi Uganda keda iboro lumam edolete.,Afa lonyiru Ugandaa 'diyi cani ku
SALT-DEV-0156,dev,Her neck was hurting because she slept in the wrong position.,Ensingo yali emuluma kubanga yali yeebase bubi.,Amaraka nge gakaba ningamushasha ahabwokuba akabyama kubi.,Ngutte obedo ka remo pien en onino latungcel.,Ariebi ngesi emurusing naarai eperit ngesi erono.,Eri ma ombele ri susu a'disiku la i kala onzi ma dria.
SALT-DEV-0157,dev,She sued the contractor over the badly made roof on her house.,Yawaabidde eyaweebwa ttenda olw'akasolya k'enju ye akabi akaakolebwa.,"Akahababira owaabaire apateine, ahabw'okushakaara kubi enju ye.",En odoto company me gedo pi bati ma kiyubu marac iwi ode,Abu ngesi iwosa adukon kanu aiduk atuluru na etogo ke erono.,Eri to 'ba jo sipiri geri onzi 'bani eri ma jodri sizu risi.
SALT-DEV-0158,dev,Four sub-counties in Arua will participate in the project.,Emiruka ena mu Arua gijja kwetaba mu pulojekiti.,"Amagomborora ana omuri Arua, nigeija kwetaba omu purogyekiti.",Sub kaunti angwen i Arua gubi bedo i projek eni,Itemwan iwongon luko Arua kes epote ajaikin toma opurojekt,Joago su Arua 'diyi mu 'yeta 'ye otita 'da ma alea ni
SALT-DEV-0159,dev,Many youths have started selling foodstuffs.,Abavubuka bangi batandise okutunda emmere.,Eminyeeto mingi etandikire kuguza eby'okurya.,Bulu mapol gucako cato jami acama,Ageutu atumunak luipu agwelanar inyamat.,Ba ode karakara eyi e'do curu'do nyaka ozi 'bo
SALT-DEV-0160,dev,The confusion in the elections has left me wondering if we have the best leaders.,Okubuzaabuzibwa mu kulonda kundese neewuunya oba nga tulina abakulembeze abalungi.,Okuburabuzibwa omu karuuru kindeteire okwebuuza yaaba twine abeebembezi barungi,Kuku-kuku mubedo tye iyer mukatoni oweko pwod atye ka tam kace watye ki lutela maber,Eiguro lo ejai aseo alakaki eong abuonokin arai ija oni keda engarenok luabeit.,Abaza opeta 'diyi ma alea ri ku ma egata be tre kani drice'ba amavile 'diyi drice'ba kilili ndeni diyi yari.
SALT-DEV-0161,dev,The government advocates for Universe Primary Education.,Gavumenti eyagala abaana ba pulayimale bonna mu ggwanga basome.,Gavumenti n'ehabura abantu kukoresaka boona bashome omuri purayimare.,Gamente tye ka cuko cwiny lutino me Kwan lumuko pi kilac acel me oo I abiro.,Euta apugan aitopolorit asioman naka atitai naka epuraimare.,Gameteni okpo 'ba onita 'ba driasiri Universal Primary Education ma dria.
SALT-DEV-0162,dev,My daughter loves painting leaves.,Muwala wange ayagala okusiiga ebifaananyi by'ebikoola.,Muhara wangye naakunda okutona amababi.,Nyara maro wero cal pot yat.,Emina akooka aicul akwii.,Ma zi le pati bi ma e'da ogbaza saaru
SALT-DEV-0163,dev,The baby cried when I was leaving home.,Omwana yakaabye bwe nnabadde nva awaka.,Omwereere akarira obwo ndiyo ninza kuruga omuka.,Latin okok I cawa ma atye ka aa ki gang.,Abu ikoku komony nanyounia eong kore.,Odekua nderi owu te mani aku kuzurisi ra
SALT-DEV-0164,dev,The public needs awareness on how to maintain a healthy body.,Abantu beetaaga okumanyisibwa ku ngeri y'okukuumamu emibiri nga miramu,Abantu baine kumanya oku bashemereire kurinda amagara gaabo.,Dano mito ngec malube ki kit me gwoko komgi bedo ma yot,Ekotos itunga aisisianakino kanu aidar akwan ongalei.,O'bi eyi le imbata geri eyini ecozu eyi rua ta mbazu alaru 'diyi ma dria ra.
SALT-DEV-0165,dev,Child labor and child marriages are forms of child abuse.,Okukozesa abaana abato emirimu n'okufumbiza abaana abato bye bimu ku bintu ebityoboola abaana.,Okukoresa abaana n'okubahingira bakiri bato n'emwe aha miringo y'okutuntuza abaana.,Tic ki lutino matino me nongo cente ki nyomo lutino matino gubedo yo mogo me turo twero pa lutino.,Etosomae loegogong keda amanyanar idwe eraasi iponesio luka amoromor idwe.,Mva 'bazu azia azini mva fezu aje ma alia de elini cani kururi geri mva enzazuri ma azini
SALT-DEV-0166,dev,"I am still reasonably quick, even on a rim.",Era nkyavugira ku sipiidi wadde nga nvugira ku lupanka.,"Kyayine omutsindo  ogurikwetagitsya ,naha rusinga .","Pud atye ki dwiro, kadi iwi tyen motoka ma otuc.",Aringa eong eswamai katipet karaida erono ejauteneka.,"Ma nga kiri nzuria mbele mbele, ta tro rimu driasi ti."
SALT-DEV-0167,dev,School children who eat porridge during lunchtime doze during afternoon lessons.,Abaana b'essomero abalya obuugi mu budde bw'ekyemisana basumagirira mu masomo g'akawungeezi.,"Abeegi abarikunywa obuhunga omu shaaha za kyamishana, nibagwejegyera omu kibiina  omu shaaha z'eihangwe.",Lutino kwan ma mato nyuka icawa abiro pole gibedo ka nino iot kwan I otyeno,Idwe lu esomero lu emasete akuma paran ejotonoros atukot ebong.,Sukulu anzi e'di mvupi sa'wa azia si 'diyi o'du ko imbata etusi 'diyi ma alea.
SALT-DEV-0168,dev,The fans intend to buy a bus for the club.,Abawagizi baagala kugulira kibiinja bbaasi.,"Abarikukunda omupiira, nibateekateeka kugurira kiraabu baasi.",Lucwak tuku mito wilo bac pi lutuku,Ekotos amaak agwela ebasi kanuka ekilabu.,Ba atita fepi 'diyi le basi je amuti mupira tuza avipi 'da ni
SALT-DEV-0169,dev,The neighbor's hut had been completely washed away by the flood.,Akasiisira ka muliraanwa konna kaakulukusibwa amataba.,Akafuuha ka muriranwa waitu koona katwirwe omutunga.,Ot lum pa jairano omol ki pii ma opong.,Abu ebulone kotia etogo loka eidunyeteka.,Yi tizari e'bi jo ejele vile jo nguluari oji de teketeke 'duzu ra
SALT-DEV-0170,dev,The auditor general will monitor the allocation of funds,Omubalirizi wa gavumenti ajja kulondoola engabanya y'ensimbi.,"Omubazi w'ebitabo omukuru, naija kurebuuza enshohoza",Langii kor tic ki cente pa gamente bi neno kit ma poko cente woto kwede,Ebeit auditor general aimaniman akorio na ikapun.,Agu azipamvu andipiri ni nga sende ayuza ma e'yo one ni.
SALT-DEV-0171,dev,We will be harvesting wheat next month.,Tujja kukungula engaano omwezi ogujja.,Nitwiza kushaaruura engano omu kwezi okurikukurataho,Wabikayo bel cayiri idwe mabino.,Ebeiti sio aisak akima olap ngol.,Ama nga nganu oku mba drusirisi.
SALT-DEV-0172,dev,Tree planting is good for honey production because it provides a suitable environment.,Okusimba emiti kirungi mu nfulumya y'omubisi kubanga kissaawo embeera ennungi.,Okuhinga emiti nikurungi omu kuhakuura obwoki ahabw'okuba emiti n'obutaaho burungi.,Pito yen obedo yoo me tyelo kor gwoko kic pien miyo kabedo ma opore,Aira ikito ejok kanu aipit awo naarai ijaikit ejautene kere lo ekot awo.,Pati saza eri muke anyusu edeza ni a'dusikuni eri angu kililiru ri fe
SALT-DEV-0173,dev,Boxing is now an internationally recognised sport.,Ebikonde kati muzannyo ogumanyiddwa mu nsi zonna.,Ebikonde obwahati n'omuzaano ogurikumanywa omu mahanga goona,Dongo gum onyo boxing dong tye tuku ma gingeyo iwilobo kulu,Erai ainang egumu abolia na ejenara.,Aco cole drisi ri eri curu'do avita azi nile wudrikuru si ni i.
SALT-DEV-0174,dev,What are the signs of malaria?,Bubonero ki obulaga omusujja gw'ensiri?,Obubonero bw'omushwiija gwensiri nibuuha?,Lanyut me two malaria en aye ngo?,Anubo ijenuneta luka eimidi?,Wura azo corona niri ni i e'dazu 'diyi ngoni?
SALT-DEV-0175,dev,More court sessions are yet to be conducted.,Entuula za kkooti endala zaakutuula.,Kooti tekagarukire kushutama emirundi endiijo.,Pwod pe ki winyo lok mapol i court,Eringa apupio na imusagon kalu ipu.,Ba nga mu e'yo eriza kotia ri ma azi eyi 'ye drile
SALT-DEV-0176,dev,Banks are helping in the development of health care.,Amaterekero g'ensimbi gayamba mu kukulaakulanya ebyobulamu.,Za banka nizihwera omukutunguura ebyamagara,Banks tye ka miyo kony i yo me dongo lok me yot kom,Ingarakitos banks aitopolorite nuka angaleu.,Erojo eyi azakoma fe arojo eyi ma ezoma ni
SALT-DEV-0177,dev,We have big rooms in this hotel.,Tulina ebisenge ebinene mu wooteeri eno.,Twine ebishengye bihango omu buraaro obu.,Watye ki tyelo madongo i hotel eni,ija iso keda agolaik nuepolok ko owoteri kalo.,Rumu ambo eyi amavile hoteli 'di ma alea ci
SALT-DEV-0178,dev,Leaders and people should be sensitized and alerted for immediate response.,Abakulembeze n'abantu balina okutegeezebwa n'okutemezebwako okusobola okudduukirira mangu .,Abeebembezi bashemereire kwegyesibwa kandi bakagambirwa eki bashemereire kukora aho naaho.,Omyero ki rwee lutela ki lwak i kom ngo me atima,Ekot aicor engarenok keda itunga kanu akapakina.,Le 'ba ma fe imbata drice'ba eyini o'bi eyi pie dika 'ba ma olu e'yo eyi ma tia 'bani ani ecozu e'yo eyi ma aza kozu mbeleru.
SALT-DEV-0179,dev,People should report anyone who owns a gun without a license.,Abantu bateekeddwa okuloopa omuntu yenna ayina emmundu nga tayina layisinsi .,Abantu bashemereire kuhayo omuntu weena oine embundu etaikiriziibwe.,Dano omyero gudot ngat mo keken ma tye ki muduku labongo licenc,Ekot itunga alimor lu edakitos imudun komamete alasisin.,Le 'ba eyi ma toki 'ba dria osu be te kokobi kokoru 'diyi ra
SALT-DEV-0180,dev,He is his father's successor.,Ye musika wa Kitaawe.,Niwe musika w'ishe.,En tye lalako pa wone.,Erai ngesi emusikake papake.,Eri I'ma ati ma pari 'du ni
SALT-DEV-0181,dev,Her conversation was too complicated.,Bye yali ayogerako byali tebitegeerekeka bulungi.,Ekigaaniiro kibaire kigumire.,En boko lok kwede tek mada.,Ationo noi amisikin akiroke.,E'yo erini onze 'diyi mpazaru.
SALT-DEV-0182,dev,Different chemicals used in spraying have different durations of effectiveness.,Eddagala ery'enjawulo erikozesebwa mu kufuuyira limala ebiseera bya njawulo nga likyakola.,Emibazi etari emwe erikukoresebwa omu kufuuhirira eine obwire butari bumwe na bumwe obu erikukoreramu gye.,Yat mapat-pat makitiyo kwede me akira bene tye ki kare me ticgi bene mapat-pat.,Ikee luegelegela luitosomao kotoma aisik ejaasi keda iponesio nuegelegela nuiswamata.,Aro esele ndu ndu a'yule afa ogbizuri  ma  o'du yini ovuzu okpo beri vini ndu ndu.
SALT-DEV-0183,dev,Schools should punish indisciplined students.,Amasomero galina okubonereba abayizi  abatalina mpisa.,Amashomero gashemereire kufubira abeegi abaine engyesho mbi.,Gangi kwan omyero gumi pwod ki lutino ma pe woo,Ekot isomeroi aitisilar idwe lu ediakanarete.,Le sukulu eyi ma fe panga sukulu anzi drionziru 'diyini
SALT-DEV-0184,dev,The bridge helps us cross the river easily.,Olutindo lutuyamba okusomoka amangu omugga.,Orutindo nirutwanguhiza okucwekanisa omugyera.,Wii pem konyo wa ki ngolo nam,Ingarakit oni edaraca kanu atubonoror ocilet apatanu.,Daraza eyi ama aza ko yi rapi rara 'diyi alizu ewakokoru
SALT-DEV-0185,dev,There are floods in Arua district.,Waliyo amataba mu disitulikiti ya Arua.,"OmuriArua disiturikiti , hariyo amataba.",Pii omol madwong I Arua,Epol ebulone ko Arua.,yi tiza Arua disitrikitia ci.
SALT-DEV-0186,dev,Children make friends through socializing.,Abaana bakola emikwano bwe babeera n'abalala.,Abaana nibakora amanywani baaba nigaita naabo.,Lutino nongo lurem i yoo me tuku I kingi.,Edumununete idwe ipaper kotoma aupanena.,Anzi nyiri yi agyi 'ba geri ovuzu yi ma eselearisi
SALT-DEV-0187,dev,Every game has rules that must be followed.,Buli muzannyo gulina amateeka gaagwo agalina okugobererwa.,Ibara muzaano gwine ebiragiro ebikuratirwa omumkuguzaana.,Tuko ducu tye ki cik ma myero gulubi,Aboliasio luipu ejaasi keda ikisila luibusakini aitupu.,Avita dria ovu azita 'bani vutini obi 'diyi pie
SALT-DEV-0188,dev,He is a leader of an international organization.,Mukulembeze mu kibiina ekimu eky'ensi yonna.,N'omwebebembezi w'ekigombe /ekitongore ky'ensi zoona.,En tyeladit tic pa dul ma gitiyo I wilobo ducu.,Erai ngesi engarenon loka atukot naka akwapin kere.,Eri drileka amuti azi ngapi wudrikurusinini'i
SALT-DEV-0189,dev,Road networks improve the transport sector.,Enguudo zongera ku mutindo gw'entambula.,Enguuto nizitunguura ebyengyenda.,Yoo mabeco medo rwom me wot ki kube ikin dano,Itojokaritos irotin nuka elose.,Nzila eyi geri ndundu acizu 'diyi otu.
SALT-DEV-0190,dev,We have several gospel artists in Uganda.,Mu Uganda tulina abayimbi bangi abayimba ennyimba z'eddiini.,Omu Yuganda twinemu abeeshongozi b'ebyeshongoro by'ediini bingi,Watye ki lugo wer lega mapol I lobo Uganda.,Ipu oni keda ayook ikososinei luka edini koUganda.,Ama vu 'ba edeta e'yo barini ngopi 'diyi Ugandaa karakara
SALT-DEV-0191,dev,The community was happy and excited about the donation they received.,Abantu baali basanyufu olw'obuyambi bwe baafuna.,Abantu bakeshemererwa ahabw'ebintu ebi batungire.,Cwiny dano obedo yom pi jami ma kimiyo itgi,Eyalamasi itunga kanu agangat na apotu kesi odumutu.,Ayiko fu 'ba ongulumu 'da ma alea 'diyi afa eyini esu 'diyisi
SALT-DEV-0192,dev,Is targeted information necessary for democracy to function?,Okulondamu obubondo kigasa demokulasiya okukola?,Amakuru agagyendereirwe nigahwera obugabe bw’okusharamu kutibwa omu nkora?,Lok angeya ma kiyero ni mono be pi loc alwak?,Eraasi kereka akiro nuekotoi aitolomun nuejokuka kanu aseun nuekotosi itunga?,E'yo 'ba o'duko eceza niri ma 'eyo 'duzu opezaru ri onyiru e'yo democratia niri ni ecozu azi ngazu?
SALT-DEV-0193,dev,Women are still unfairly represented in leadership positions.,Abakyala era tebannakiikirirwa bulungi mu bifo by'obukulembeze.,Abakazi n'obwahati tibarikujwekyerwa kurungi omumyanya y'obwebembezi.,Mon pwod pe kitye ka cung itgi maber itela,Eringa angor mam ebwoikitai ejok kaiboisio nuapolok.,Omgbo oku eyini patuzu pari driceza ni 'diyi ma alea ri nga po'di were
SALT-DEV-0194,dev,The press is covering the election activities.,Amawulire gali mu kukwata ebiri mu kukolebwa mu kulonda.,"Abanyamakuru, bariyo nibakora aha mirimo y'akaruuru.",Odi poko ngec gi tye ka mako ngo matye ka time I bolo kwir,Ejaas lu iyemuto airot nuka aseo.,Ba osisia ni 'diyi e'yo laza tra 'yeta opeta ni 'diyi ma dria.
SALT-DEV-0195,dev,Highway truck drivers have a lot of experience.,Abagoba ba biroole abavugira ku nguudo ennene balina obumanyirivu bungi.,Abavugyi abebimootoka ebihango beine obukugu bweingyi omukuvuuga.,Ludwo lori I gudu madongo tiyo tutwal ki diro kacel ki ngec macon magitye kwede.,Iderepan luka amotokan luapolok ejaasi keda amisiarit naepol noi.,Dereva lori ti oji'ba 'diyi ma onita lori onzuzuri angiri tu
SALT-DEV-0196,dev,He partnered with his friend to start a business.,Yeegatta ne mukwano ggwe ne batandikawo bizineesi.,Akeegiita na munywani we kukora bizinesi.,Gin guribo cingi ki lawote ci gucako biacaragi.,Abu ngesi kimorikikinos keda opaperoke kanu ageun ebiasara.,Eri ati i eri ma agyi be tujara e'dozu
SALT-DEV-0197,dev,How can we fight crime in society?,Tuyinza tutya okulwanyisa obumenyi bw'amateeka mu bitundu?,Nitubaasa kurwanisa tuta ebihagaro omu bantu?,Watwero juku timo bal ikabedo wa i yo mene?,Eipone ali itijio oni ebenyit kotunga?,Ama ecoki a'di 'di e'yo onzi be ongulumu eyi ma alea geri ngosi?
SALT-DEV-0198,dev,This development comes two months since the mobile maker listed its shares,Enkulaakulana eno ezze emyezi ebiri oluvannyuma lw'abakozi b'amasimu lwe yafulumya emigabo gyayo.,Obuheereza busya obu butandikireho ameezi abiri kuruga obu kampuni erikukora esimu yaata emigabo yaayo aha katare.,Man obino yonge dwe aryo cako ma layub cim enoni oketo cat me but dulgi I cuk (share).,Ebuni aitipolooret na ilapio iarei ageun nalimunia eswamam esimu nuebeitos nges.,E'yo 'di eca de mba eri vutia esu de okalamvu simu nde edepiri e'da sende omgbo I vilealeru ri ngopiyari 'bo.
SALT-DEV-0199,dev,Why are some kingdoms no longer in existence?,Lwaki obwakabaka obumu tebukyaliwo?,Ahabweki obugabe obumwe tibwakiriho?,Pingo ker mogo dong orwenyo woko i kareni.,Kanukinyo emameototor bobo ajakanuto ace?,Kari azi 'diyi asi yo a'di e'yosi?
SALT-DEV-0200,dev,Seven billion Ugandan shillings were allocated to construct a new airport in Hoima.,Obuwumbi musanvu obw'ensimbi za Uganda bwateekebwawo okuzimba ekisaawe ky'ennyonyi e Hoima.,Biriyoni mushanju omu sente za uganda zikateebwaho kwombeka ekishaayi ky'enyonyi Hoima.,Ki miyo ciling bilion abiro me gero bar dege manyen I Hoima.,Aponi itemokinai ibilionin ikanyarei kanu aiduk esawe loka idegei loitetet koHoima.,Ba 'ba silingi Ugandani bilioni aziri ndege pari o'diruni sizu Hoimaa ra
SALT-DEV-0201,dev,How many quizzes have you taken so far?,Waakabuuzibwa emirundi emmeka kati?,Ebibuuzo ebi oherize kukora nibingahi?,Dong itimo peny adi?,Aingiseta adi iyanga ijo kopana?,I 'ye ca obeta eyi si?
SALT-DEV-0202,dev,Each car is only allowed to carry three passengers.,Buli mmotoka ekkirizibwa kutwala basabaze basatu.,Buri mootoka neyikirizibwa okutwaara abashabazi bashaatu,Kiyee ki motoka weng acel ki acel me tingo dano mukene adek (mapat ki ladwoc).,Ecamakinitai kangolimotoka ainap itunga iuni bon.,Ba fe mutukari alu alu ma 'du 'ba yi na
SALT-DEV-0203,dev,Senior religious leaders ordain new ones into ministry.,Abakulembeze b'ekkanisa abakulu battikira abapya mu buwereza.,"Abebeembezi b'ediini abakuru, nibajweka abasya omu buheereza.",Lutela me dini ma dong gidongo aye wiro lutela manyen,Engarenok luapolok itolomunete luitetiak toma alimonokin.,Drice'ba e'yo aitanisi azi ngapi sa'wa ezu 'bo 'diyi dri ti azi o'diru 'diyi ma dria azi ngazu ni
SALT-DEV-0204,dev,It is absurd that people are still dying of diseases which are preventable.,Kya nnaku nti abantu bakyafa endwadde ezeewalibwa.,N'eky'obusaasi okureeba ngu abantu bakiriyo nibeitwa endwara ezirikubaasa kuzibirwa.,Winye marac ni dano madwong pwod tye ka too macalo adwogi me twoo magenge,Eraas nu ican ebe erongo itunga etwakete kotoma adekasinei nu epedorio aitikitik.,Eri candiru o'bi eyini nga kiri odrazu azo 'bani ecole atri ra 'diyisi.
SALT-DEV-0205,dev,More people are embracing new products and services on the market.,Abantu abalala baanirizza eby'amaguzi ebipya n'obuweereza ku katale.,Abantu beyongyeire okutunga ebintu bisya n'obuheereza bw'akatare.,Dano mapol gitye ka jolo jami ki kony manyen matye icuk,Itunga luipu adumutu iboro luitetiak ka aijanakino kosokoni.,Ba karakara eyi atita fe afa ozizaru efupi o'diru cu'a 'diyini
SALT-DEV-0206,dev,The district needs to provide safe and clean water for the people.,Disitulikiti yeetaaga okuwa abantu amazzi amalungi era amayonjo.,Gavumenti eshemereire kutungira abantu amaizi marungi agataine kabi.,District omyero onong yo me miyo pii maber dok maleng bot lwak,Ekot edisitrikt adumakin itunga akipi nu ejokuka olaete.,Distrikiti 'da le geri yi ala esuzu 'diyi fe 'ba 'da eyini
SALT-DEV-0207,dev,Beef and milk prices have been affected.,Emiwendo gy'ennyama n'amata gikoseddwa nnyo.,Emihendo y'enyama y'ente hamwe n'eyamate ekagwa.,Wel ringo ki cak oballe tutwal.,Amunaaros itiaisinei luka akiring keda akile.,Aje za pini lesu 'be ri eza yi ra
SALT-DEV-0208,dev,The refugees complained that they cannot afford simple basic needs for their families.,Abanoonyi b'obubudamo beemulugunyizza nti tebasobola kwetuusaako wadde obuntu obutonotono ab'omu maka gaabwe bye beetaaga.,Empungi ninzetomboita ngu tinzirikubaasa kweyitsyaho ebyetango by'omuka.,Lunring ayela guwacci gipe ki kero me nongo kadi gin mo manok me kwogi.,Apotu ikerai kongurianata ebe mam kesi epedoritos adumun iboro luapolok luipudasi ikaliakec.,Emunyale nde 'diyi ota kini yi econi afa idrini tokoa 'diyi si familia yini 'diyi dri ku.
SALT-DEV-0209,dev,His friend is a police officer.,Mukwano gwe misirikale wa poliisi.,Munwani we ni omupooriisi.,Lareme tye abili.,Erai epaperoke epolisit.,Eri ma agyini azi'ba polisinini'i
SALT-DEV-0210,dev,Who is the police spokesperson?,Ani mwogezi wa poliisi?,Omugambirizi wa pooriisi ni oha?,Anga ma obedo lalok pi abili?,Ingai bo eraban loka ipolisin?,Ba anzenzeani polisiniri a'di'i
SALT-DEV-0211,dev,Our manager resigned from his position last week.,Maneja waffe yalekulira wiiki ewedde.,mukuru weitu akahuumura aha murimo gwe esande ehwiire.,Ladit wii ticwa oweko tic cabit ma okato.,Abu eyaitonikosi kiyengu kotoma aswamuke osabiti je.,Ama vile ''ba azi ocepiri so pa va pari ini aziniriarisi sabiti ajerisi.
SALT-DEV-0212,dev,The destruction of the environment affects the ecosystem and water retention.,Okusaanyaawo obutonde bw'ensi kikosa ebintu ebiberamu n'enkuuma y'amazzi.,"Okusisikara kw'obuhangwa bw'ensi, nikireeta oburemeezi ahabintu ebirikutuuramu hamwe n'okukwata amaizi.",Balo kabedo wa dwoko piny kero pa ngom me gwoko pii,Amunario naka ejautene lo akwap emunari aijar na iboro luegelegela ka aikidiokor na akipi.,E'yo angu amani aa'zu alenia ri ezazu ri ni afa oli mukeri edepiri 'ye onzi tualu yi tambaza be
SALT-DEV-0213,dev,Today's news was annoying.,Amawulire ga leero gabadde ganyiiza,Amakuru g'erizooba gaaba niganyiizya.,Lok angea matin okelo akemo tutwal.,Iyemuto lualolo araasi luitakadikinete.,E'yo laza o'duko efu'ba 'diyi aukoru
SALT-DEV-0214,dev,The president addressed issues on security in the country.,Pulezidenti yayogera ku nsonga z'eby'okwerinda mu ggwanga.,Purezidenti agambire aha biri kufa ahaby'okwerinda  omu ihanga.,Preciden oloko I kom peko me tim bal mapol matye ka time I lobowa.,Abu lokapolon akwap iner akiro nuikamunitos ayuwara kotoma akwap.,Prisdent nze e'yo e'yo agei temani kari ma aliari ma dria
SALT-DEV-0215,dev,Her mother gave us a bunch of carrots.,Maama we yatuwa ekinywa kya karoti.,Nyina akatuha amukuku gwa za karoti,Mine ominiwa karot me acama.,Abu totoke koinak sio ikarots luipu noi.,Eri ma andri fe amani carrots ombezaru alu.
SALT-DEV-0216,dev,The president of the football council has promised that the matches will run smoothly.,Pulezidenti w'ekibiina ekiddukanya omupiira yasuubizza nti emipiira gijja kutambula bulungi.,Mukuru w'akakiiko k'omumpiira gw'ebigyere  araganisize ngu emimpiira neza kugyenda gye.,Ladit ma doro wi tuko odilo ocikke ni tuko odilo obiwoto maber.,Esumunik engarenon loka emopira ebe epote aboliaso ajaaikin omamei aitolotoleta.,Prisdent council amuti mupira tuzaniriniri so oyo kini abala avizani nga aci e'yo kokoru.
SALT-DEV-0217,dev,Some prisoners were killed on the spot while others succeeded in their attempt.,Abasibe abamu baabattirawo so ng'abalala bawangula mu kikolwa kyabwe.,"Abasibe abamwe, bakeitwa ahonaaho barikushohora, kandi abandi bakabaasa kutoroka.",Mabuc mukene ki neko gi ikare me lwi ento mukene ongweco,Aponi icie iwenan oyarai kanepekanen kosodete icie apedor akerite.,Ba o'di aru azi 'diyi 'da ogogo te azi 'diyi apa nyingirikiki.
SALT-DEV-0218,dev,An orphaned girl I care for was raped at the age of three.,Omuwala mulekwa gwe ndabirira yakabasanyizibwa nga wa myaka esatu.,Efuuzi ei ndikureeberera akahambwa aha myaka eshatu.,Kimako latin kic mo me mwaka adek ma agwoko me butu kwede tek-tek.,Akoki naedari eong aponi kobuwoi aisiyol naarai ikar iuni.,Ba bi zamva azi emvuaru mani asizuni lazu okpo alia de elini na.
SALT-DEV-0219,dev,Why do some court cases take so long?,Lwaki emisango egimu girwawo nnyo mu kkooti?,Ahabwenki emishango ya kooti emwe neetwara obwire?,Pingo lok mogo tero kare malac ka gikelogi I nyim kot.,Kanukinyo eyangaikiniata imusagon luipu aojau naepol.,Kesi dwania 'diyi ama zi yi nga sawa 'du ezuru a'di ma e'yosi
SALT-DEV-0220,dev,Farm work is so tiresome.,Emirimu gy'omu faamu gikooya nnyo.,Emirimo yaaha faamu nerutsya.,Tic i fam olo dano mada.,Erai aswam naka amisir naepol apason.,Azi ngazu ori ezozaniri anderu tu
SALT-DEV-0221,dev,Most of the trees in the area have been cut down for timber.,Emiti egisinga obungi mu kitundu ekyo gyatemebwa okusobola okufunamu embaawo.,Emiti emingi bagitemire kukora embaho.,Kingolo pol yadi me kabedo ne me baro bao.,Etubitubitai ikito luipu luka aiboisit kangin kanuka abawoi.,Ba oga pati angu nde ma alia 'diyi ma pari bawu fazu
SALT-DEV-0222,dev,Joy and happiness are all I need.,Kye nneetaaga kyokka kwe kufuna essanyu.,Amashemererwa nikyo kyonka ekyi ndikwenda.,Yom-cwiny en aye gin ma amito,Aiyalama keda ailel ngesi ibore bon yenepuda eong.,Ale lu ayikoni.
SALT-DEV-0223,dev,The leaves of the plant have been affected by the disease.,Ebikoola by'ekimera bikwatiddwa obulwadde.,Amababi g'ekimera gasisirwe endwara.,Pot cam man tye ma two omako woko,Esurokit akwii nu iraasit adeka.,Ebikobi ori 'di vu 'diyi esu azo 'bo.
SALT-DEV-0224,dev,He was taken to a traditional healer when he fell sick.,Bwe yalwala yatwalibwa ku musawo w'ekinnansi.,Akatwarwa ow'omufumu ku yaarwire.,Ki tere bot lacang dano ki yat tekwaro I kare ma kome lit.,Aponi koyangarai ngesi omuron nadekakinor ngesi.,Ba ji eri 'ba aro nyakuni fepiri vu erini ovuzu azorurisi
SALT-DEV-0225,dev,How can I get a new National identity card?,Nsobola ntya okufuna ndagamuntu empya?,Nimbaasa nta okutunga endanga muntu ensya?,Atwero nongo lanyut/ID card manyen nining?,Eipone ali adumunia eong akaadi naka akwap naitetet?,Ma eco kokobi national ID ru o'diru ni esu mbeleru geri ngosi?
SALT-DEV-0226,dev,The residents got annoyed with the group which destroyed people's houses.,Abatuuze baanyigira nnyo abantu abaamenya amayumba g'abantu.,Akakuku akasisire amaju g'abantu kakagwisa kubi abaturagye.,Lutedero obedo ki akemo I kom dul ma oryemo obalo odi pa dano.,Apotu itunga konyunyurikinos keda egurupu loka itunga luapotu kotiyasi itogoi luka itunga.,Aku'baa eca awuko si 'ba jo obiyi ni eza'baa 'diyi be
SALT-DEV-0227,dev,There are a number of wealth creation programs around agriculture.,Waliwo pulogulaamu nnyingi ez'okweggya mu bwavu ezeetooloorera ku byobulimi n'obulunzi.,Hariho puroguraamu nyingi z'okureetaho obugaiga omu by'obuhingi n'oburiisa,Tye yub mapat pat me nyayo lim i cing lwak ma nongo i lok me pur,Ipu ainapeta nuka adumun abar kotoma akoru.,Otita Lonyi eti otizani ꞌdiyi agrikica ma alia tre.
SALT-DEV-0228,dev,"They get information on, planting time, good crop agronomy and post-harvest practices.","Bafuna obubaka ku budde bw'okusimba, enkozesa y'ebimera ennungi n'ebiddiria oluvannyuma lw'amakungula.","Nibatunga amakuru agarikukwata, aha bwire bw'okubyara, emihingire mirungi hamwe n 'omuringo gw'okutwazamu amasharuura.","Ginongo ngec ma lubbe ki kare me pit, gwoko ngom ki puru cam ki bene kit me gwoko cam i nge kac","Edumunenete kesi akiro nu, apak na ekoriere, akoru ikorion ejok ka iwaitin lu ingadaere.","yi oꞌduko esu sawa ori sazuri ma dria, nyaku onyiru ori kililiruri sazuri pie azini geri ꞌbani ori ma tambazu sawa ꞌbani eri okuzu ꞌbori ma vutiari pie."
SALT-DEV-0229,dev,The confederation of African football is under Swiss laws.,Akakiiko akaddukanya omupiira gw'ebigere mu Afirika kali wansi w'amateeka ga Swiss.,Ekitongore kya Bufirika eky’omupiira kiri aha nsi y’ekiragiro kya Swiss.,Dul me Confederation of African football tiyo ite cik me lobo Switzerland.,Ejai Atukot Naka Emopira KoAfrica toma okisila luko Swiss.,Confederation of African Foodball ni azita Swiss niri ma palaa.
SALT-DEV-0230,dev,They provided details of the account where money will be sent.,Baabawa ebikwata ku akawuti kwe banaasindika ssente.,Bakaheereza byona ebirikukwata aha akawunti ahu esente zireije kwoherezibwa.,Gumiyo account kama cente omyero ki ket iye,Apotu kesi ijaikisi akaunta na ebeit ikapun aijukanakino.,Eyi fe e'yo akawunti 'bani muzu robia 'da edrizu ri ma dria 'diyi ra
SALT-DEV-0231,dev,The diocesan office was enclosed in a fence.,Yafesi y'essaza yetoolozeddwa olukomera.,Ofiisi y'obureeberezi bakagyetorooza orugo.,Office pa diocese tye ki cel ma olworo woko,Egoloro eyapesi loka edaiosis toma alukunet.,Ofisi dayasesi niri eri abi ma alea
SALT-DEV-0232,dev,The government has not motivated the teachers.,Gavumenti tewadde basomesa maanyi.,Gavumenti t'ehaire abashomesa omuhimbo,Gamente pe odwoko cwiny lupwony me timo tic.,Mam apugan isinyikokinit esisianakinak.,Gamete engani imba'ba ma ava ku
SALT-DEV-0233,dev,I have been ironing my clothes.,Mbadde ngoloola ngoye zange.,Ntwire ninyetantara emyenda yangye.,Abedo karweyo bongi na.,Auta eong ainom igoen.,Ma ebi mavile bongo yi zaria
SALT-DEV-0234,dev,Many people lost their property when that mountain erupted.,Abantu bangi baafiirwa ebintu byabwe olusozi olwo bwe lwawanda omuliro.,Abantu nbingyi bakaferwa ebintu byaabo obu omushozi gubaaruka.,Dano mapol gurwenyo jamigi kare ma got ongulo mac.,Apotu itunga luipu kotwakiyasi ikes boro na  angedaror emoru.,Ba karakarau avi afa yini 'diyi 'be 'darini agbezurisi ra
SALT-DEV-0235,dev,There are a few things in there that the government wants.,Mulimu ebintu bitono gavumenti by'eyagala.,Harimu ebintu bikye munonga ebi gavumenti erikwenda.,Tye jami mogo manok I ie kenyo ma gamente mito.,Ejaasi iboro idis bon nuekoto apugan kotoma.,Afa azi 'da were ali 'da gamete ni leleni yi ci.
SALT-DEV-0236,dev,The construction work is going to be very expensive.,Omulimu gw'okuzimba gugenda kuba gwa bbeeyi nnyo.,"Omurimo gw'okwombeka, niguza kutwara esente nyingi.",Tic me gedo ni obi tero cente madwong,Aswam na aduko ebuni araun na epol etiai.,Eyo afa 'da sizu ri ma azi ngaza ni mu adri ajeru
SALT-DEV-0237,dev,The population of Uganda is rapidly growing.,Omuwendo gw'abantu mu Uganda gukula mangu.,"Omuhendo gw'abantu omu Uganda, nigweyongyera ahonaaho.",Wel dano me lobo Uganda tye ka nyaa,Isunyit enaba lo itunga apoloor ko Uganda.,Ba eyi ma kalafe kari Uganda niri ma alea ri ni tu saaru
SALT-DEV-0238,dev,Empowering of people will help in poverty reduction.,Okutumbula abantu kijja kuyamba okukendeeza ku bwavu.,"Okwongyera abantu amaani barikutunga ebyokukozesa, nikiija kuhwera, omutuubya obworo.",Medo kero pa dano obi konyo I ryemo can,Aigangakite itunga ingarakini kanu aitidisiar ibakor.,Okpo feza 'ba eyini ri ni nga Alio ma omgbo esi
SALT-DEV-0239,dev,One of the best players of Onduparaka returned to the squad after an injury.,Omu ku bazannyi abalungi aba Onduparaka yakomawo mu kibinja oluvanyuma lw'obuvune.,"Omwe aha bazaani ba Onduparaka abarungi munonga, akagaruka omu muzaano ahanyima y'okuhutaara.",Latuku acel maber ikin lutuku pa onduparaka odwogo-oo ingee cang,Ediopet kotoma aboliak luajokak ko Onduparaka abu obongu abolia kaulo na amusungut.,Onduparaka ma anzi mupira avipi muke ndeni ri ego anzi mupira avipi 'diyi ma eselea erini nya'biliko esuzu 'bori ma vutia
SALT-DEV-0240,dev,What is the duty of the district chairman?,Ssentebe wa disitulikiti akola mulimu ki?,Mukuru wentebe ya Disiturikiti naakora ki?,Tic pa won kom me district obedo ngo?,Inyobo aswam naka loapolon eicolong loka edisitrikt?,Bili ei distrikiti niri ma azi a'duni ?
SALT-DEV-0241,dev,The government has built nine new hospitals to handle coronavirus patients.,Gavumenti ezimbye amalwaliro amapya mwenda okukola ku balwadde ba corona.,Gavumenti eyombekiire amagwariro masya mwenda  g'okukora aha barwaire ba akakooko ka korona .,Gamente oyubo ot yat apar manyen me konyo dano ma gitye ka nongo two korona.,Aduk apugan adekisa akanyaowongo nuitetiek kanu aidar adekak lu ekurut lo ekorona.,Gamete osi arojo azi o'diruni yi oromi 'ba azo coronavirusniri be 'diyi ma azi ngazu
SALT-DEV-0242,dev,I drank tea with popcorns.,Nnanywa kyaayi n'emberenge.,Chai nginywisize amawuwa.,Amato cai ki anyogi amwocca.,Abu eong amat ecai keda epopukon.,Amvu ebe'de kaka ofiza popukoni ru risi
SALT-DEV-0243,dev,Am I dreaming or it is real?,Ndoota buloosi oba kituufu?,Ndiyo nindoota ninga mamazima?,Atye kalek onyo tye ka timme ada?,Auta kereka eong airuja arai bo erai abeit?,Orobi ni 'di ma obii niya kani 'di e'yo adani?
SALT-DEV-0244,dev,Tourism is becoming a major foreign exchange earner with minimal government investment.,Ebyobulambuzi bifuuka ebiyingiza ensimbi ennyingi wano wadde nga gavumenti yaffe eteekamu ssente ntono.,Oburambuzi burikuba kimwe aha bintu ebirikukizayo kureetera eihanga esente obwo gavumenti etatairemu sente nyingi.,Limo piny tye ka doko biacara ma kelo cente ki ilobo ma woko mapol labongo gamente keto cente madwong iye,Erai erionget loka eilat epone loejoka kakere loka aitolom ikapun mama ejai apugan,E'yo mile otiza niri ni 'ye eca afa orodri ru ecopi kari dri robia amve 'diyi ijipi gamete ma robia 'baza vuti alezaru werea ma alia ri'I
SALT-DEV-0245,dev,The music industry has a number of sponsors all over the world.,Abayimbi baba n'abavvujjirizi bangi okwetooloola ensi.,Ebye'okweshoongora biine ababitamu esente baingi okuruga omunsi yoona.,Dul man me galo wang tye ki dul mapatpat ma minigi cente me tic I wilobo lung.,Ejaasi atukot naka ayoere keda itunga luipu luijaaritos kesi kotoma akwap kere.,Okalamvu ongoniri ma 'ba atita fepi 'diyi wudrikuru aiasi karakara
SALT-DEV-0246,dev,There is no space in the market to accommodate all the vendors.,Tewaliwo kifo mu katale okubeeramu abasuubuzi bonna.,"Omukatare tiharimu mwanya, ogurikubaasa kumara abashubuzi boona.",Kabedo peke icuk me tero lucat weng,Emamei apak kosokoni kanu ayangar agwelanarak kere.,Pari ca cu ma alea 'ba afa ozipi 'diyi ma tambazu dria ku
SALT-DEV-0247,dev,What is your favorite drink?,Kyakunywa ki ekisinga okukuwoomera?,Ekyokunywa eky'orikukunda ni kiiha?,Gin amata mene ma imaro loyo weng?,Inyoin bo imaten luimina jo aitelekarit kakere?,Afa mvuza mini le ndeniri ngoi?
SALT-DEV-0248,dev,I want to roast some maize.,Njagala kwokya ku kasooli.,Ninyenda kwosya ebicoori.,Amito bulo anyogi mo.,Akot eong aipe emudunga.,Ale nga kaka ozo
SALT-DEV-0249,dev,It is assumed that some of the covid relief money was embezzled.,Kirowoozebwa nti ezimu ku ssente ezassibwaawo okuyambako abantu mu kiseera ky'ekirwadde kya covid zabbibwa.,Nikirateberezebwa ngu ezimwe aha esente ez'okuyamba omu kakooko ka korona  zikibwa.,Kibyeko ni cente ma kimiyo me tic kom two korona kikwalo woko.,Eomitai ebe aponi komidicarai apiyai ace nuka aingarakinia kotoma adeka naka ekorona.,Ba ega kini 'ba mbe sende covid ma nziza 'duzuri ra.
SALT-DEV-0250,dev,The number of deaths continues to rise each day.,Omuwendo gw'abafa gweyongera okulinnya buli lunaku.,Omubaro gw'abafu nigweyongyera buri eizooba.,Wel dano ma obutoo tye kamedde nino ki nino.,Iyata enaaba loka atwakisia kangolipaaran.,Kalafe 'bani odrazu 'diyi dro tu so
SALT-DEV-0251,dev,Some people prefer to buy rice that was processed from outside countries.,Abantu abamu baagala kugula muceere guvudde mu nsi za bweru.,Abantu abamwe nibakuunda kugura omuceeri ogukoreirwe omu mahanga gaheeru.,Dano mukene maro wilo mucele makipito dok kiyubu ki lobo ma woko.,Eminasi icetunga agwel emuceri loitemonokinitai kotoma akwapin nuko kinga.,Ba azi 'diyi le mucele 'bani ede engazu amveri je'i.
SALT-DEV-0252,dev,This viral infection can be eliminated.,Obulwadde bw'akawuka buno busobola okwewalibwa.,Endwara ezirikujanjara ahonaaho nizibaasa kumarwaho.,Kitwero kuju kwidi ma kelo two eni-oo,Epedorio adeka na alemar.,Azo iawapi okposi 'di eco i dera.
SALT-DEV-0253,dev,The ministry should establish facilities to enable districts to fight disease outbreaks.,Ekitongole kirina okuteekawo ebifo okusobozesa zi disitulikiti okulwanyisa okubalukawo kw'ebirwadde.,"Gavumenti eshemereire kutandikaho emyanya y'okujanjabiramu, okubaasisa za disiturikiti okurwanisa okubarukaho kw'endwara.",Minictry omyero oyub kabedo me tic pi konyo districts lweny i kom two ma poto atura,Ekot erionget aitolomun aiboisio kanu aisipedor idisitriktan aitiji abwangun na adeka.,Le okalamvu alataniri ma esu geri distrikiti eyini ani ecozu a'di 'dizu azo efupi 'diyi pie 'diyi ra
SALT-DEV-0254,dev,She was elected as the head girl of the school.,Yalondebwa okuba omukulembeze w'abawala ku ssomero.,Akatooranwa nka orikukurika abaishiki omu eishomero.,Kiyere me bedo ma calo lawi anyira I gang kwan.,Aponi koseunai ngesi araun napolon idwe kosomero.,Ba eri drile ezoanzi yini sukuluniri ru
SALT-DEV-0255,dev,Residents are eager to see whites entertaining them.,Abatuuze bali bulindaala okulaba nga basanyusibwa ba kyeruppe.,Abatuuragye nibakunda ngu bareebe abajungu barikubashemeza.,Lutedero tye ka kuru muni ma obi galo wang gi,Imuitos itunga awanyun itunga lu akwangak isiyalaete kes.,Ba aa'pi angu 'da ma alea 'diyi ava be angiri lezu nezu mundu eyini avita eyi 'yezu eyi dri
SALT-DEV-0256,dev,Military soldiers hold guns.,Ab'amaggye bakwata e mundu.,Abaserukare ba miritare nibakwata embudu.,Mony tiyo ki muduku.,Isirikaalei luka ajore edakitos imudun.,Asikari yi  bunduku yi bi
SALT-DEV-0257,dev,Nowadays people go in for politics because they want a good salary.,Ennaku zino abantu bagenda mu byobufuzi kubanga baagala omusaala omulungi.,Ebiro ebi abantu nibaza omu by'obutegyeki ahabw'omushaara mwingi.,"Ikinkareni, dano donyo itela pien gimito mucara madongo",Apakio nu alomasi itunga toma politiks naarai ekotosi kesi eropit loepol.,O'du diyisi 'ba eyi pa tu politiki ma alea a'dusikuni eyi le musara ala ni.
SALT-DEV-0258,dev,Laws should be established in the fight against child sacrifice.,Amateeka galina okubagibwa mu kulwanyisa kisaddaaka baana.,Ebiragiro bishemereire kukorwa okurwanisa omuze gw'okuhonga abaana.,Cik omyero obed tye me lweny i kom tyero lutino bot jok,Ekot aitolomun ikisila lu itijiete asubanasia nu idwe.,Le 'ba ma o'ba azita eyi a'di 'dizu anzi nyiri eyi ma o'diza be
SALT-DEV-0259,dev,The employer and employee should agree on the salary.,Omukozesa n'omukozi balina okukkaanya ku musaala.,Omukozi n'omukozesa bashemereire kwikirizana aha mushaara,Rwod tic ki latic omyero guyee wel mucara,Ekot elopet aswam keda eswaman acamanar kanu eropit.,Le ꞌba azi feꞌba ꞌdiyi ma eci ti ꞌba azi ngaꞌba 'diyi be musara ma dria ra.
SALT-DEV-0260,dev,Every employee needs a salary increment at a certain point in time.,Buli mukozi yeetaaga okwongezebwa omusaala mu kaseera akamu.,Buri mukozi ashemereire kugira obwire obu yayongyerwa omushaara.,Latic acel-acel mito ni mucara ne omede ikaremo,Kangol eswaman ekot eropit iyatakinai kotoma apak acie kana ebeitor.,Leꞌba ma otu ꞌba dria aziꞌbaruri ma oya sawa azini ma alia ra.
SALT-DEV-0261,dev,Most of the rich people will be at the meeting.,Abagagga abasinga obungi bajja kubeerayo ku lukungaana.,Abagaiga abingi nibakuba bari aha mukoro.,Dano ma olony obubedo I kacokke.,Ipu itunga luebeit ajaikin toma airiamunet.,Ma lonyi be 'diyi ma pari yi nga ovu drifuza 'da ma alia ci
SALT-DEV-0262,dev,The whole group was needed for the event to take place.,Bonna baali beetaagibwa omukolo okugenda mu maaso.,Ab'ekigombe  boona bakaba nibetagisibwa eiterane kubaho.,Kibedo kamito dano weng me bedo tye wek yub ne okati.,Akotoi egurupu ngol kere kanu airiamunet ngin ajaikin.,Ba le ndra ongulumu nde 'diyi dria raka 'yeta nderini ngazu pari 'duzu ani beni.
SALT-DEV-0263,dev,We journalists in the field covering the story.,Ffe bannamawulire abali mu kukwata eggulire.,Turi abanyamakuru abarikukwata ebyabaho.,Lucoo lok anegya ma tye ibar ka timo tic gi,Iso arotak iyemuto lu ija aswam airot iyemuto.,Ama 'ba osisia ni 'diyiru angu e'yo eyini pari 'duzu 'diyi ma alea e'yo laza tra ria.
SALT-DEV-0264,dev,The prince took us around his castle.,Omulangira yatulambuzza olubiri lwe.,puriinsi akaturambuza ekikari kye.,Wod ker ne owoto kedwa me nyutiwa gang ker ne.,Abu okooke ekabaka koyanga sio aisirimor kotogo loka ekabaka.,Karimva nde oji ama ivile angu ma ma kalasi kuru.
SALT-DEV-0265,dev,The President will address the nation on Monday.,Pulezidenti ajja kwogerako eri eggwanga ku Bbalaza.,Pooriisi ekagyezaho okurebeka ngu abatuuragye tibaahutaazibwa.,Ladit lobo bilok ki jo me lobo I ceng baraja.,Ebeit Lokapolon akwap ainerakin keda itunga Naebalasa.,Prisdentni nga e'yo nze kari drii o'du alusi.
SALT-DEV-0266,dev,The supporters mobilized funds for transport to the game.,Abawagizi baasonda ensimbi z'entambula okugenda okulaba omuzannyo.,Abashagiki bakarundana esente z'okugyenda aha muzaano.,Lucwak tuku gu jogo cente me konyo lok pa wot,Apotu egangitok otukutu ikapun kanu alosio abolia.,Ba atita fepi 'diyi tra robia ayuzaru muzu abala 'da ma alea
SALT-DEV-0267,dev,Lightning struck him dead.,Laddu yamukuba n'afa.,Omurabyo gukamukinantura.,Lukot ogoye wa I to.,Abu epiei ibet ngesi aiyar.,Ovi aso eri kayi
SALT-DEV-0268,dev,He was shocked by the courage of the robbers.,Yeewuunya nnyo obuvumu ababbi abo bwe baalina.,Akagyira okutiina ahabwa okumariira abashuma oku babaire baine,Teko cwiny pa luyak ne omiye ngeng tutwal.,Abu ngesi koumok noi kanuka atiting naka ikokolak ngun.,Ovu osutasi asi mbaza oguata 'diyi ni ri ma e'yosi
SALT-DEV-0269,dev,"It is only us, the community who can implement tree planting.",Ffe ffekka abasobola okuteeka mu nkola okusimba emiti.,"Itwe nk'abantu, nitwe twenka abashemereire kuta omu nkora omurimo gw'okubyara emiti.",Wan keken aye wabedo dano matwero pito yadi,"Erai oni bon itunga, kes ipedori aitegear aira ikito.","Eri lu ama i, Ongulumu ecopi pati saza 'yepi 'yeta si ra ri i"
SALT-DEV-0270,dev,Most of the security issues were resolved during the meeting.,Ensonga ezisinga obungi ezikwata ku by'okwerinda zaagonjolebwa mu lukungaana.,Enshonga ezirikukira obwingi zikahanuurwa omurukiiko ry'eby'okweriinda.,Pol pa peko me tim maraco kiloko ikomgi I cokke.,Aponi itemokinai atiokisio nuipu nuka amamut ayuwara kotoma airiamunet.,Ba 'de e'yo agei temani 'diyi ma pari yi sawa dri fuza ma aliarisi ra
SALT-DEV-0271,dev,There is a poor transport network in the districts.,Disitulikiti zirimu enguudo embi.,"Eby'engyenda omu disiturikiti, tibibonaire.",Lok me wot idictriktye magoro,Etiono eipone lo elose kodisitriktan kangul.,Geri 'ba eyini acizu distrikiti 'da ma alea 'diyi onzi
SALT-DEV-0272,dev,What can government do to boost the tourism sector?,Kiki gavumenti ky'eyinza okukola okutumbula ekitongole ky'eby'obulambuzi?,Gavumenti ekabaasa kukoraki kutunguura sekita y'oburambuzi?,Gin ango ma gamente twero timone me ilo malo rwom me tic pa dul ma loyo lok kom limo piny?,Inyoin bo epedori apugan aswam kanu aitojokaar erionget loka eilat?,Gamete eco rani a'di 'ye esele mile otizaniri ma ongmbo engazu'i?
SALT-DEV-0273,dev,The training took part at the Ggaba Water Treatment plant in Kampala.,Okutendekebwa kwabadde Ggaba ku ssengejjero ly'amazzi mu Kampala.,Okutendekwa kukakorerwa ahari Ggaba Treatment plant omuri Kampala.,"Pwonye ni mukene otime ki yubu pii dolo maleng I Ggaba, Kampala",Abu aituutoorio kojaun Kaiboisit Naitolomere Akipi koGaba.,Embata nderi 'du pari pari yii edezu alaru Ggabaa Kampalaa ri ma alia
SALT-DEV-0274,dev,What were your research findings?,Okunoonyereza kwo kwazula ki?,Ebyarugire omukucondooza kwaawe nibiiha?,Adwoki me kwed ma megi obedo ngo?,Aubo nu idumunit ijo kotoma aingic kon?,E'yo mini esu e'yo eti ondaria 'diyi ngoni?
SALT-DEV-0275,dev,The community leaders need to speak with one voice.,Abakulembeze b'ekitundu beetaaga okwogera n'eddoboozi limu .,"Abeebembezi b'ebyaro, bashemereire kugira eiraka rimwe.",Lutela omyero gulok ki dwon acel,Ekot engarenok lu itunga alimor keda ediope eproto.,Le drice'ba ongulumu ni 'diyi ma nze e'yo o'duko alu si
SALT-DEV-0276,dev,The suspects will be taken to court for a fair hearing.,Abateeberezebwa bajja kutwalibwa mu mbuga z'amateeka okuwulirwa obulungi.,"Abarikuteekateekwaho kukora ebihagaro, batwairwe omu kooti kugira ngu batungye oburinganiza.",Joo ma kimako gi ki tero gi I court pi winyo adot matye i komgi,Eponio lu ilopatai ayangar adieket kanu aipup emusago.,Ba mu 'ba 'bani ega onyo azita eyi 'diyi ji kotia duani drilea e'yo eyi ma dria ri erizu.
SALT-DEV-0277,dev,When do you expect to harvest your groundnuts?,Osuubira ddi okukungula ebinyeebwa byo?,Nooteekateeka kusharuura ryari ebinyoobwa byawe?,Ibicito ka puto fool-li awene?,Iwori bo iwomitor jo ebe ebeitor jo aisak emaidokon?,Mi ega mi nga mi vile funyu nze a'di ngare?
SALT-DEV-0278,dev,The police recovered the bodies of two people from the building which had collapsed.,Poliisi yazuula emirambo gya bantu babiri okuva mu kizimbe ekyali kigudde.,Pooriisi eboine emitumbi ebiri kuruga omu kizimbe ekigwire.,Abili gukwanyo lyel pa dano aryo ki ot ma otur ci opoto piny.,Apotu ipolisin kodumutu awate nuka itunga iarei kotoma aduketait naebiroro.,Polisi esu avu 'ba iri jo I asupiri ma alia 'diyiniri ra
SALT-DEV-0279,dev,I was asked to make a statement regarding the theft of my phone.,Nnasabibwa okukola sitatimenti ekwata ku kubbibwa kw'essimu yange.,Nkashabwa kukora sitetimenti erikukwata ahakwibwa kwesimu yangye.,Pe wangeyo awene ma court obi bedo kede piny ka winyo lok,Aponi alimokin eong aiwadika esitetiment kanuikamunitos akokwaro na esimu ka.,Ba ai ma ti sizu e'yo 'bani simu mavileri oguzu ri ma dria
SALT-DEV-0280,dev,There is an increase in violence among the youth.,Obutabanguko mu bavubuka bweyongedde .,Obwimukiriro omu minyeeto bweyongyeire.,Rwom me tim gero tye ka nyaa ikin bulu,Apolor amumu kanejaas atumunak.,Ngiringiri 'ba ode eyi ma eselea ri ma omgbo ni tutu
SALT-DEV-0281,dev,Why do women give birth to premature babies?,Lwaki abakyala bazaala abaana abatatuuse?,Ahabw'enki abakazi barikuzaara abaana abatahikire?,Pingo mon nywalo lutino ma kare gi pud pe oromo?,Inyobo idoyotor angor idwe lu mam etiokitos?,Oku eyi anzi osi de nga po'di anzi nde eyi ma o'du osizuri ecani nga ku a'du ma e'yosi?
SALT-DEV-0282,dev,My father bought a new car.,Taata wange yagula emmotoka endala.,Taata aguzire emotoka nsya,Baba na owilo mutoka manyen,Abu papaka ogwel emotoka loitetet.,Ata mavileri je mutukari o'diruni
SALT-DEV-0283,dev,What are your political ambitions?,Birubirirwa ki by'olina mu by'obufuzi?,Ebyorikwenda kukora omubutegyeki nibiiha?,Itye ki miti ango i kom cung iwibye?,Anubo akon apeleikinata kowai loka politiks?,Mi otita politiki ni 'diyi ngoni.
SALT-DEV-0284,dev,He has been accused of being involved in other crimes.,Avunaanibwa okwenyigira ne mu misango emirala.,Ahababiirwe ahabw'okwejumbira omu mishango endiijo.,Kidotte pi bal mapat-pat mukene.,Itoronitai ngesi kanu ajaut toma abilibilio naka ikisila ice da.,Ba e'bi eri too ovuzu e'yo azita onyoza ni azi 'diyi ma alia indi
SALT-DEV-0285,dev,She communicated to the people in charge.,Yagamba abantu abaali bakivunaanyizibwako.,Akagambira abu kyabiire nikikwataho.,En oloko ki jo ma loyo kenyo.,Abu ngesi iner keda itunga lueyaitos.,Eri olu 'ba e'yo drileru 'diyi dri ra
SALT-DEV-0286,dev,What is the number of Ugandans living below the poverty line?,Bannayuganda bameka abaavu ennyo?,Abanya Uganda abooro munonga nibangahi?,Anywali Uganda adi ma gitye ka kwo i can?,Ani bo etiai lo itunga luko Uganda lu ejarete keda ican luipu?,Kari 'ba kari Ugandani ma alea ovupi alio nya nya ri ma alea 'diyi ngopi
SALT-DEV-0287,dev,There was a meeting at the statehouse.,Waaliwo olukungaana mu maka g'obwa pulezidenti.,Hakabaho orukiiko aha maka g'obwebembezi w'eihanga.,Kacokke mo obedo tye I gang kal madit pa miri.,Ajai airiamunet kotogo loka airabet.,Dri fuza e'yo otizani 'du pari aku drile kariniri ni ma alia ra
SALT-DEV-0288,dev,The government is encouraging youths to acquire technical skills.,Gavumenti ekubiriza abavubuka okusomerera omulimu ogw'omu mutwe.,Gavumenti eriyo nehiga eminyeeto okwega emyoga y'emikono.,Gamente tye ka cuko cwiny bulu me kwano tic cing.,Euta apugan aisinyikokin atumunak adumun acoasinei nuka aitosom akan.,Gameteni 'ba ode yi eka ondua azi drisirini 'diyi isuzu.
SALT-DEV-0289,dev,Many schools are not given enough financial support.,Amasomero mangi tegaweebwa buyambi bumala mu by'ensimbi.,Amashomero amaingi tigahairwe sente zirikumara.,Pe gimiyo kony me lim ma oromo ki gangi kwan mapol,Mam einanakinio isomeroi luipu agangat naka ikapun.,Ba feni sukulu karakara yi dri atita robia ni ri capiri si ku
SALT-DEV-0290,dev,Why do you always ask for money every time?,Lwaki otera okusaba ssente buli kiseera?,Ahabwenki orikushaba esente burizooba?,Pingo ma imaro lego cente I kare ducu.,Kanukinyo ilipenena jo ikapun kangolisawa?,Mi mini sende ozi sawa driasi a'disi?
SALT-DEV-0291,dev,Only those that meet the job requirements are called up for an interview.,Abo bokka abatuukiriza ebisaanyizo by'omulimu be bayitibwa ku yintaaviyu.,Abo bonka abaine ebirikwetengwa nibo barikwetwa aha kubuuzibwa.,Dano matye ki ngec onyo diro pi tic moni aye ki lwongo gi ka timo peny me nongo tic,Ngul bon lu ejaas keda abaluwan nu asioman kes enyararo kanu aingito.,ꞌBa lu ꞌba ta siipi azi azini ꞌyezu ra ꞌdiyi omve initavio ꞌyezu ꞌi.
SALT-DEV-0292,dev,The immigration laws need to be reviewed.,Amateeka ku bayingira mu ggwanga getaaga okwetegereza.,"Ebiragiro by'okutambuuka ensharo, nibyetenga kugarukwamu.",Cik ma kwako kobo ikin lobo omyero ki lok,Ekotos ikisila luka Immigration airereoro.,Le 'ba ma one nga azita 'ba eyini ecozu efizu kari 'di ma alea 'diyi dika.
SALT-DEV-0293,dev,They will not be allowed to operate anymore.,Tebajja kukkirizibwa kuddamu kukola.,Tibarikwiija kwikirizibwa kokura nakakye.,Pe dong kibiyee ni gutim ticgi.,Mam bobo eponio acamakin kesi aswam.,Ba nga ni fe yini azi ye dika ku
SALT-DEV-0294,dev,Butchers are advised to sell fresh meat to customers.,Bbukya ziweebwa amagezi okutunda ennyama ennamu eri abaguzi baazo.,Abamabaagiro nibaragiirwa kuguza ba kasitoma enyama etatwireho.,Lucat ringo omyero gucat ringo ma pwod ber bot lukastoma gi,Aiboisio nu egwelanerere akiring kes icorakitai agwelanar akiring na epalal.,Ba fe 'ba eza ozipi 'diyini imbata eyi ma kasitoma eyini eza aa'pi ku ri ozizu i.
SALT-DEV-0295,dev,My life is at a risk.,Obulamu bwange buli mu katyabaga.,Amagara gangye gari omu kabi.,Kwo na tye kama ding,Ejai aijar ka ationis.,Ma edri eyi e'yo alea
SALT-DEV-0296,dev,Can you help us to design a company logo?,Oyinza okutuyamba okukola akabonero ka kampuni?,Nobaasa kutuyamba kukora baagi ya kamapni?,Itwero konyowa me goyo alama me dul mewa?,Ipedori kereka jo aitemokin aanyunet naka ekampuni?,Mi eco ama aza ko wura beji amuti niri edezu ra?
SALT-DEV-0297,dev,Evidence provides proof that something actually happened.,Obujulizi buggyayo amazima nti ekintu kyaliwo.,"Obujurizi nibworeka amazima ngu kwo, ekintu kikabaho.",Caden nyutu ni ada gin moni otime,Ajenanut itoduni nu abeit ebe iswamauna ibore.,Afa ecetaru 'diyi e'da kini e'yo azi 'ye i ra ada
SALT-DEV-0298,dev,The district leaders have to be united to improve service delivery.,Abakulembeze ku disitulikiti balina okuba bumu okutumbula obuweereza.,"Abeebembezi ba Disituriiti, baine kukwatanisa babaase kuhisya obuheereza aha bantu.",Lutela me dictri komyero guribe wek kony ma kimiyo ki lwak obed ber,Ekot engarenok luka edisitrikt aimorikikin kanu aitojokar ejanakine.,Le drice'ba distrikiti ni 'diyi ma eci ti tualu azi ngaza o'bi eyini ri ma omgbo otuzu
SALT-DEV-0299,dev,The use of the Regulation of blocking is yet to be applied.,Enkola ey'okukozesa emiziziko tennatandika kukozesebwa.,Okukoresa ekiragiro ky'okuzibira tikukagiire mu nkora.,Cik me geng pud pe kicako tic kwede.,Aitosom Epone loka aigalikin ebeit ageun aitosom.,Azita 'bani 'ba aziyi ogazu si ri ninga e'do ndo.
SALT-DEV-0300,dev,He owns a very large business.,Alina bizineesi nnene nnyo.,Ayiine  bizinesi mpaango munonga.,Tye ki biyacara mo madit tutwal.,Ejaasi ngesi keda ebiasara lokapolon noi.,Eri tujara azi amburuni ma e'i ni.
SALT-DEV-0301,dev,The religious organisation has given training facilities to the refugee leaders.,Ekitongole ky'ebyenzikiriza kiwadde abakulembeze b'abanoonyi b'obubudamu ebikozesebwa mu kutendeka.,Ebigombe by'ediini bihereize abebembezi b'empungi ebikwato by'okukoresa omu kutendeka abantu.,Dule me dini guyubu ka pwonyo dano ikabedo kama luring ayella tye iye pi lutella gi,Abu erionget lo ediini ijaik engarenok lu ikerai iboro lu itutuonerere.,Amuti e'yo aita niri ni 'da fe afa imbata ni 'diyi drice'ba emunyale eyini 'diyi dri
SALT-DEV-0302,dev,"Rwanda and Burundi are rarely explored based on military strength.""",Rwanda ne Burundi balwawo okunoonyerezebwako ku musingi gw'amaanyi g'amagye.,Rwanda na Burundi tibarikukira kuteekateekwaho omu bikwatireine n'amaani g'ebyokurwanisa.,Rwanda ki Burundi pe kimaro poro gi iyo me tek pa mony gi,Ecicing Rwanda keda Burundi apeganakin kanuka agogong naka ajore.,Ba ama ni nga Rwanda pi ma ale Burundi e'yo okpo marani ni 'diyi si ngba 'dini ku
SALT-DEV-0303,dev,People removed turbines from the power station.,Abantu bagyayo yingini ezikuba amazzi ku kkolero ly'amasannyalaze.,Abantu bakihamu ebyoma ebirikwehindura aha sitesheni y'amashanyarazi.,Dano gukwanyo naka machine labuk mac woko,Apotu itunga olemanasi turbines kositeseni lo akim.,Ba eyi onze cuma aci ojipi 'diyi engazu angu aci edezu 'da ma alea risi
SALT-DEV-0304,dev,It is difficult for leadership in Kigali to trust Museveni's commitment to any agreement.,Kizibu obukulembeze mu Kigali okwesiga okwewaayo kwa Museveni ku ndagaano yonna.,Kigumire Rwanda kwesiga Museveni omu kukora endagaano yona.,Tek it lutela me Kigali me geno ka Museveni biketo itic winye mo keken ikin gi,Etionikinit apugan nako Kigali amunokin adiocamanar naitolimuni Museveni.,Eri ewaru drileka Kigalia ri ni apizu Museveni ma e'yo owita erita ciri ma driari ni si
SALT-DEV-0305,dev,What is the importance of masts?,Emirongooti girina mugaso ki?,Emirongooti n'eya mugasho ki?,Buta pire tek adada pingo?,Inyoin bo ajokis naka ipirin luka ataker arai bo naka atakerini?,Orodri afa loko ma sia oli okpo ojizu  mastsru 'diyiniri a'dini?
SALT-DEV-0306,dev,He is unable to add his voice to the fight for environmental action.,Tasobola kubaako ky'ayogera ku kulwanirira obutonde.,T'arikubaasa kwongyera eiraka rye aha kurwanirira enkora y'ebitwetooroire.,Pe romo medo dwone I lweny matye pi cwec ma orumuwa.,Mam ngesi epedori aiyatakin eporotoke toma ojie loka aitojokar alupok keda ekwam.,Econi o'duko ini 'ba  azi 'diyi ma dria a'di 'dizu angu 'ba ageiari ma dria ku.
SALT-DEV-0307,dev,A lady succumbed to the virus near the Ugandan border.,Omukyala yafunidde akawuka ku nsalo ya Uganda.,Omukazi akatwa akakooko haihi n'ensharo ya Uganda.,Two ni oneko lamego moni inget wang lobo Uganda,Aberu ikatu adeka eidunya keda oikoru lo Uganda.,Oku azi dra azo nde si boda kari Uganda niri vile ria
SALT-DEV-0308,dev,What is the distance between his home and yours?,Olugendo lwenkana wa okuva ewuwe okutuuka ewammwe.,Hariho rugyendo ki ahagati y'eka ye n'eyawe?,Bor piny me king gang mege ki mege tye rom mene?,Inyoin bo aojau naejai kiding ereke keda lokon?,Zoza eri vile akuri pima eselea mi vileri beri ngopi?
SALT-DEV-0309,dev,The raging fire burnt the grass.,Oluyiira lwayoka omuddo.,Omuriro gwokinze obunyaatsi.,Mac ma tye ka wang magwar owango lum woko.,Abu akim konyam anya ngun.,Aci ididiruri ve ayise ra
SALT-DEV-0310,dev,The president is still popular among the people.,Pulezidenti akyali muganzi eri abantu.,Omwebeembezi w'eihanga abantu nibakimukunda.,Ladit lobo pwod oywek ikin dano,Eringa lokapolon akwap ejenara kanejaas itunga.,Purezidenti ni nga po'di nizaru 'ba eyi ma eselea
SALT-DEV-0311,dev,He wants their region to become a city next year.,Ayagala ekitundu kyabwe kifuuke ekibuga omwaka ogujja.,"Nayenda ngu ekyanga kyabo kihinduke orurembo, omwaka ogurikwija.",En mito ni but piny ma gitye iye ni odok city i mwaka mabino,Ekot ngesi atutubet kec araun esite okaru ngol.,Eri le angu eyivile 'da ma eca Aku ambo ru eli drusirisi
SALT-DEV-0312,dev,People should cooperate with the medical teams.,Abantu balina okukolagana ne ttiimu y'abasawo.,Abantu bashemereire kukwatanisa n'ab'ebyamagara.,Lwak omyero gutii kacelo ki lutic yoto kom,Ekot itunga aimorikikin keda eswamak lu adekis.,Le 'ba eyi ma eciti azi'ba arojo ni 'diyi pie
SALT-DEV-0313,dev,The education sector received more funding.,Ebyenjigiriza byafuna ssente endala.,"Ekitongore kyebyobwegyese, kikatunga esente nyingi.",Ministry me pwonye kimedo it gi cene,Abu ewai lo aisisia odum agangat na ikapun luipu.,Arakala onita niri esu robia ndeni
SALT-DEV-0314,dev,She owns that car.,Emmotoka eyo yiye.,Niwe mukama w'emotoka.,Nyako ni aye rwed motokani.,Erai emotoka ngol loke.,Eri mutukari 'da ma e'iruni
SALT-DEV-0315,dev,Most businesses are shutting down due to the smell of the rubbish.,Bizineesi nnyingi ziggaddwawo olw'ekivundu ekiva mu kasasiro oyo.,Emishuburo mwingi ekingiire aha bw'ekinuuko ky'ebisingo.,Pol biyacara tye kaloro kabedogi pi ngwec yuggi.,Epote ibiasaran luipu agolokinio kanuka euria loka agasia kangul.,Tujara pari yi ti opii azanga efupi okurunya ma aliari ma e'yo si
SALT-DEV-0316,dev,You only get paid if you complete the tasks assigned to you,Osasulwa singa omaliriza obuvunaanyizibwa obukuwereddwa,Nooza kushashura waaheza emirimo eyoheirwe.,Ki culi ka ce inen itimo jami ma kilegi ni itim,Itacio ijo bon arai idaunit ijo aswamisinei kere nu ijaikitai ijo.,Ba lu nga mi ofe mini azi fele mi dri 'diyi dezu risi .
SALT-DEV-0317,dev,She got an opportunity to study in America.,Yafuna akakisa okusomera mu America.,Akatunga omugisha gw'okushomera America.,En gum okaye me kwan I lobo Amerika.,Abu ngesi kodum arereng naka asioman koAmerica.,Eri esu drileba onita onizu Americaa
SALT-DEV-0318,dev,This is a very sensitive case.,Guno omusango gwa maanyi nnyo.,Ogu n'omushango gw'okwegyendesereza.,Man lok ma pek tutwal,Erai lo emusago lo epol.,Kesi ꞌdi kesi azi ꞌbani ovuzu ani milesini.
SALT-DEV-0319,dev,When and under what conditions should one address the press?,Ddi era bukwakkulizo ki omuntu mwateekeddwa okwogerako eri bannamawulire?,"Ni ryari, nainga niki ekirikuba kibeireho, omuntu yaaza kugambira abanyamakuru?",Mono awene ma ngati twero lok kede ki lucoo lok angeya,Iwori keda ne ikwaikinia ai ebeitor itunganan einer keda arotak iyemuto?,Ba azi eco e'yo nze 'ba osisia ni 'diyi pie nguari azini a'du ma e'yo ka i 'yeni??
SALT-DEV-0320,dev,Malac was critical of corruption in President Museveni's government in her stay in Uganda.,Malac yavumiriranga nnyo enguzi mu gavumenti ya Museveni bwe yali ali mu Uganda.,"Malac akeeraarikirra ahabw'oburi bw'enguzi oburi omu gavumenti ya purezidenti Museveni, obwire obu araamare omu Uganda.","Ikare ma en tye I Uganda, Malac obedo kacayo tim me camucana I gamente pa Museveni",Abu Malac kitoron apugan naka Museveni kanu amidic apiyai kotoma apak naeboitor ngesi koUganda.,Malac ni andra e'yo anyambolo ni gamete prisdent Museveni vileri ma alia ri ma ale ada cici sawa erini ovuzu Ugandaa risi
SALT-DEV-0321,dev,Small houses can be well organised to fix many things.,Ennyumba entono zisobola okutegekebwa obulungi okugyamu ebintu ebingi.,Obuju bukye nibabaasa kubutereeza buzemu ebintu bingi.,odi matino gitwero cano iye jami madwong kagitiyo ki diro,Eminas itogoi ludidika ajokis kanu ainapakin iboro luipu.,Ba eco jo werea 'diyi o'ba kililiru eyini ani ecozu afa karakara eyi ma ta mbazu ra.
SALT-DEV-0322,dev,Eastern Uganda has been developed.,Obuvanjuba bwa Uganda bukulaakulanyiziddwa.,Hariho entunguuka omu burugwizooba bwa Uganda.,Kunyango me Uganda odongo tutwal,Ajaun apolo nepol kide nako Uganda.,Ba ezo kari Uganda niri ma woko etu ni efuria leru ri ra
SALT-DEV-0323,dev,Customers should be your priority in any business.,Osaanidde okukulembeza bakasitoma mu bizineensi yonna.,Abaguzi nibo barikubanza om'eby'obushuubuzi bwona.,I biacara kastoma aye obedo dano ma myero kimiye woro mada.,Ibusakinit agwelak araut itunga luipodokinit jo kotoma obiasara.,Aje'ba ma ovu 'ba mini asi 'baza mini tujara ciri ma alia 'diyi
SALT-DEV-0324,dev,You need the internet to access the different social media platforms.,Weetaaga okuba ne intaneeti okusobola okukozesa emikutu emigattabantu egitali gimu.,N'oyetaga kuboona yintaneti  kuhikirira empeho zaboona ezitari zimwe.,Myero ibed ki intanet ka imito donyo i social media.,Ipuda jo arucokina nakolago kanu adolokin toma iponesio  luka elago.,Mi nga oli internitniri le ecozu pari ndu ndu 'ba yi ecipi oli alisiri 'diyiniri  isuzu beni
SALT-DEV-0325,dev,Who are the most vulnerable people?,Bantu ki abasinga obwetaavu?,Abantu abarikubaasa kuhikwaho akabi munonga nibaahi?,Dano mene madong kwo gi tye kama ding loyo?,Alubo itunga ejaas ationis?,Ba azakoma lepi ndeni 'diyi 'ba ngole 'diyi?
SALT-DEV-0326,dev,My husband stood with me during my father's funeral.,Omwami wange yali nnange mu kuziika kitange.,Ibanya akemerera nanye aha kuziikwa kwa taata wangye.,Cwara aye ocung i koma kare me yiko babana.,Abu okilenika igang eong kotoma apakio nuka aidayo naka papaka.,Ma agoni so pa ma be ma ati ma draarisi.
SALT-DEV-0327,dev,What are problems associated with rape?,Bizibu ki ebyekuusa ku buliisamaanyi?,Niburemeezi ki oburikuruga omu kuhamba?,Peki ango ma woto kacel ki mako mon tek-tek?,Inyobo eupatatar ican keda aisiolo?,E'yo onzi eyi ecipi obita okpo alea ri be 'diyi a'duni?
SALT-DEV-0328,dev,Many pilgrims come to Namugongo on martyrs day.,Abalamazi bangi bajja e Namugongo ku lunaku lw'abajulizi.,Abaramagi baingi nibaija Namugongo aha kiro ky'abajurizi.,Dano mapol gicito Namugongo kaworo nino pa lucaden remo.,Epote ikristayon Namugongo kotoma apaaran naka aiitun ngul luapotu kotwaka kanuka aiyuunikec.,Ba aci'ba a'ita ma e'yosi pilgrims ru 'diyi emu Namugongoa o'du 'ba 'bani o'dile martyrs ru 'diyiniri inzirurisi.
SALT-DEV-0329,dev,The victory party was written well before polling centers opened.,Ekibiina ekinaawangula kyawandiikibwa ng'ebula ekiseera ebifo ebironderwamu biggulwewo.,Embaga y'okujaaguza obuhanguzi ekahandiikwa gye batakigwiire n’ahokutereera akaruuru.,Kwero loc nongo dong ocake wa con kadi nongo pud pe kiyabo ka bolo kwir.,Adaunitai aiwadik epate loitelekaarit eringa engara aiboisio nuka aicak abootin.,Omu nyza agata si ri ovu andra sizaru oko kele de nga 'ba nzi pari opetaa ni 'diyi ku
SALT-DEV-0330,dev,Her uncle had a peaceful death.,Kojja we yafiira mu mirembe.,Shwento we akafa omu busingye.,Nerune oto to odwel.,Abu mamaike kotwana kotoma ainapakin.,Eri ma adrui dra asi anzu si
SALT-DEV-0331,dev,What do scientists have to say about coronavirus?,Bannassaayansi boogera ki ku kirwadde kya corona?,Abahangu by'ebya saayansi nibagamba ki ahari kakooko ka corona?,Lucayan giwaco gin ango madok I kom two korona.,Inyoin bo ebakasi itunga luka sayanis kanuikamunitos ekorona?,Afa 'na sayansini 'diyini e'yole azo coronavirusniri ma dria ngoni?
SALT-DEV-0332,dev,These days kidnapped children are eventually killed.,Ennaku zino abaana abawambibwa battibwa.,"Ebiro ebi, abaana abubarikutorosya, nibamara babaita.",Ite kare ni lutino ma ki kwalo gi ki neko gi-oo,Aparasia nu idwe lu ekokwanario eyario.,"O'du 'diyisi, 'ba anzi 'bani ogu 'diyi o'di te."
SALT-DEV-0333,dev,The government has delayed transferring funds to the district.,Gavumenti eruddewo okusindikaa ssente ku disitulikiti.,Gavumenti ekyerereirwe kwoheereza sente aha disiturikiti.,Gamente orii kicwalo cente bot district,Eyap apugan aijukar ikapun odisitrikt.,Gamete eza sa'wa robia edrizu distrikitia ra.
SALT-DEV-0334,dev,How many babies are born prematurely?,Baana bameka abazaalibwa nga tebatuuse?,"Abaana abarikuzaarwa batahikire, nibangahi?",Lutino adi ma kinywalo gi ma nongo kare gi pe oromo?,Idwe idi idounono elidio?,Anzi 'bani osi de nga po'di eyi ma o'du osizuri cani nga ku 'di eyi ma kalafe si?
SALT-DEV-0335,dev,Do you have boiled water in the house?,Olina amazzi amafumbe mu nnyumba?,Oine amaizi gateekire omu nju?,Tyeka I tye ki pi ma kitedo I oti?,Ijaasi kereka jo keda akipi nuidoritai kotogokon?,Mi vu yi a'diza mi vile joa ci?
SALT-DEV-0336,dev,The youth are ready to join their leaders to fight for this land.,Abavubuka beetegefu okweyunga ku bakulembeze baabwe okulwanirira ettaka lino.,"Eminyeeto eyeteekateekire kwegaita ahari bakama baabo, okurwanirira eitaka eri.",Bulu tye atera me ribe i kom lutela gi pi lweny pi ngom eni,Ekapakina atumunak aimorikikin keda engarenok kec ejie kanu alupok.,Ba oderu 'diyi ngonde ti ecizu eyi ma drice'ba eyi be a'di 'dizu nyaku 'disi
SALT-DEV-0337,dev,University students are old enough to make personal decisions.,Abayizi ba yunivasite bakulu ekimala okusobola okwesalirawo.,Abeegi ba univasite bakuzire b'okweshariramu.,Lutino kwan me univaciti gidongo ma weko gitwero moko tam pigi kengi.,Epolok esisiak luko unibasite ido epedorete kesi aitolomun aseunununetakec ikulepek bon.,Sukulu anzi universityni 'diyi mba ca e'yo 'duzu yi ma ngulupisi ra
SALT-DEV-0338,dev,More houses in West Nile will be connected to electricity.,Amayumba amalala mu bugwanjuba bwa Nile gajja kuyungibwamu amasannyalaze.,"Amaju maingi omu West Nile, nigaija kuyungwa aha mashanyarazi.",Odi mapol I Arua ki bi kubu itgi mac,Eponio arikonokin akim otogoi luipu koArua.,Ba nga aci se aku azi eyi ma alea westnilea dika
SALT-DEV-0339,dev,People celebrate Christmas and the new year in different ways.,Abantu bagaguza ssekukkulu n'olusookoomwaka mu ngeri ez'enjawulo.,Abantu nibajaguza Noohiri hamwe n'omwaka musya omu miringo etarikushushana.,Dano kwero karama ki donyo I mwaka manyen i yo mapat pat,Inuminumete itunga ebaga ka ekaru loitetet kowaitin luegelegela.,Ba eyi natali azini eli o'diri inzi geri ndundu si.
SALT-DEV-0340,dev,Most schools in rural areas have underqualified teachers.,Amasomero agasinga obungi mu bitundu eby'omu byalo galina abasomesa abatalina bisanyizo.,Amashomero amaingi ag'omubywaro gaine abeegyesa batagunjukire gye.,Pol pa cukul me caro gitye ki lupwonye ma pe gupore me pwonyo lutino kwan.,Isomeroi luipu kocaloi mam elomunitos kwape esisianakinak.,Sukulu angu caluru 'diyi ma alia 'diyi vu emba 'diyi ma onita ca ga
SALT-DEV-0341,dev,Uganda hosted the commonwealth summit in two thousand seven.,"Mu nkumi bbiri mu musanvu, Uganda yakyaza olukungaana lw'amawanga agaaliko amatwale ga Bungereze.",Uganda ekatayayisa orukiiko rw'amahanga agategyekirweho bungyereza omu mwaka gwa enkumi ibiri na mushanju.,Cokke madit me common Wealth obedo I Uganda I mwaka alip aryo wie abiro.,Abu Uganda kisipej common wealth kokaru ilukumin iaarei keda ikanyaarei.,Kari Uganda nini ayu omu ambu Commonwealth summit niri eli alifu iri drini mudri drini alu si ni
SALT-DEV-0342,dev,Today is the day for elections.,Leero lwe lunaku lw'okulonda.,Erizooba n'ery'akaruuru.,Tin obedo nino me yer,Ilolo nes aparan na aseo.,O'du andru ri opeta eyi ni.
SALT-DEV-0343,dev,The government should invest in other projects apart from wealth creation.,Gavumenti esaanidde okuteeka ssente mu projekiti endala ng'oggyeeko projekiti ya bonna bagaggawale.,Gavumenti eshemereire okuta empiiha omu miriimo yentatsya oyihireho boona bagaigahare.,Miri myero oketo lim I yub mukene mapat ki nyayo lim.,Ibusakinit apugan aimono kotoma opurojekitin ice da kilema nuka aswam abar bon.,Goamete ma fe atita otita azini yi biba lonya ezoza be ku diyi dri indi
SALT-DEV-0344,dev,The parliamentarian worked with both the Uganda people's congress and the national resistance movement.,Omukiise mu paalamenti yaliko mu Uganda people's congress ne National resistance movement.,Omunyeishengyero akakorera ekibiina kya Uganda Peoples Congress na National Resistance Movement.,Lamemba me ot moko cik otiyo ki dul me UPC Ki NRM bene,Abu emeeba loka airabet iswama keda epate loka UPC ka NRM.,Memba koloseni ni 'da nga azi Amuti politiki ni Uganda people's congress niri be azini national resistance movement niri be
SALT-DEV-0345,dev,Anite's side argued that Uganda Telecom is a government entity,Oludda lwa Anite lugamba nti Uganda Telecom kkampuni ya gavumenti.,Orubaju rwa Anite rukagira ngu Uganda Telecom n’ekitongore kya gavumenti.,Jo me tenge pa Anite cero lok ni Uganda Telecom obedo dul pa gamente.,Abu ewai loka Anite kotema ebe erai Uganda Telecom ekampuni loka apugan.,Te 'ba Anite vile 'diyi 'yo kini okalamvu 'di gavumete ni.
SALT-DEV-0346,dev,What makes power supply insufficient?,Ki ekiviirako embunyisa y'amasannyalaze obutamala?,"Ekirikureetera amashanyarazi kuba makye, nenki?",Ngo ma weko mac pe bedo ma oromo?,Inyobo ijaikit akim mam erai na ilosikino?,A'di e'yoni fe aci ma omgbo ni cazu ku ni?
SALT-DEV-0347,dev,Saying thank you takes nothing from you.,Okugamba nti weebale tekirina kye kikugyako.,"Okugamba ngu yebare, tiine ekikirikukwihaho.",Waco ni apwoyo pe kwanyo gin mokeken ki i komi,Alimun ebe eyalama emamei ibore elemari kane ijai ijo.,Yozu awa'difo ri 'duni afa azi engazu mi vu ku.
SALT-DEV-0348,dev,Take good care of yourself.,Weerabirire bulungi.,Oyerinde munonga.,Gwok kwoni  maber,Idar akonikuan ejok noi.,Emba mi ta oniru to
SALT-DEV-0349,dev,Termites have become a very big issue in this garden.,Enkuyege zifuuse ensonga ennene ennyo mu nnimiro eno.,Emishwa ehindukire ekizibu omu musiri ogu.,Okok odoko peko madit tutwal i poto man,Ayautu ikok ationis komusiri kana.,Ojiriko eyi eca curu'do e'yo azi ambu ni amvu 'di ma alea.
SALT-DEV-0350,dev,Honorable ministers are valuable people to the country.,Ba minisita baba bantu ba muwendo nnyo mu ggwanga.,Ba minisita n'abantu b'omugasho aha ihanga.,Minista gubedo dano me kony adada I lobo Uganda.,Ejokuna noi ajaut keda iminisitan lukangosibibib kotoma akwapuwok.,Ba inzile inzi ministaru 'diyi 'ba kari dri orodriru 'dinile 'diyi
SALT-DEV-0351,dev,All people were disappointed in her.,Yamazeemu abantu bonna amaanyi.,Abantu boona bakamuhwa amatsiko.,Cwiny dano weng ocwee i kome,Itunga kere apotu okadakisi kanu angesi.,Ba dria eyi eca candisi eri si
SALT-DEV-0352,dev,The path was very bushy.,Akakubo kaalimu ensiko nnyingi.,Omuhanda gukaba gwijwire ebinyatsi.,Yoo ne obedo ma odiny tutwal.,Arai erot ngol loeswapit noi.,Geri du ase be tre.
SALT-DEV-0353,dev,The appointment of Catherine Kusasira by President Museveni.,Pulezidenti Museveni yalonda Catherine Kusaasira.,Purezidenti Museveni okutoorana Catherine Kusasira.,Tim pa President Museveni me cimo Catherine Kusasira,Abu Museveni koseu Catherine Kusasira.,E'yo drile kari ni Museveni ni Catherine Kusasira ni pezuri
SALT-DEV-0354,dev,Her grandson visited her.,Muzukulu we yamukyalira.,Omwijunkuru we akamutaayaayira.,Latin pa wode obino ka limme.,Abu etataitike ipejok ngesi.,Eri ma a'bi mvia emu eri ndre.
SALT-DEV-0355,dev,The rain has reduced.,Enkuba ekendedde.,Enjura ekiire emikye,Rwom me cwe pa kot odok piny.,Adisiar edou.,Ozoo ma ongmbo omvi'i 'bo.
SALT-DEV-0356,dev,Strong surveillance improves the decision-making of health workers.,Enkola y'okunoonyereza ku byobulamu eyamba ku basawo okukola okusalawo okulungamu.,Okucondooza kw’amani omubyamagara nikuhwera abakozi b’ebyamagara okusharamu.,Bedo ki wang kabit tutwal ilo rwom me moko tam pa lutic me yot-kom.,Aingicio naka adekasinei ingarakini kotoma aitolomunun aseununeta nuka eswamak luka angaleu.,"Azo eti ondaza okporu ri orodri ru 'ba azi ngapi aro joa 'diyi dri, e'yo amazu."
SALT-DEV-0357,dev,Cancer treatment is expensive.,Kyetaagisa ssente nnyingi nnyo okujjanjaba ekirwadde kya kookolo.,Okujanjaba erwara ya kokoro nikitwara senti nyingi.,Wel cente me cango two kanca tek tutwal.,Epol etiai loka amukian ekansa.,Azo cancer niri ma atita ajeru
SALT-DEV-0358,dev,People cut down trees to get firewood.,Abantu batema emiti okusobola okufuna enku.,Ahantu nibatema emiti okugiihamu enku.,Dano tongo yat piny me nongo yen me tedo.,Etubutubete itunga ikito kanu adumun akito nuka aipo.,Ba yi pati yi oga va eja esuzu.
SALT-DEV-0359,dev,Confederation of African football compensation to Lagardere should encourage the re-opening of bidding rights.,Okuliyirira kw'akakiiko akaddukanya omupiira gw'ebigere mu Afirika eri Largadere kulina okukubiriza okuddamu okuggulawo abasigansimbi mu ddembe ly'abantu.,Okushashurwa oku kushemereire kugaruramu amaani abarikwenda kuhakanira okugura.,Cul ma dul me Confederation of African Football oculu ki Lagardere myero ocak yub me pyem me nongo tic.,Atacakinio naka ikapun luka Atukot Naka Emopira koAfrica mama ejai Largadre ibusakinit aisinyikokin ekisil loka atupakin nuedaunitai acamanar,Le ofeta Confederation of African Football ni Lagarde ni ofezuri ma nzi yi mile driwala azi ndazuri 'bazu mgbo ru.
SALT-DEV-0360,dev,He had to pay for the school textbook that he lost.,Yalina okusasulira ekitabo ky'essomero kye yabuza.,Akaba nateekwa kushashurira ekitabo ky'eishomero eki yaanagire.,En oculu pi buk me cukul ma en orwenyo.,Abeit ngesi aitac iitabon luka esomero luabu ngesi kotwania.,Eri asi nga ofeta ofe sukulu ma buku embatani erini avileri ma tia ra
SALT-DEV-0361,dev,This raises more questions than answers.,Kino kireetawo ebibuuzo ebirala bingi.,Eki nikiretaho ebibuzo bingi kukiira ebigarukwamu.,Man kelo lapeny madwong makwato lagam.,Eyangauni na aingiseta nuipu adepar abongonokineta.,Diri e'yo zita eji angiri aga e'yo omviza ra
SALT-DEV-0362,dev,The available tools are no longer useful.,Eby'okukozesa ebiriwo tebikyagasa.,Ebikozesebwa ebiriho tibikyiine mugasho.,Jami tic matye kombedi ticgi dong peke.,Mam bobo iboro luejaasi eraasi luingarakinete jokan.,Afa ci ecozu azi ngazu 'diyi ma orodri curu'do yo
SALT-DEV-0363,dev,Why do most musicians prefer to use nicknames rather than their real names?,Lwaki abayimbi bangi baagala nnyo okukozesa amannya amalala ge beetuuma mu kifo ky'okukozesa amannya gaabwe gennyini?,Nahabwaki abeshongozi bari kukunda kozesa amaziina gekikuryo kusinga amazina gabo genyini.,Pingo luwer mukene gitiyo ki nying aconya.,Kanukinyo etapitotor ayook luipu aitosom amaeta itia aitosom ikiroriakec luka abeit?,Ba ongo co'ba 'diyi le ru 'dazri ma ayuzu aga yi ma ru mgbari ra a'disi?
SALT-DEV-0364,dev,The church receives donations that are unaccounted for.,Ekkanisa efuna obugabirizi naye tebumanyikiddwako kye bukola oba gye bulaga.,Ekanisa neetunga obuhwezi obu etarikubaasa kuha enshohoza yaabwo.,Ot lega ni nongo lim me nono  ma pe kitito kor ticce,Edumununei ekanisa ikapun lumam iwadikatai.,Kanisa ni afa fezu 'bani ayuta ni ma dria e'yo nizu ku 'diyi isu ra
SALT-DEV-0365,dev,She has used the money to start up a vegetable garden on one acre of land.,Akozesezza ssente okutandikawo ennimiro y'enva endiirwa ku bugazi bw'ettaka lya yiika emu.,Akoresize esente okutandikaho omusiri gw'emboga ahari hiika emwe y'eitaka.,En otiyo ki cente ne me yabo poto me pot dek i eka acel me ngom,Etwasam ngesi ikapun kanu ageuna amusiri na idiasio amututa adiope.,Eri ayu robia 'da amvu tibi ini eyini ni e'dozu nyaku heka alu ni ma dria
SALT-DEV-0366,dev,Social media is one of the channels used to spread the gospel of God.,Emikuttu emigattabantu gye gimu ku makubo agakozesebwa okubunyisa enjiri ya Katonda.,Sosho midiya n'omuringo gumwe gw'okubuurira engiri ya Ruhanga.,Kabedo me nywako lok me intanet tye yo acel me tiko lok pa lubanga bot dano.,Erai elago epone ediope loitosomao kanu alimonokin akirot naka edeke.,Geri e'yo o'yuzaniri eri geri azi alu 'bani ayule e'yo bari Munguniri erezuri'i
SALT-DEV-0367,dev,There are allegations of doctors stealing and selling drugs to private pharmacies.,Waliwo ebyogerebwa eby'abasawo okubba n'okutunda eddagala mu matundiro g'eddagala ag'obwannannyini.,"Nikigambwa ngu ba dokita nibaiba kandi baguza emibazi omumatundiro gaayo, agatari ga Gavumenti.",Koko tye i kom lutic yoto kom kwalo yadi ci gi cato bot joo ma cato yadi woko,Elimilimitai ebe ekokoete imurok ka agwelanar ikee lu itunga.,E'yo azi efupi dakitari eyini aro oguzu azini ozizu dukani aro ozizu gameteni ku 'diyi ma alea ri ma dria ri ci
SALT-DEV-0368,dev,The government has the power to influence activities in all organisations.,Gavumenti erina obuyinza okusalawo enzirukanya y'emirimu mu bitongole byonna.,Gavumenti eine amaani g'okumanya emirimo yoona omu bitongore.,Gamente tye ki twero me doro tic ma time idul mapatpat,Ejaas apugan keda apedor na acamakin aswamisinei nu oriongeta kere.,Gamete ma okpo ti suzu 'yeta dria amuti ndundu eyini 'diyi ma alea ri ci
SALT-DEV-0369,dev,Shall land wrangles ever end?,Enkayaana z'ettaka zirikoma?,Enkayaana z'eitaka ziraahwa?,Ci ada laro lok me ngom bigik?,Epote kereka ingungeta luka alupok ainang?,Awata e'yo nyaku ni 'diyi  si 'diyi we nga yi de ra?
SALT-DEV-0370,dev,Most of the markets in Uganda lack enough space for expansion.,Obutale obusinga mu Uganda tebuyina bibangirizi we buyinza kugaziyirizibwa.,"Obutare bwingi omu Uganda, tibwine myanya erikumara okubushanjuura.",Pol pa cuk ma i Uganda gi peke ki kabedo me medo dit gi,Isokonin luipu ko Uganda emamei apak na ilosikina kanu aitanyanyario.,Cu abari kari Uganda niri ma alea 'diyi ma angu eyini ani eyi edrizu yo
SALT-DEV-0371,dev,I ask them to give me a room so I can work from there.,Nnabasaba bampe ekisenge mwe mba nkolera.,Nimbashaba okumpa ekishengye ahindakorere.,Apenyogi wek gumiya kicika mo wek atim ie ticca.,Abu eong engit kesi ainakin eong agola napedoria eong aswam kotoma.,Ma zi yi madri  jo ale fezu mani azi ngazu engazu 'daa
SALT-DEV-0372,dev,Officials at the launch of the water recovery plant.,Abakungu bali ku mukolo gw'okuggulawo ekyuma ekikekkereza amazzi.,Abakozi aha runaku rw'okutongoza ekyoma ky'okucendeeza amaizi.,Ludito tic ma gubedo kayabo nyonyo ma nongo  pii,Eswamak luka  etolomak acuma naka akipi.,Azi'ba e'yo okalamvu yii omvizani ma ti ziria 'diyi
SALT-DEV-0373,dev,Do you think the teacher will be angry if we miss our classes today?,Olowooza omusomesa anaanyiiga singa tetubaawo mu kibiina leero?,Noteekyereza ngu omwegyesa naza kutukwatirwa ekiniga ku turayoshe erizooba?,Tyeka I tamo ni lapwony cwinye bicwer ka wa keng kwan I kilac nino matin?,Iwomit jo ebe ebuni esisianakinan anyunyurikin arai itwania oni alosit atukot lolo?,Mini egarisi embapini nga ovu aokosi aka kilasi ama vile 'diyi ece raria ra?
SALT-DEV-0374,dev,The birds ate the maize grains from the corn.,Ebinnyonyi byalya empeke za kasooli.,Ebinyonyi bikarya enjuma kuruga aha kicoori.,Winyo ocamo nyig anyogi ducu.,Apotu akweny konyamat emudunga.,Aria yi onya kaka efi engazu kaka rpati ma uarisi.
SALT-DEV-0375,dev,Ancestral land is usually inherited.,Ettaka ly'obujjaja  bulijjo lya nsikirano.,Eitaka ry'ekika nibarihungura.,Ngom tekwaro ipol kare ki lako alaka,Alupok nu ateker eraas nu iruminono.,ꞌBa oꞌdu driasi nyaku aꞌbiniri esu engazu aꞌbi vu.
SALT-DEV-0376,dev,Every smartphone can have access to the internet.,Buli ssimu ey'okuseereza esobola okubaako yintaneeti.,Buri simu eya simaati neezaho Intaneeti.,Cim weng me diro manyen ma kilwongo ni 'smart phone' twero kubbe i internet.,Kangolisimu loerai simat epedori alomar olago.,Simu smart phone ru 'diyi dria eco ali internet ni ri ayu indi
SALT-DEV-0377,dev,Our headteacher shall address the school tomorrow.,Omukulu w'essomero lyaffe ajja okwogerako eri essomero enkya.,"Mukuru w'eishomero ryaitu, naija kugamba nyenkyakare.",Ladit wi gang kwanwa obi loko ki gang kwan diki,Elosi apolon esomero kosi aijaikin einer nejaas idwe moi.,Dricere amavileri ni e'yo nze 'ba sukulu'a 'diyi be drusi
SALT-DEV-0378,dev,The committee chairman calls for transparency during the allocation of these funds.,Ssentebe w'akakiiko asabye obwerufu mu ngabanya y'obuyambi buno.,"Mukuru w'entebe yakakiiko, naashaba abantu okuba abeesigwa omu kukozesa esente ezi.",Won kom me committee waco ni omyero ada obed tye i kare me poko cente eni,Abu eceyaman loka ekomiti ilip eswamae loajokan kapak na akorakinere ikapun lu.,Bili ei Komiti niri ai 'ba eyi aa'zu e'yo ada be sa'wa robia awazu e'yo ndundu eyi 'yezu risi
SALT-DEV-0379,dev,He cut off some of the branches from the mango tree.,Yatema amatabi agamu ag'omuti gw'omuyembe.,Akakongooraho gamwe aha mataagi agabiire gari ahamuti gw'omuyembe.,En onguno jang yat muyeme mukene woko.,Abu ngesi kotub atenun ace kotoma okitoi loka emiebe.,Eri oli arakala azi 'diyi engazu mengu pati ruarisi ra.
SALT-DEV-0380,dev,East African countries spend more on defense than any other sector of government.,Ensi za East Afirika zisaasaanya nnyo ku bukuumi okusinga ekintu ekirala kyonna.,Amahanga g'oburugwa-izooba bwa Afirica nigashohoza sente nyingi ahaby'okwerinda kukira ebindi bitongore bya gavumenti.,Lobe me tung kunyango me del col ki tiyo ki cente madwong loyo I genge adwir loyo dul mukene I gamente,Itosomaete akwapin nuko Kide naka African ikapun luipu toma ayuwara adepar toma orionget ediokere.,Kari Africa ma kala etuni efuria leru 'diyi aje ayu e'yo ageyitema niri ma dria aga esele azi gamete ni 'diyi ra
SALT-DEV-0381,dev,Many road accidents happen at night.,Obubenje bw'oku nguudo obusinga bubaawo kiro.,Butandu enyingyi az'ahanguto nizibaho nyekyiro.,Pol can me gudu maro time I dye wor.,Akangasia nuipu nuka orotin iswamaununos kware.,Drileonzi nzila dria 'diyi yi o'ye ini si karakara
SALT-DEV-0382,dev,The ministry of lands is handling land-related matters and cases countrywide.,Minisitule ky'ebyettaka ekola ku ensonga wamu n'emisango egyekuusa ku ttaka okwetooloola eggwanga lyonna.,Minisiture y'ebyeitaka neekora ahashonga ezikwatiraine neitaka hamwe n'emishango omwihanga ryona.,Minictry me ngom tye ka neno lok ma kwako ngom ma aa ki ikabedo weng ma ilobo ni,Itemonokini eerionget loka lands ingungeta lu alupok kakwap kere.,Okalamvu nyaku niri ni e'yo ndundu nyaku eyi ma dria 'diyi ma aza ko kari 'di ma alea ndulu
SALT-DEV-0383,dev,Experts say the energy should be focused on fast resolving the administration issue,Abakugu bagamba amaanyi galina kusooka kuteekebwa ku kutereeza bukulembeze.,Abahangu nibagira ngu bashemereire kubanza kutamu amaani gashemereire kuteebwa omukwikirizana ahaby'obwebembezi omukitongole ekyo.,Ludiro owaco ni myero gudwok kero me lweny enoni i tyeko peki matye I lok me tela matye I dul ne.,Ebakasi ipiriotin ebe ibusakinit aswam kagogong kanu aitemokin ingungeta luka eyaitene.,Ba onita angiri pie 'diyi kini 'ba ma fe okpo tu ni e'yo dri ceza ni 'diyi otuzu'I
SALT-DEV-0384,dev,Our journey is ending today.,Olugendo lwaffe lukoma leero.,Orugyendo rweitu niruhwa erizooba .,Wotwa obugik tin.,Engatakin lolo alositekosi.,Ama vile aci ni i de andru.
SALT-DEV-0385,dev,The search for balance began to retreat with the arrival of cable television.,Okunoonya okwenkanyankanya kwakendeera oluvannyuma lwokujja kwa terefayina ez'okusasulira,Okuronda oburinganiza kikatandikaho bwanyima y’okwija kwa terevijoni.,Teme me nongo lok angeya ryoryo ocako doko nok inge donyo pa cable television,Abu eipud loka aijulakin kobu neayangaunete itelebiosionin luejaasi keda ewaiya.,E'yo afa yi 'bazi tro tro 'diyi e'do ti onze ecata amuti afa ondredreani television ru ri geri wayi tala siri ni si
SALT-DEV-0386,dev,The prices are not reducing anytime soon.,Kirabika ebbeeyi y'amafuta egenda kusigala waggulu okumala ekiseera.,Emihendo y'ebintu terikwija kusharuka juuba.,Wel pe obudok cen macokki.,Mam itiaisinei epote adisiar kapak naeyapie.,Aje nde ngani emvi vile mbeleru ku
SALT-DEV-0387,dev,He expressed a desire to see the United States of Africa.,Yali ayagala okulaba amawanga ga Afirika nga gagattiddwa wamu okufuuka eggwanga limu eriyitibwa United States of Africa.,Ayine ekyetengo kyihango kureba ekibuga kya Africa.,Onyuto miti ne me neno ni lobo del col oribbe me doko lobo acel.,Abu ngesi kitodu eipud loka aanyun United States loka Africa.,Ece asisile I'ni lezu e'yo kari 'ba ini ru 'diyi ni ti ecizu ri ndre zu ra
SALT-DEV-0388,dev,The campaign will take place in the four days of October for a district in Uganda.,Kaweefube ajja kutwala ennaku nnya mu gwekkumi mu buli disitulikiti mu Uganda.,Ehururu neija kukorwa omu biro bina by'okwezi kwaikumi omu Disiturikiti z'omu Uganda.,Pwony man bitime pi nino angwen idwer me apar pi distrik mo acel iUganda,Ebeit ekampein ajaikin aparasia awongon nu olap lo itomonet kanu edisitrikt ko Uganda.,E'yo mile oziza niri ni mu o'du 'du su imba mudri si distrikiti azi kari Uganda niri ni ni ma alea
SALT-DEV-0389,dev,The government should organise training programs for health workers.,Gavumenti eyina okuteekateka okutendekebwa kw'abasawo.,Gavumenti zishemereire kutebekanisa emishomo ya bashaho.,Gamente omyero obed ki yub me pwonye pi lutic yoto kom,Ekot apugan aitemokin ainapeta lu aitutonoro kanu eswamak lu adekis.,Le gamete ma otu otita imbatani 'diyi azi'ba e'yo rua alanisi 'diyini
SALT-DEV-0390,dev,There was a bad smell of sewage in the whole area when a sewerage pipe burst.,Omudumu gwa kazambi bwe gwayabika ekivundu kyabuna ekitundu kyonna.,Hakaba hariho ekyinukye kyibi kya kazambi  omu mwanya gwona ahanyima y'orupira gwa kazambi kwatika,Ma paipo otyer ngwec konye ocako duny oromo piny ducu.,Ajai ewuria loka aronon noi aiboisit akawulo na apaipo naka echoloni abwangar.,Azanga onzikanyaru yi ondiruriniri de angu ma alia ndulu payipu yi ondi vilerini afizurisi.
SALT-DEV-0391,dev,Corrupt government officials should be investigated.,Abakungu ba gavumenti abalya enguzi basaanidde okunoonyerezebwako.,Abakozi ba gavumenti abarikurya enguzi baine kucondoozibwa.,Myero kitim kwed i kom lutic pa gamente ma lucamcana.,Ibusakinit aingic eswamak luka apugan luemidicete apiyai.,Ba ma onda e'yo azi'ba gamete ni anyambolo ru 'diyi ni 'diyi ma vuti ra
SALT-DEV-0392,dev,The commission has handed in its provisional report.,Ekitongole kiwaddeyo lipoota yaakyo esooka.,Kaamishana ahaireyo ripoota y'amangu.,Dul ne omiyo adwogi tic gi mapud pe obedo me agiki ne.,Ejaik ekomision eripootake loka apak naedit.,Commission fe e'yo oko o'duko siza erini ri ni bo
SALT-DEV-0393,dev,There are limited opportunities outside the state to sponsor an effective opposition.,Waliwo omwagaanya mutono nnyo wabweru wa gavumenti okuvujjirira okuvuganya okulungi.,"Oihireho gavumenti, nteekateeka endiijo eyaakubaasa kushashurira ebibiina by'obutegyeki.",Gum me nongo cente ki woko me culu pi loc pa dul ma pe cwako gamente ki tye manok,Ikidioko arerengusio kinga naka akwap naka aigang etepegak luiswamaete.,Drila ecozu atita fezu 'ba ageti atiza kililiru dri kari ma kala amveleruria'diyi were
SALT-DEV-0394,dev,The suspect is detained at the police station.,Ateeberezebwa okuzza emisango akuumirwa ku poliisi.,Ori kuteekateekwaho nibamukumira aha poriisi.,Ngat ma kibyeko ni obedo labal kitye ka gwokone i polic citecen.,Ejai loitosotai idaritai kopolis.,Ba bi 'ba egale eza e'yoniri polisia.
SALT-DEV-0395,dev,The groups are focusing on educating people about tax laws.,Ebibinja bitadde essira ku kusomesa abantu ebikwata ku mateeka ge'misolo.,Guruupu nizigyenderera okwegyesa abantu ebiragiro by'omushoro.,Gurup magi tye pi pwonyo lwak i kom cik me mucoro,Ekotosi igurupun isisianakinai itunga nuka ikisila lu esolo,Amuti 'da eyi 'ba asi imbata fezu o'bi eyini azita musoro ofeza ni 'diyi ma dria
SALT-DEV-0396,dev,Uganda has a 19.4 million voting population.,Uganda erina abalonzi obukadde kkumi na mwenda n'obutundutundu buna.,Uganda eine abateezi bakaruuru miriyoni ikumi na mwenda n’obucweeka buna.,Uganda tye ki wel dano mabolo kwir milyon 19.4,Ejaasi Uganda keda itunga imilionin itomonakanyaongon luepedorete aise.,Ba ecopi voti 'bepi ra Uganda-ari yi milioni mudri drini oromi du su.
SALT-DEV-0397,dev,The graduation ceremony is scheduled Tuesday eighteenth November this year.,Omukolo gw'amattikira guliyo lwakubiri nga kkumi na munaana omwezi gwa museenene omwaka guno.,"Omukoro gw'okujweka abeegi nigwija kubaho orwakabiri, ebiro by'okwezi ikumi na munaana okweikumi na kumwe , omwaka ogu.",Nino me kwero kwan tye i ceng aryo nino dwe apar aboro me dwe me apar acel i mwaka ni,Epucit lo egraduation ibwaikitai naiyareit atomonakanyauni olap lo itomonetadiope okaru lo.,"Omu onita univasiti niri dezuri ni nga pari 'du o'du iri si, imba mudrini alu si eli 'disi"
SALT-DEV-0398,dev,Some presidential candidates are completely forgotten after the elections.,Abamu ku abo abeesimbawo ku bwa pulezidenti beerabirirwa ddala oluvannyuma lw'okulonda.,Bamwe omu barikwesimba aha ntebe y'obwamukuru w'ihanga nibeebera kimwe byanyima y'akaruru.,Wic wil woko likwici I kom lucungu I yer pa ladit lobo mogo ingee yer.,Ice luebwoete kwape lukapolok akwap imurokinio cut akaulo naka aseo.,Ba azi pa sopi ogua prisdentniria ma eyoni avi opeta ma vutia ra.
SALT-DEV-0399,dev,Businesses need to adopt new forms of income generation.,Bizineesi zirina okufuna enkola empya ekwata ku by'ennyingiza.,Zaabizinesi ziine kuhinduraho zikaitanira enkore ensya z'entaasya.,Biyacara mapat pat myero ocak tic ki yoo mukene me kelp lim.,Ibusakinit ibiasaran adumun iponesio luitetiak luadumun ikapun.,Le tujura yi ma ayu geri o'di ru 'bani ecozu afa dria isuzu 'diyi
SALT-DEV-0400,dev,My grandmother gave me chicken when I visited her.,Jjajja wange omukazi yampa enkoko bwe nnagenda okumukyalira.,Nyakwenkuru akampeereza enkoko obu namutaayaayira.,Dadana omiye gweno kare ma ocito ka limme.,Abu tataka koinak eong akokor naepejokina eong nges.,Ma depi fe ama dri au mani muria eri vu omururia.
SALT-DEV-0401,dev,The cat uses its teeth and sharp claws for defense.,Ppuusi ekozesa amannyo gaayo n'amaala amasongovu okwerwanako.,Enjangu neekoresa amaino na ebyara by'obwogi kwerwanaho.,Bwura twero tic ki lakke nyo lwette me gwoko kome.,Itosomai ekapa ikelake keda ibokor kanu ayuwara.,Busuani ima si azini onyofi cizari 'diyi a'yu ta mbazani.
SALT-DEV-0402,dev,Be peaceful and avoid any kind of violence.,Beera wa ddembe era weewale engeri z'akavuyo zonna.,"Gira obusingye, kandi oyetantare byona ebyakeimukiriro.",Bed ki dano maber dok pe ibed ikit tim gero mokeken,Ekot ainapara kosodi ainac nuka amumu.,"Le mi aa asianzu si, le iku ngiringiri wura dria eyi ja."
SALT-DEV-0403,dev,Those that sell government procured items should be arrested.,Abo abatunda ebintu ebiguliddwa gavumenti balina okukwatibwa.,"Abo abarikuguza ebintu bya Gavumenti, bashemereire kukwatwa.",Joo ma cato jami pa gamente omyero ki mak gi-oo,Ngul lu egwelanarete iboro lu apugan ekot arocun.,Le 'ba ma obi 'ba afa gameteni 'diyi ozipi 'diyi ci
SALT-DEV-0404,dev,We are having boiled eggs for breakfast.,Tugenda kulya amagi amafumbe ku ky'enkya.,Twine amahuri g'entondore aha kyansya,Wabicamo tong gweno aboka me cam me odiko.,Ebeit sio ainyam abeei nuidoritai tupuruc.,Ama augbe avuza nya tile lizu'i
SALT-DEV-0405,dev,Where is your husband?,Omwami wo aliwa?,Baro ari nkahe?,Cwari tye kwene?,Ai bo ejai okilenikon?,Mi agonini ngua?
SALT-DEV-0406,dev,The army directives have to be followed.,Ebiragiro by'amagye birina okugobererwa.,Ebiragiro by'amahe biine kukuratirwa.,Cik pa mwony omyero ki lub,Ebeit atupite aicorakineta ajore.,Le 'ba ma obi azita Asikari eyini sile 'diyi ma vuti
SALT-DEV-0407,dev,The district commissioner is teaching the locals how to protect themselves from the virus.,Omukungu akulira disitulikiti ayigiriza abantu b'omu kitundu engeri y'okwekuumamu ekirwadde.,Omujwekyerwa wa disituriki ariyo nashomesa abaturagye oku bashemeraire kwerinda akakooko.,Lacung pi ladit lobo I dicitrwik tye ka pwonyo dano I kom kite magiromo gwokke kwede I kom kwidi korona.,Euta ekomisiona loka edisitrikta aisisianakin itunga epone loka ayuwara kama ejai ekorona.,Ba e'yo ma dri cepi distrikit si Commissioner ruri ni 'ba angu ma alia 'diyi emba geri yini ecozu yi ma ta mbazu o'bu nde vurisi
SALT-DEV-0408,dev,That football team scored a goal in the first minute of the game.,Ttiimu y'omupiira eyo yateeba ggoolo mu ddakiika essembayo.,Tiimu y'omupiira gw'ebigyere egyo ekateera gooro omudakiika y'okubanza y'omuzaano.,Team odilo meno gumoto goloi dakika me acel me tuko.,Abu etimu ngol kopet egolo kotoma odakika losodit kotoma abolia.,Amuti mupira tuzaniri su golo dakika oko avitaniri ma alia
SALT-DEV-0409,dev,One female mosquito lays one hundred to three hundred eggs at a time.,Ensiri emu enkazi ebiika amagi agali wakati w'ekikumi n'ebisatu buli lubiika.,Ensiri kazi emwe netera amahuri kikumi kuhitsya ebikumi bishatu buri murundi.,Ober madako acel bolo I kin tonge miya acel oo miya adek tyen acel.,Euriei asirut abeei akwatat toni akwatat iuni irwan atipet.,Yiyia kariru alurini gbe su e'dozu turu alu kpere turu na sa alurisi.
SALT-DEV-0410,dev,Some people have not yet received their salary.,Abantu abamu tebannafuna musaala gwabwe.,Abantu abamwe tibakatungire omushara gwabo.,Joo mukene pwod pe gunongo mucara gi,Mam icie itunga edumunitos eropito kec.,Ba azi eyi esuni nga musara eyivileri ku
SALT-DEV-0411,dev,They were called to court.,Baayitibwa mu kkooti.,Bakabeeta omu mbuga za mateeka.,Kilwongogi I kot.,Aponi kiwororai kesi okooti.,Ba omve yi emuzu dwania
SALT-DEV-0412,dev,The company lacks finances to produce more solar systems.,Kampuni terina ssente kufulumya masannyalaze ga njuba malala.,Kampuni teine sente z'okwongyera aha nkora ya soora.,Kampuni pe tye ki cente ma romo me mede ki yubu mac ma aa ki iceng,Emamete ekampuni ikapun luipu kanu aiswamaun isolai luipu.,Kamboni 'da vu robia aci solar ni 'diyi ma azi edezu yo
SALT-DEV-0413,dev,The taxis were scarce today.,Takisi zibadde ntono leero.,Taxi zaaba ziri nkye.,Tin tekci obedo nok tutwal.,Ikidioko lolo itakisin.,Taxi yi andru ndazaru
SALT-DEV-0414,dev,The project will not be completed on time.,Pulojekiti tejja kuggwa mu budde.,Purogyekiti terikuza kuhwa omu bwire obuhikire.,Yub eni pe obi tum ikare ki kome,Mam epurojekt ngol edaun kotoma apak.,Ba ngani mu otita 'di de sa'wa dria ku
SALT-DEV-0415,dev,Christians support their churches financially in doing their work.,Abakulisitu bawanirira amakanisa gaabwe mu by'ensimbi okusobola okukola emirimu gy'ago.,"Abakristaayo, nibahweera amakanisa gaabo n'esente omukukora emirimo yaago.",Lukricitayo gimiyo kony me lim bot kanica wek tic owot anyim,Igangitos ikrisitayon ikanisan kec keda ikapun aiswama aswam kec.,Kristiani eyi atita robia niri fe kanisa eyidri eyini azi eyini 'diyi ngaria
SALT-DEV-0416,dev,Court orders must be obeyed.,Ebiragiro bya kkooti biyina okugonderwa.,Ebiragiro bya kooti bishemereire kworoberwa.,Lok pa court omyero ki wor,Ekot arimarite aicoreta nuka adieket.,Le azita koti ni 'diyi ma vuti ma adri obizaru
SALT-DEV-0417,dev,Street vendors cause traffic congestion and inadequate hygiene and poor waste disposal.,"Abasuubuzi b'oku nguudo baleeta omugotteko gw'ebidduka, obukyafu n'okusuulasuula kasasiro.","Abarikuguza ebintu ahamuhanda, nibareetera ebiiruka kwerunda hamwe kandi nibareeta n'oburofa.",Lucat iteng yoo gi weko jami wot gale dok bene kelo cilo ki yugi bene nongo ki bolo ata,Agwelanarak lu orotin kes eyangaunitos ejam ka amunarite aiboisit aicak agasia.,Ba afa ozipi nzila tia 'diyi omita eji nzila eyi ma dria tualu alata ako be azini gasia o'beza geri onzi siri be
SALT-DEV-0418,dev,The nutritional plan will be implemented in a period of five years.,Enteekateeka y'ebyendya ennungi ejja kuteekebwa mu nkola mu bbanga lya myaka etaano.,"Entekateeka y'eby'endiisa neija kuza omu nkora, omubwire bw'emyaka etaano.",Yub me pit eni kibi tiyo kwede pi kare me mwaka abic,Eponio aitegear aitemonokineta nuka enyame kotoma apak na ikaru ikany.,Ba nga otita nyaka nyaza muke ri niri 'ba 'yeta ma alea eli towi ma alea
SALT-DEV-0419,dev,They gave a speech at the press conference.,Bayogera ku lukungaana lwa bannamawulire .,Bakagamba omu rukiiko rw'abanyamakuru.,Gin guloko ki lucoo lok angeya,Apotu kesi ijaikisi einer keda arotak iyemuto.,Eyi nze e'yo e'yo 'bani 'ba osisia ni 'diyi omvezu ri ma alea ra
SALT-DEV-0420,dev,The Human Immune Virus is a deadly disease.,Ekirwadde kya mukenenya kitta.,Akakooko ka siriimu nikareeta endwara mbi munonga.,Two cilim obedo two marac madaa.,Erai adeka naka eiseny adeka naronon.,Azo obu 'ba rua okpo depi Human Immune Virus ru ri azo azi onzi 'dile ni
SALT-DEV-0421,dev,Money can accumulate over time.,Essente zisobola okweyongera akaseera konna.,Esente nizibaasa kukanya ahanyima y'obwire bwingi.,cente twero mede ingee kare mo,Epedorete ikapun aidiatun eyangaikin apak.,Robia eco i tra ra sa'wa ezu ma vutia
SALT-DEV-0422,dev,Many people cannot access legal services because of limited finances.,Abantu bangi tebasobola kuyambibwa mu mateeka olw'okuba baba tebalina ssente.,Abantu baingi tibakutunga obuheereza omu by'amateeka ahabw'okuba tibaine esente.,Dano mapol pe romo nongo kony makwako cik pien limgi nok.,Mam itunga luipu epedoritos adumunun ejaanakine loka apugan naarai ikidioko kesi ikapun.,Ba karakara econi azi feza e'yo azitani 'diyi niri isu ku a'disikuni robia ni ovuzu wererisi
SALT-DEV-0423,dev,"The programs help children to learn, develop and receive education from childhood.","Pulogulaamu ziyamba abaana okuyiga, okukula n'okusoma okuva mu buto.","Entekateeka nizihwera abaana okwega, okukura n'okutunga eby'obwegyese kuruga omu buto.","Yub eni konyo lutino me pwonye, dongo ki nongo kwan ki i tino gi","Ingaranakinete ainapeta lu idwe aisisia, apoloun ka adumunun asioman agear editeu kec.","Otita 'da eyi anzi nyiri eyi ma aza ko e'yo onizu, zozu azini onita esuzu engazu anzia si"
SALT-DEV-0424,dev,Officers should wear gloves at crime scenes so that they do not spoil evidence.,Abasirikale basaanidde okwambala giraavu nga bali mu bifo awazzibwa omusango baleme okwonoona obujulizi.,Ba ofiisa bashemeriire kujwara giraavu aha myanya ekoreirwemu ebihagaro kwenda kutashisha buhame.,Abili myero oruk roc I cinggi ka gitye I kabedo ma bal otimme ie wek pe gubal caden matye.,Ibusakinit ipolisin ainap agilabs kotoma aiboisit naebilitere ekisl tetere mam kesi emunarete aitogogonget.,Azi'ba ma osu afa dria 'diyi pari ezatani 'diyi ma alia ci yi kazu afa ecetaru 'diyi ezazu ku beni.
SALT-DEV-0425,dev,Family land should not be divided as districts are being formed.,Ettaka ly'ekika teririna kugabanyizibwamu nga disitulikiti zigenda zitondwawo.,Eitaka ry'ekika tirishemereire kubaganisibwamu za Disiturikiti zaaba nizitandikwa,Ngom me pacu omyero peki pok iye kit ma lok ne tye ka winye kwede I district,Mam atiakatiak alupok nuka okalia kapak na itolomunere nuka edisitrikt.,Le 'ba ma awa nyaku familia eyini ri ku 'bani distrikiti eyi ederia
SALT-DEV-0426,dev,She hung pictures of her children all over the house.,Yattimba ebifaananyi by'abaana be mu nnyumba yonna.,Akahanika ebishushani by'abaana be burihamwe omunju.,En ongabo cal pa nyare Ii kor ot ka ducu.,Abu ngesi ikajak aputosia nuka idweke arwatat naka etogo.,O'yi e'da i vile anzi 'diyiniri jo aliasi dria.
SALT-DEV-0427,dev,The exhibit provides more than a classical art display.,Omwoleso guwa entimba y'ebifaananyi esinga ku musono gw'edda.,Omworeko nigwniguba guriho ebishushani birikumara ebirikutangaaza omu byafaayo.,Yub me nyut enoni pe kelo cal manyuto te kwaro keke.,Einakini aitodiaret ngin ibore yenedepari aitodiar aputo naibus.,Efi aleniari aga wura erini ena ri ra.
SALT-DEV-0428,dev,Muslims greatly respect their religious leaders.,Abasiraamu bassa nnyo ekitiibwa mu bakulembeze baabwe.,"Abasiraamu, nibaha abebeembezi baabo ekitiinisa kingi.",Cilam ipol kare giworo lutela gi,Erimaritos isiramun noi engarenok kec.,Isilamu eyi inziki eyi ma drice'ba e'yo aitanisi 'diyi saaru
SALT-DEV-0429,dev,Presidential election results should always be announced on the radio.,Ebiba bivudde mu kulonda kwa pulezidenti birina okulangirirwa ku leediyo.,Ebirikuruga omu buruuru bwokuronda  omwebenzi we'ihanga bishemeriere kurangyirirwa aha rediyo.,Adwogi yer pa ladit lobo myero kinyut I iwi redio.,Nuelomunitos kotoma aseo naka lokapolon akwap ibusakinit duc alimor koyemuto.,Ba ma azi sa driasi o'duko opeta kari niri geriko radioa si
SALT-DEV-0430,dev,The ministry will coordinate all activities in the project.,Minisitule ejja kukwasaganya emirimu gyonna mu pulojekiti.,Minisiture neija kunywanisa emirimo ya purogyekiti.,Ministry bibedo lakub tic ducu me projek,Elosi erionget arucokinite aswamisinei kere nu epurojekt.,Okalamvu 'da ni mu 'yeta dria otita 'da ni 'diyi ma ti oji ni
SALT-DEV-0431,dev,The missionaries believed that the barkcloth was worn by witches.,Abaminsani baalowoozanga nti embugo zaayambalibwanga basamize.,Entumwa ya ruhanga bakikiriza ngu ekibugu kikaba kirikujwagwa abacecezi.,Lumiconari onongo gitamo ni olwa kiruko pi tim tyet.,Iyuunitos imisionarin ebe igoen luka emukule arai icudak bon anapenenete.,Ba e'yo Munguni eji'ba 'diyi a'i andra kini bongo edele pati o'borokosiri 'ba olewuru 'diyi suni.
SALT-DEV-0432,dev,The measure should be put in place to punish absent teachers in schools.,Enkola erina okuteekebwawo okubonereza abasomesa abayosa mu masomero.,"Hashemereire kubaho oburyo, obw'okufubira abegyesa abarikwosha omu mashomero.",Omyero yoo me miyo pwod ki lupwonye ma keng kwan obed tye,Ekot aibwaikin ikisila lu itisilarere isisianakinak lu esalenenete osomero.,Le 'ba ma 'ba azita panga fezu imba'ba sukulu ecepi 'diyini.
SALT-DEV-0433,dev,Villagers were requested to work closely with the police in order to fight crime.,Abantu b'ekyalo baakubirizibwa okukolagana ne poliisi okusobola okulwanyisa obumenyi bw'amateeka.,Abanyakyaro bakashabwa kukoragana na poriisi kugira ngu barwanise emishango.,Kilego lukin gang me tic kacel ki abili wek kilweny i kom lukwo.,Isinyikokinitai itunga lukocalo aiswamanar nepepe keda ipolisin kanu aitiji imusagon.,Ba a'i o'bi calua 'diyi azi ngazu ogogoru polisi yi be a'di 'dizu e'yo onzi be
SALT-DEV-0434,dev,The district lacks medical personnel to contain the yellow fever disease.,Disitulikiti terina basawo kuziyiza obulwadde bw'omusujja gw'enkaka.,"Disiturikiti teine bakozi b'omwirwariro, okuragurira omushwija gw'enkaka.",distrik peke ki lutic yoto kom pi two yellow fever,Emamiatatar edisitrikt keda eswamak lu itikitikete yellow fever.,Distrikiti 'da vu azi'ba e'yo rua ala nisi 'diyi azo yellow fever niri atrizu yo
SALT-DEV-0435,dev,The sports meeting was held at Namboole stadium.,Olukungaana lw'emizannyo lwali Namboole ku kisaawe.,Orukiiko rw'emizaano rukaba aha kishaayi kya Namboole.,Cokke me tuko otime I bar tuko me Namboole.,Abu airiamunet kojaikin kosawe loka abolia koNamboole.,Ba 'ba dri fuza avita yiniri pari avitani Nambolea
SALT-DEV-0436,dev,They amended the political parties act to provide for government funding.,Baakola ennongoosereza mu ssemateeka w'ebibiina by'obufuzi kibisobozese okufuna ku ssente za gavumenti.,Bakahindura ebibina by'eby'obutegyekyi kwirukirira gavumenti.,Kiloko cik makwako dul me cungu iwi bye mapat-pat wek gamente ocak konyo dul me cungu iwi bye ki lim.,Apotu kesi kitemonokisi ipatei kanu aswam alemun ikapun kanuka apugan.,Oja a'yota amuti politikini 'diyi drini ani gamete ecozu ani robia fezu yi dri indi beni
SALT-DEV-0437,dev,We need to find out why the issue is taking longer than expected.,Twetaaga okuzuula lwaki ensonga etwala obudde buwanvu ku bwe twasuubira.,Nitwenda kumanya ahabw'enki enshonga egyo etweire obwire bwingi obu twabaire tutarikuteekateeka.,Omyero waniang gin ango ma oweko lok man tye ka tero kare madwong tutwal,Ekot oni ajenun ibore ayangaikinor akirot apak naepol adepar ne aomitai.,Le ama ma esu e'yo nde ni sa'wa 'du ezu aga egaleri ra a'dusi ya ri ra.
SALT-DEV-0438,dev,China has established economic relations with Uganda.,China etaddewo enkolagana ne Uganda mu by'enfuna.,Eihanga rya China rikozireho omukago n'erya Yuganda omu by'obushuubuzi.,China tye ki wat maber ki Uganda I lok me biacara.,Aduku China eidicane loajokan loka aswam ibiasaran keda Ugganda.,Kari Chinaniri si esele onyiru e'yo robianirisi Uganda be 'bo
SALT-DEV-0439,dev,On this day Moslems share whatever little they have with each other.,Ku lunaku luno abasiraamu bagabana akatono konns ke balina n'abalala.,"Ahaizooba eri, abasiraamu nibabagana kakye koona aku baine.",inino eni cilam gi poko jami ma gitye kwede ki dano mukene,Kaparan kana emorete isiramun lupe ejaas keda akes,"O'du 'disi, isilamu eyi afa eyivu 'diyi awa eyi ma eselea"
SALT-DEV-0440,dev,He was an American gospel singer.,Yali Mumerika ayimba ennyimba z'eddiini.,Akaba ari omu merika omweshongozi w'ediini.,En obedo dano me Amerika ma goyo wer lega.,Arai ngesi ayoon loka ikososinei luka ediini koAmerica.,Eri andra 'ba Americani ongo Munguni ngopini'i.
SALT-DEV-0441,dev,The case was dropped as soon as they agreed to take action.,Omusango gwasaziddwamu amangu ddala nga bakiriziganyizza okukola.,Omushango bakagubaihaho ahonaaho baaheza kwikiriza kugira eki baakora.,Ki bolo lok eni woko ikare ma guyee me timo gin ma mite,Aponi emusago ikisarai nepe acamunatar kesi aiswamaun ibore.,Ba ku kesi 'da ja eyini aizu e'yo azi 'yezura ri ma vutia
SALT-DEV-0442,dev,The sports day was postponed.,Olunaku lw'ebyemizannyo lwayongezebwayo.,Eizooba ry'emizaano rikongyerwayo.,Ki loko nino me pyem tuku woko,Aponi isiekikinai aparan naka aboliasio.,Ba edri o'du avita eyini ri drile
SALT-DEV-0443,dev,"In Uganda, places of worship were shut down during the coronavirus outbreak.","Mu Uganda, amasinzizo gaggalwawo mu biseera by'okubalukawo kw'akawuka ka kolona.","Omu Uganda, emyanya y'amaramizo ekakingwa, endwara ya korona ku yabarukireho.",Kiloro gangi lega i Uganda ikare ma two corona opoto,"Ko Uganda, aponi ogolokinai aiboisio nuka ailip kapak na abwangunor adeka na ekorona.","Kari Uganda niri ma alea, 'ba opi pari izita izizu 'diyi ci sa'wa azo korona nirisi"
SALT-DEV-0444,dev,The police commander was transferred to another police station.,Omuduumizi wa poliisi yakyusibwa n'atwalibwa ku sitenseni ya poliisi endala.,"Orikuduumira poriisi, akahindurwa yatwarwa omu nkambi ya poriisi endiijo.",Kikobo Commander pa abili ki tere i Abili station mukene,Aponi ijularai lo apolokiton ipolisin ositeseni ecie.,Ba oja komanda polisi eyiniri angu polisi eyini nduni ma alea
SALT-DEV-0445,dev,He made it clear.,Yakikoze nga kitegeerekeka.,Akakishoboorora.,Onyuto man atyer kamaleng.,Abu ngesi kitacau ngun.,Ba e'yo nde ngmbo ru
SALT-DEV-0446,dev,There is a lot of dust on most roads because of the hot weather.,Enguudo ezisinga obungi ziriko enfuufu olw'okuba omusana mungi.,Hariho omucuucu mwingi omu nguuto aha bw'omushana.,Apwa tye madwong tutwal I gudu mapol pien piny lyet tutwal.,Ejai apua orotin luipu naarai emwana akolong noi.,Irifura ga nzila pari yima dria tre a'disiku angu mile ma e'yosi
SALT-DEV-0447,dev,Many regions which produce tobacco face a challenge of food insecurity and hunger.,Ebitundu bingi ebirima taaba bisanga okusoomoozebwa kw'ebbula ly'emmere n'enjala.,"Ebicweka bingi ebirikuhinga etaabe, biine oburemeezi bw'eibura ry'eby'okurya n'enjara.",Pol but piny ma puru taa gitye ki peko me kec,Aiboisio nuipu nu ekoriete etaba ejaas keda atiokisio nu inyamat ka etengei.,Angu karakara taba ofupi 'diyi e'yo ewaru nyaka ako azini abiri ni 'diyi esu
SALT-DEV-0448,dev,"Lord, I thank you for yesterday and I declare a new blessed day.",Mukama nkwebaza olw'olunaku lw'eggulo era nangirira olunaku olw'emikisa olugya.,"Mukama, ninkusiima ahabwa nyomwebazyo kandi nindangirira eizooba rirungi.","Rwot Rubanga, apwoyi pi laworo dok bene akwonge inyingi pi nino manyen mupong ki lar maber","Edeke Papa, esiyalamikit eong ijo kanu aparan nabian ido arai na esirerengitai.","Opi, Afe mini awa'difo o'du ajeri si dika ma ai mivu o'du o'diru ni asindriza be tre."
SALT-DEV-0449,dev,The lawyer brought the evidence to the court.,Omulamuzi yaleeta obujulizi mu kkooti.,Omuramuzi  akareeta obuhame omu kooti.,Lapilida ne okelo caden I kot.,Abu epulida koyangau aitogogongoret okooti.,Ba azita duani ni laapiri eji afa ecetaru dwani drilia indi
SALT-DEV-0450,dev,Some politicians represent personal interests.,Bannabyabufuzi abamu bakiikirira byabwe ku bwabwe.,Ab'ebyobutegyeki abamwe nibafa aha nshonga zaabo tibakufa aha nshonga z'abantu.,Lucung iwi bye mogo tamo pi miti mameggi gigi.,Icepolitisans ebwoikinitos ipudesia luka itunga.,Ba politiki ni azi 'diyi fi yi e'yo yi ma ngulupi ni 'diyi si
SALT-DEV-0451,dev,Coronavirus has affected all sectors of the economy.,Ekirwadde kya korona kikoseza ebitongole byonna eby'enfuna.,Akakooko ka korona kateganiise za sekita z'entatsya .?,Two korona ogudo dul tic mapatpat ducu me Uganda I yo marac.,Etirorit ekorona atutubena kere nuka adumun ikapun.,Azo coronavirusniri obi esele robiani 'diyi dria ra
SALT-DEV-0452,dev,Some families in the country can't afford electricity.,Amaka agamu tegasobola kusasula masanyalaze.,Amaka maingi omu ihanga tigarikubaasa mashanyarazi.,Gangi mukene I lobo man pw twero culu pi mac elektriciti.,Mam ikalia ice kotoma akwap epedorete aitac akim naka epiei.,Aku kari ma alia 'diyi ma azi econi aci oseza ri ma aje ofe ku
SALT-DEV-0453,dev,They read our letter of complaint today.,Baasomye ebbaluwa yaffe ey'okwemulugunya leero.,"Ebaruha yaitu y'okwetomboitwa, yashomwa eriizooba.",Gukwano waraga me koko wa,Aponi osiomai ebaluwa lo angurian wok ilolo.,Ba la ama waraga onuta onuzu ri andru
SALT-DEV-0454,dev,This development however is subject to the Council's conclusion of the curriculum development.,Enkulaakulana eno wabula yava ku kusalawo kw'akakiiko akateekateeka ebisomesebwa.,Enteekateeka egi neija kuteebwa omu nkora bwanyima y'okwikirizibwa akakiiko ka Curriculum development,Yub man kono lumii tam en aye gubimoko ma omyero kimed ikom jami akwana,Erai akriot ngin naitolomunitai naekotosi luka ekansulo aitetem kotoma angetakinet naka aitolomun aisisiaeta.,Te e'yo 'diri ma 'yeta sopa 'duta council ni e'yo onita wura ma siza si
SALT-DEV-0455,dev,Voters maintained and kept the peace during both the voting and ballot tallying activities.,Abantu baakuuma emirembe mu kiseera ky'okulonda ne mu kiseera ky'okubala obululu.,Abateezi b'oburuuru bakarinda obusingye omu kuteera n'okubara oburuuru.,Lubol kwir ogwoko kuc I kare me bolo ki bene kwano kwir.,Apotu acakak abootin kosalakisi iyamakina noi kotoma apak naka aicak keda aimario naka abootin.,Ba voti 'be'ba 'diyi mba asi anzu ma ta sawa voti 'bezu azini o'bata niri ma alia
SALT-DEV-0456,dev,He reported the matter to the police.,Ensonga yagitegeeza poliisi.,Akatwara enshonga aha pooriisi.,En doto loke bot abili.,Abu ngesi kolimo akiro ngul mama ejaasi ipolisin.,Dari oku dukani 'da ma e'iruri'i
SALT-DEV-0457,dev,"Other officers like ministers, public servants raise awareness against corruption.","Abakungu ba gavumenti nga baminisita, abakozi ba gavumenti ba kwongera ku ddoboozi ku kulwanisa enguzi.",Ba ofiisa nka baaminisita n'abandi bakozi ba gavumenti nibaza kwebembera ehururu y'okurwanisa oburi-bwenguzi.,"Ludito tic mukene macalo minista, lutic pa gamente gu mii ngec ikom tim camucana","Iceswamak kwape naka iminisitan, eswamak lka apugan itepegitos ecamusana.","Azi'ba azi ekile minista yi le, azi'ba gamete ni 'diyi mu mile onziza fe e'yo anyambolo niri ma dria"
SALT-DEV-0458,dev,The insurance company paid for the renovations when my house was destroyed in the fire.,Kampuni ya yinsuwa yasasula ssente ez'okudaabiriza ennyumba yange bwe yasaanyizibwawo omuliro.,Inshuwarensi kampuni ekashashurira kugarura busya enju yangye kuyaayokibwe omuriro.,Jo me inurance guculo pi roco ot man ma owang ki macci.,Abu ekampuni ngol kotac ekatogo necweia akim ekatogo.,Amut a'buta fepi e'yo ewaru 'diyisi insuranceniri  ofe aje 'bani ma vile jo vepi acisi edezurini.
SALT-DEV-0459,dev,What does it take for a project to succeed in a given community?,Kitwala ki pulojekiti okuyitamu mu kitundu?,"Purogyekiti kwerikuza kugyenda omumaisho, neyetenga ki?",Mono ngo ma nite pi yub moni me tic maber ikabedo,Inyobo eyangaikini kanu epurojekt apedor aswam ejok kotoma otunga?,Eri le a'duni otita azi ni ecozu pa tuzu kililiru ongulumu azi ma alea?
SALT-DEV-0460,dev,Areas represented by opposition members rarely get government services,Ebitundu ebikiikirirwa ab'oludda oluvuganya tebitera kufuna buweereza bwa gavumenti.,"Ab'omu bicweka ebirikujwekyerwa abanyeishengyero abarikuhakanisa Gavumenti, tibarikukira kutunga obuheereza bwa Gavumenti.",Kabedo matye ki lutela ma jemo i kom gamente ipol kare pe gi nongo kony,Aiboisio nu ebwoikitos imeban luka oposition mam idila adumunun aijanakino.,Gamete ni tutuni azi nga omgbo were si angu 'ba memba koloseni ni 'diyini aa'zu amuti politiki ni kari 'di ma dricepi niri ma alea ku 'diyi ma alea
SALT-DEV-0461,dev,We held a meeting with the supplier to confirm the delivery.,Twakola olukungaana n'abatuwa ebintu okukakasa nti baabituwa.,Tukagira orukiiko nogwo orikutuha ebintu kuhamya okwija kw'abyo.,Wabedo ki kacokke ki lakelwa jami me moko oo pa jami.,Aponi sio ajaikinos keda airiamunet kanu aitogogong ayangaunio naka iboro.,Afu dri 'ba afa ejipiri be afa yi ejizuri ma e'yo atizu
SALT-DEV-0462,dev,The rescue team used a special device to remove the people who were trapped in a collapsed building.,Abaduukirize baakozesezza ebyuma eby'enjawulo okuggyayo abantu abaabadde mu kizimbe ekyagudde.,Tiimu y'okucungura ekakoresa akooma k'omutaano okucungura abaabaire baairaaniire omu kyombeko ekyayerunzire owa ishe butaka.,Lula dano gutiyo ki Cuma ma kite dok pat me kwanyo dano ma gumoko I ot ma opoto pinyi.,Abu etimu loelakununei itunga kitosomata acuma kanu alemun itunga luejaasi aiboisit naebirora aduketait.,Ba 'ba etoba 'diyi ayu afa azini wura nduru 'dileni 'bani awi'ba jo asuzari ma alia 'diyi onzezu'i
SALT-DEV-0463,dev,One must have an appointment to meet with the president.,Omuntu yenna alina okuba n'akalagaane okusisinkana n'omukulembeze w'eggwanga.,Omuntu aine kukora enteekateeka y'okubugana omwebembezi w'eihanga.,Omyero ibed nongo ki mi gum me neno ladit lobo ci inene,Ekot itunganan ajaut keda akadi na acamanara kanu airiamun keda lokapolon akwap.,Le 'ba azi ma 'ba otita rakaka erini dri fuzu purezidenti be
SALT-DEV-0464,dev,A balanced diet isn't something for only the rich but is a fundamental right.,Emmere erimu ebirungo byonna si kintu eky'abagagga bokka wabula ddembe lya buli omu.,"Okurya ebyokurya ebirimu ebiriisa byona, tikirikorwa kyabagaiga bonka, n'obugabe bwa buri omwe.",Cam matye ki moc cam weng pe obedo pi lulonyo keken ento obedo twero pa latin,Mam aijul eode erai kanu itunga luabarak bon erai kanu itunga kere.,Nyaka wura ndundu eyi ma nyata adrini e'yo azi 'ba mali be 'diyini ni ku te drilemgbo amboru 'ba dria niri i
SALT-DEV-0465,dev,Uganda's telecom industry is so competitive,Omulimu gwa Uganda Telecom gwa kuvuganya nnyo.,Eby'empurizagana omu Uganda nimurwanirwa.,Tenge me cim I lobo Uganda tye ki pyem matek tutwal.,Ejai abolobol naepol noi toma ikampunin luka isimu koUganda.,Amuti Uganda telecom niri mile mbaru
SALT-DEV-0466,dev,They will die of hunger if no one comes to their rescue.,Bajja kufa enjala singa tewabaawo avaayo kubayamba.,Nibaija kwitwa enjara haaba hatagire owabahwera.,Dano makaro pwera apic ki celogi ki rac i kare me jemo i dwe me apar wiye acel,Epote kesi atwakare etengei arai emamei itunganan elakuni kesi.,Yi nga odra abiri dri 'ba azini ka emu yi eto ku
SALT-DEV-0467,dev,They were all dressed in white.,Bonna baali bambadde byeru.,Boona bakaba bajwaire ebirikwera.,Gin ducu onongo guruko bongi matar.,Anapitos kesi kere inapen luakwangak.,Yi osu de yi dria bongo emveru ma alia.
SALT-DEV-0468,dev,What is your home district?,Ozaalibwa mu disitulikiti ki?,Disiturikiti ei orikurugamu  ni eha?,In I aa ki dictrik mene?,Ai bo edisitrikta loilomunitor ijo?,Mi vile distrikit akuari ngo'i?
SALT-DEV-0469,dev,You need to sign that contract.,Weetaaga okuteeka omukono ku ndagaano.,Oine kuta omukono aha ndagaano egyo.,Omyero iket cingi I winye manyen,Ekot ijo aidokokin akan okontrakit ngol.,Le mi ma ti dri kontrakiti 'da ma dria ra.
SALT-DEV-0470,dev,Fundamentally it is a system of cultivating and maintaining a political following.,"Mu ngeri eyomugaso, nkola ey'okutandikawo n'okukuumira abagoberezi mu byobufuzi.",Okutwariza hamwe n'omuringo gw'okubaisaho gavumenti ngu egume eine abashagiki.,Mapire tek en aye guru ki gwoko dano ma cwako tela wii bye malegi,Kotoma abeit erai epone loka adukun keda aidar epone loka politikis.,Ngmbari siria eri geri angu vuti biza politiki ni edezu azini ta ni mbazu ri'I
SALT-DEV-0471,dev,The legislators want to know why refugees are made to pay.,Bannamateeka baagala okumanya ensonga lwaki abanoonyi b'obubudamu babasasuza.,Abakiiki b'eishengyero nibenda kumanya ahabwenki empungi nibazishashuza.,Luwang lwak I ot moko cik tye ki miti me ngeyo tyen lok ma oweko kiketo luring ayela bene tye kaculu.,Ekotosi lukapolok ajenun kanuinyo einakinitere ikerai aitac,Ba azita si'baa 'diyi le nii 'ba fe emunyale yi dri aje ofe indi a'di e'yosi ya ri.
SALT-DEV-0472,dev,That football club was founded over a hundred years ago.,Ttiimu y'omupiira eyo yatandikibwawo emyaka egisukka mu kikkumi egiyise.,Tiimu egyo ekatandikwaho emwaka igana enyimaho.,Team man dong ocakke mwaka mia acle angec.,Itegearitai ekilab lo loka emopira ikar luedeparete akwatat kau.,Ba e'do amuti mupira tuzani 'dari ma eti eli turu alu aga 'bo.
SALT-DEV-0473,dev,People should cooperate to enhance development in the district.,Abantu balina okukolera awamu okusobola okwongera ku nkulaakulana mu disitulikiti.,"Abantu bashemereire kukwatanisa, okubaasa kwongyera entunguuka omu disiturikiti.",Dano omyero gutii kacelo pi kelo dongo lobo i dictrikgi,Ekot itunga aiswamanara kanu aikeun apol ko disitrikt.,Le 'ba eyi ma eciti angu ezoma distrikiti'a ri ma omgbo edrizu
SALT-DEV-0474,dev,Abortion pills should not be sold to teenagers.,Amakelenda agaggyamu embuto tegasaanidde kutundibwa eri bavubuka.,Obujuma obw'okwihamu enda bushemereire kuba butakaguzibwa abaana bato.,Yat me oyo ic pe myero kimi bot lutino anyira.,Mam ibusakinit aitwegelinikin atumunak ikee luicikete akoikes.,Ba ma ozi aro efifi anzi ofuzu 'diyi anzi eli mudri dri piea 'diyi dri ku.
SALT-DEV-0475,dev,Bemanya is always in conflict with Minister Anite.,Bemanya abeera mu kukuubagana ne minisita Anite.,Bemanya atwire omu ntaro na minisita Anite.,I kare weng Bemanya tye ki telle I kin gin ki minicta Anite.,Ejaasi duc Bemanya keda ingungeta keda Aminisita Anite.,Bemanya ni sa driasi eyo isu Anite be i.
SALT-DEV-0476,dev,My parents are God-fearing.,Bazadde bange batya Katonda.,Abazaire bangye nibatiina Ruhanga.,Lunyodona gubedo jo ma lworo Lubanga.,Eraasi auriakaka lueyongito Edeke.,Ma tipika yi uri Munguniri be.
SALT-DEV-0477,dev,Justice should prevail in our country.,Eddembe lirina okubeera mu gwanga lyaffe.,Oburinganiza bwine kureebeka omwihanga ryeitu.,Tero dano iyo marom omyero obed tye ilobo ni,Ekot akiro nu ikisila otupitete kakwap wok.,Le e'yo ada ma tupa Kari amavileri ma alea ni
SALT-DEV-0478,dev,They should reconcile the fights in their parties.,Balina okumalawo okulwanagana mu bibiina byabwe.,Ebibiina bishemereire kurwanisa entaaro  zaabo.,Myero ogig lweny matye I kin gangi gi.,Ibusakinit kes aitemokin iceleta luejaasi opateikec.,Amuti ma truu e'yo afu fuza  ni yi ma eselea ri si ra
SALT-DEV-0479,dev,I cannot believe that they are now friends.,Sisobola kukikkiriza nti kati bamukwano.,Tindikwikiriza ngu obwahati n'abanywani.,Pe aromo yee ni kombedi gitye lurem.,Mam eong acamunit ebe eraasi kwana kesi ipaper.,Ma econi a'i kini yi sawa 'disi agyiniri ku.
SALT-DEV-0480,dev,The seats were not enough for everyone.,Entebe zaali tezimala.,Entebe zikaba zitarikumara bantu boona.,Kom ne pe obedo ma oromo pi dano ducu.,Mam icolongo ngun edolete itunga kere.,Kiti cani 'ba driasi ku.
SALT-DEV-0481,dev,He interrupted the ceremony.,Yagootaanya omukolo.,Akateganisa omukoro.,En obalo kwer ma obedo tye.,Abu ngesi kitolitol epucit.,So omu nde ma ale ci.
SALT-DEV-0482,dev,They negotiated with the officer to forgive them.,Baateesa n'omukungu okubasonyiwa.,Bakateisa na ofiisa ngu amusaasire.,Guloko ki abili ni otim itgi kica,Apotu kesi ineranaros keda eswaman kanu aitim kes.,Eyi obe azi'ba 'da eyi truzu te
SALT-DEV-0483,dev,The boy passed on without being tried.,Omulenzi yafa nga tannawozesebwa.,Omwojo akafa batakamucwereire mushango.,Awobi ni oto ma pe giwinyo adot ma kiketo i kome I kot,Abu esapat otwana komam epupitai emusago.,Agupiamva 'da dra de nga po'di 'ba ji eri kotia ku.
SALT-DEV-0484,dev,I keep my money in the bank.,Ntereka ssente zange mu bbanka.,Esente zangye ninzibiika omu banka.,Agwoko cente na i bang,Engadi eong ikapun ka aingadis naka ikapun.,Ma robia mavileri ma ta mba erojo ma alea
SALT-DEV-0485,dev,Cultural leaders are greedy and selfish.,Abakulembeze b'ennono balina omululu n'okweyagaliza.,"Abeebembezi b'eby'obuhangwa, baine omururu, kandi nibeyendeza.",Lutela me tekwaro lukee dok gitamo pigi kengi,Engarenok lu atekerin isinyoko ido ibitioko,Drice'ba suruni 'diyi anyamgbolo ru azini ikpere ru
SALT-DEV-0486,dev,Both politicians and their supporters confuse the voters and the supporters.,Bannabyabufuzi n'abawagizi baabwe batabula abalonzi n'abawagizi.,Ab’ebyobutegyeki hamwe n’abahagizi baabo nibaburabuza abateezi bakaruuru hamwe nabarikubashagika.,Lucung iwi bye kacel lucwakgi gunyweno wii lubol kwir ki lucwak.,Abwoak keda egangitok kere mam ejenete atiaketai naejai kiding aseak keda egangitok.,"Ba politiki-a 'diyi, o'bi yi atipi 'diyi pie, abaza fe o'bi voti' bepi azini o'bi yi atipi 'diyi ma eselea."
SALT-DEV-0487,dev,The building plan was presented to the congregation after prayers.,Pulaani y'ekizimbe yayanjulibwa olukungaana oluvannyuma lw'okusaba.,"Enteekateeka y'ekyombeko, ekoorekwa abantu ahanyima y'okushaba.",Kiyaro plan me gedo manyen ni bot lucristayo inge lega,Aponi itodikinai ikristayon epulani lo aduketait akaulo na ailipasinei.,Ba e'da otita jo nde sizuri Kristiani eyini Izita vutia
SALT-DEV-0488,dev,Her health gradually declined as she aged.,Obulamu bwe bwagenda bwonooneka bwe yagenda akula.,Amagara ge gakaba mabi ku yaagumire naakura.,Yoto kome odok piny motmot ka en woto ki tii.,Abu akeijar kinyikok aroniar namojongia ngesi.,Eri ma rua alata ri emvi e'yere erini droria deria
SALT-DEV-0489,dev,Police requested the family to vacate the land as early as possible.,Poliisi yasabye famire eve ku ttaka mu bwangu ddala.,"Poriisi ekashaba famire okuruga ahaitaka bukiri kare, nk'oku kirikubaasika.",Police okwayo jo ot me aa woko ki ingom meno con,Abu polis ilipite ekale anyoun alupok atipet.,Polisi eyi ai familia 'da nyaku 'da ku zu mbeleru.
SALT-DEV-0490,dev,We need to promote peace in Northern Uganda.,Twetaaga okutumbula eddembe mu bukiikakkono bwa Uganda.,Twine kushongyera obusingye omu kicweka ky'amatemba ga Uganda.,Omyero wa wek kuc obed tye i kumalo me Uganda,Ekot oni aitopolor aipuc ko Nyakoi nako Uganda.,Le ama ma otu asianzu ma omgbo kari Uganda niri ma woko oruleru ri ma alea
SALT-DEV-0491,dev,You must be drunk now.,Oteekwa okuba nga kati otamidde.,Oine kuba otsinzire.,Atamo imer dong.,Ajeni eong ebe imera jo.,Mi ati te 'di sawa 'disi 'bo
SALT-DEV-0492,dev,I do not think that radio-based learning is effective enough.,Ssirowooza nti okusoma okw'oku leediyo kulungi ekimala.,Tindikuhamya ngu okushomera aha za radiyo kurimu kihango.,Pe atamo ni kwan kun lutino winyo pwony awinya ki redio twero weko lutino niang pwony maber.,Mam eong aomit bala ingarakini aisisia naka eredio.,Ma egani kini embata geri radioasiri eco ovu orodriru ra 'dnin ku
SALT-DEV-0493,dev,People have been advised to stop taking bribes.,Abantu baweereddwa amagezi okukomya okulya enguzi.,Abantu bahabwirwe okurekyeraaho kutwara ebituga.,Ki lego dano me juku gamo kitu kidogo,Aponi olimokinai itunga apalar aijajatoi ikapun.,ꞌBa ꞌba yi dri embata fe afa ti razu ꞌdiyi aꞌizu ku.
SALT-DEV-0494,dev,I gave two street children two thousand Ugandan shillings to buy food.,Nnawa abaana babiri ab'oku nguudo sillingi enkumi bbiri mu za Uganda bagulemu emmere.,Mpaire abaana baaha nguuto siringi ekumi ibiri kugura eby'okurya.,Amiyo ciling alip aryo bot lutino aguu pi wilo cam.,Abu eong ainak idwe luiboiete korotin luko taun ikapun ilukumin iarei kanu agwel inyamat.,Afe anzi nzila dria iri yi dri silingi alifu iri nyaka jezu.
SALT-DEV-0495,dev,My father is the best midfielder in the world.,Mu nsi yonna kitange ye muzannyi asinga okuzannya wakati.,Taata niwemuzaani orikusingayo okuzaanira gye omupiira gw'ebigyere ahagati y'ekishaayi omunsi yoona.,Babana aye obedo latuk odilo matuko idye bar maber loyo ki I wilobo.,Erai papaka abolian loko kiding loka emopira loajokan kakere kotoma akwap kere.,Ama atini 'ba pari agaduari avizasi ala ndeniri'i
SALT-DEV-0496,dev,The government is taxing us almost five times.,Gavumenti etuggyako omusolo kumpi emirundi etaano.,Gavumenti neetushashuza omushoro haihi emirundi etaano.,Gamente weko waculu mucoro tyen ma nyayo abic kulu,Itataci apugan isio esolo nepetai irwan akany.,Gamente ni ama dria musoro ali ogogo pale towi
SALT-DEV-0497,dev,What happened to their friendship?,Kiki ekyatuuka ku mukwano gwabwe?,Niki ekyabaire aha bunwani bwabo.,Lirem pa joni tye ka wot nining?,Inyoin bo abu kotakanik epaperonekec?,A'di e'yo 'ye i agyi 'baza yiniri be ni?
SALT-DEV-0498,dev,The district health department will carry out a yellow fever vaccination.,Ekitongole ky'ebyobulamu ku disitulikiti kijja kugema abantu omusujja gw'enkaka.,"Ekitongore ky'eby'amagara ekya Disiturikiti, nikiija kusirika omushwija gw'enkaka.",Lutic yoto kom gubu kati ki yub me gwero dano i kom two yellow fever,Elosi ewai lo angaleu ko disitrikt aikis ekato loka eimidi loidosoikini akonye.,Arakala rua ala ni distrikiti'a ri ni mu otita 'ba eyi osozu azo yellow fever nirisi ni 'ye
SALT-DEV-0499,dev,Respondents are asked about the amount of money exchanged.,Abantu babuuzibwa ebikwata ku ssente mmeka eziba zivungisiddwa.,Abarikugarukamu ebibuuzo nibabuuzibwa aha muhendo gw'esente oguhanisiibwe.,Kipenyo lugam penyo egoni I kom wel cente magunongo.,Aponi kingitai itunga ikapun luaponi kisiesai.,Ba ozi 'ba e'yo omvipi 'diyi ma tia kalafe sende yini ojalerini.
SALT-DEV-0500,dev,Teachers are not well paid.,Abasomesa tebasasulwa bulungi.,Abegyesa tibarikushashurwa gye.,Pe ki culu lupwonye maber,Mam isisianakinak etacio ejok.,Ba ofeni imba'ba eyi muke ku
