date,region,district,market_name,commodity,unit,price_type,price_ugx,price_usd
2006-01-15,Busia,Samia-bugwe,Busia,Maize,KG,Wholesale,298.4,0.17
2006-01-15,Kampala,Central Kampala,Owino,Maize,KG,Wholesale,345.42,0.2
2006-01-15,Kampala,Central Kampala,Owino,Rice,KG,Wholesale,1013.4,0.58
2006-02-15,Busia,Samia-bugwe,Busia,Maize,KG,Wholesale,296.59,0.17
2006-02-15,Kampala,Central Kampala,Owino,Maize,KG,Wholesale,347.23,0.2
2006-02-15,Kampala,Central Kampala,Owino,Rice,KG,Wholesale,1028.64,0.59
2006-03-15,Busia,Samia-bugwe,Busia,Maize,KG,Wholesale,296.68,0.17
2006-03-15,Kampala,Central Kampala,Owino,Maize,KG,Wholesale,394.36,0.22
2006-03-15,Kampala,Central Kampala,Owino,Rice,KG,Wholesale,1133.91,0.65
2006-04-15,Busia,Samia-bugwe,Busia,Maize,KG,Wholesale,291.77,0.17
2006-04-15,Kampala,Central Kampala,Owino,Maize,KG,Wholesale,393.8,0.22
2006-04-15,Kampala,Central Kampala,Owino,Rice,KG,Wholesale,1074.0,0.61
2006-05-15,Busia,Samia-bugwe,Busia,Maize,KG,Wholesale,291.77,0.17
2006-05-15,Kampala,Central Kampala,Owino,Maize,KG,Wholesale,429.6,0.24
2006-05-15,Kampala,Central Kampala,Owino,Rice,KG,Wholesale,1292.38,0.74
2006-06-15,Busia,Samia-bugwe,Busia,Maize,KG,Wholesale,366.35,0.21
2006-06-15,Kampala,Central Kampala,Owino,Maize,KG,Wholesale,395.99,0.23
2006-06-15,Kampala,Central Kampala,Owino,Rice,KG,Wholesale,1258.17,0.72
2006-07-15,Busia,Samia-bugwe,Busia,Maize,KG,Wholesale,370.18,0.21
2006-07-15,Kampala,Central Kampala,Owino,Maize,KG,Wholesale,300.63,0.17
2006-07-15,Kampala,Central Kampala,Owino,Rice,KG,Wholesale,1109.58,0.63
2006-08-15,Busia,Samia-bugwe,Busia,Maize,KG,Wholesale,312.28,0.18
2006-08-15,Kampala,Central Kampala,Owino,Maize,KG,Wholesale,216.57,0.12
2006-08-15,Kampala,Central Kampala,Owino,Rice,KG,Wholesale,1098.45,0.63
2006-09-15,Busia,Samia-bugwe,Busia,Maize,KG,Wholesale,255.54,0.15
2006-09-15,Kampala,Central Kampala,Owino,Maize,KG,Wholesale,267.71,0.15
2006-09-15,Kampala,Central Kampala,Owino,Rice,KG,Wholesale,1134.14,0.65
2006-10-15,Busia,Samia-bugwe,Busia,Maize,KG,Wholesale,265.75,0.15
2006-10-15,Kampala,Central Kampala,Owino,Maize,KG,Wholesale,271.91,0.15
2006-10-15,Kampala,Central Kampala,Owino,Rice,KG,Wholesale,1140.96,0.65
2006-11-15,Busia,Samia-bugwe,Busia,Maize,KG,Wholesale,280.55,0.16
2006-11-15,Kampala,Central Kampala,Owino,Maize,KG,Wholesale,303.11,0.17
2006-11-15,Kampala,Central Kampala,Owino,Rice,KG,Wholesale,1183.46,0.67
2006-12-15,Busia,Samia-bugwe,Busia,Maize,KG,Wholesale,290.24,0.17
2006-12-15,Kampala,Central Kampala,Owino,Maize,KG,Wholesale,337.11,0.19
2006-12-15,Kampala,Central Kampala,Owino,Rice,KG,Wholesale,1244.98,0.71
2007-01-15,Busia,Samia-bugwe,Busia,Maize,KG,Wholesale,281.57,0.16
2007-01-15,Kampala,Central Kampala,Owino,Maize,KG,Wholesale,264.33,0.15
2007-01-15,Kampala,Central Kampala,Owino,Rice,KG,Wholesale,1206.61,0.69
2007-02-15,Kampala,Central Kampala,Owino,Maize,KG,Wholesale,259.06,0.15
2007-02-15,Kampala,Central Kampala,Owino,Rice,KG,Wholesale,1229.14,0.7
2007-03-15,Kampala,Central Kampala,Owino,Maize,KG,Wholesale,253.31,0.14
2007-03-15,Kampala,Central Kampala,Owino,Rice,KG,Wholesale,1199.61,0.68
2007-04-15,Kampala,Central Kampala,Owino,Maize,KG,Wholesale,241.13,0.14
2007-04-15,Kampala,Central Kampala,Owino,Rice,KG,Wholesale,1154.92,0.66
2007-05-15,Busia,Samia-bugwe,Busia,Maize,KG,Wholesale,315.47,0.18
2007-05-15,Kampala,Central Kampala,Owino,Maize,KG,Wholesale,249.62,0.14
2007-05-15,Kampala,Central Kampala,Owino,Rice,KG,Wholesale,1140.15,0.65
2007-06-15,Busia,Samia-bugwe,Busia,Maize,KG,Wholesale,301.12,0.17
2007-06-15,Kampala,Central Kampala,Owino,Maize,KG,Wholesale,222.75,0.13
2007-06-15,Kampala,Central Kampala,Owino,Rice,KG,Wholesale,980.76,0.56
2007-07-15,Busia,Samia-bugwe,Busia,Maize,KG,Wholesale,348.62,0.2
2007-07-15,Kampala,Central Kampala,Owino,Maize,KG,Wholesale,228.78,0.13
2007-07-15,Kampala,Central Kampala,Owino,Rice,KG,Wholesale,867.82,0.49
2007-08-15,Busia,Samia-bugwe,Busia,Maize,KG,Wholesale,330.77,0.19
2007-08-15,Kampala,Central Kampala,Owino,Maize,KG,Wholesale,214.87,0.12
2007-08-15,Kampala,Central Kampala,Owino,Rice,KG,Wholesale,824.04,0.47
2007-09-15,Busia,Samia-bugwe,Busia,Maize,KG,Wholesale,314.24,0.18
2007-09-15,Kampala,Central Kampala,Owino,Maize,KG,Wholesale,203.75,0.12
2007-09-15,Kampala,Central Kampala,Owino,Rice,KG,Wholesale,851.94,0.49
2007-10-15,Busia,Samia-bugwe,Busia,Maize,KG,Wholesale,331.47,0.19
2007-10-15,Kampala,Central Kampala,Owino,Maize,KG,Wholesale,208.5,0.12
2007-10-15,Kampala,Central Kampala,Owino,Rice,KG,Wholesale,980.43,0.57
2007-11-15,Busia,Samia-bugwe,Busia,Maize,KG,Wholesale,359.61,0.21
2007-11-15,Kampala,Central Kampala,Owino,Maize,KG,Wholesale,254.69,0.15
2007-11-15,Kampala,Central Kampala,Owino,Rice,KG,Wholesale,1018.46,0.61
2007-12-15,Busia,Samia-bugwe,Busia,Maize,KG,Wholesale,376.43,0.22
2007-12-15,Kampala,Central Kampala,Owino,Maize,KG,Wholesale,274.69,0.16
2007-12-15,Kampala,Central Kampala,Owino,Rice,KG,Wholesale,1055.7,0.62
2008-01-15,Kampala,Central Kampala,Owino,Beans,KG,Wholesale,996.01,0.58
2008-01-15,Kampala,Central Kampala,Owino,Maize,KG,Wholesale,305.34,0.18
2008-01-15,Kampala,Central Kampala,Owino,Rice,KG,Wholesale,1150.65,0.68
2008-02-15,Busia,Samia-bugwe,Busia,Maize,KG,Wholesale,414.74,0.24
2008-02-15,Kampala,Central Kampala,Owino,Beans,KG,Wholesale,1011.06,0.59
2008-02-15,Kampala,Central Kampala,Owino,Maize,KG,Wholesale,289.62,0.17
2008-02-15,Kampala,Central Kampala,Owino,Rice,KG,Wholesale,1147.43,0.67
2008-03-15,Busia,Samia-bugwe,Busia,Maize,KG,Wholesale,483.23,0.29
2008-03-15,Kampala,Central Kampala,Owino,Beans,KG,Wholesale,1075.24,0.64
2008-03-15,Kampala,Central Kampala,Owino,Maize,KG,Wholesale,343.0,0.2
2008-03-15,Kampala,Central Kampala,Owino,Rice,KG,Wholesale,1121.69,0.67
2008-04-15,Kampala,Central Kampala,Owino,Beans,KG,Wholesale,1201.13,0.72
2008-04-15,Kampala,Central Kampala,Owino,Maize,KG,Wholesale,404.27,0.24
2008-04-15,Kampala,Central Kampala,Owino,Rice,KG,Wholesale,1407.28,0.84
2008-05-15,Kampala,Central Kampala,Owino,Beans,KG,Wholesale,1214.31,0.74
2008-05-15,Kampala,Central Kampala,Owino,Maize,KG,Wholesale,504.08,0.31
2008-05-15,Kampala,Central Kampala,Owino,Rice,KG,Wholesale,1550.1,0.95
2008-06-15,Busia,Samia-bugwe,Busia,Maize,KG,Wholesale,527.77,0.34
2008-06-15,Kampala,Central Kampala,Owino,Beans,KG,Wholesale,1146.21,0.73
2008-06-15,Kampala,Central Kampala,Owino,Maize,KG,Wholesale,597.96,0.38
2008-06-15,Kampala,Central Kampala,Owino,Rice,KG,Wholesale,1415.31,0.91
2008-07-15,Busia,Samia-bugwe,Busia,Maize,KG,Wholesale,591.6,0.36
2008-07-15,Kampala,Central Kampala,Owino,Beans,KG,Wholesale,1054.29,0.64
2008-07-15,Kampala,Central Kampala,Owino,Cassava flour,KG,Retail,700.0,0.42
2008-07-15,Kampala,Central Kampala,Owino,Cassava flour,KG,Wholesale,514.29,0.31
2008-07-15,Kampala,Central Kampala,Owino,Maize,KG,Wholesale,560.67,0.34
2008-07-15,Kampala,Central Kampala,Owino,Rice,KG,Wholesale,1541.3,0.93
2008-08-15,Busia,Samia-bugwe,Busia,Maize,KG,Wholesale,504.55,0.31
2008-08-15,Kampala,Central Kampala,Owino,Beans,KG,Wholesale,1217.66,0.76
2008-08-15,Kampala,Central Kampala,Owino,Cassava flour,KG,Retail,715.38,0.44
2008-08-15,Kampala,Central Kampala,Owino,Cassava flour,KG,Wholesale,576.15,0.36
2008-08-15,Kampala,Central Kampala,Owino,Maize,KG,Wholesale,415.88,0.26
2008-08-15,Kampala,Central Kampala,Owino,Rice,KG,Wholesale,1721.01,1.07
2008-09-15,Busia,Samia-bugwe,Busia,Maize,KG,Wholesale,580.84,0.36
2008-09-15,Kampala,Central Kampala,Owino,Beans,KG,Wholesale,1358.81,0.83
2008-09-15,Kampala,Central Kampala,Owino,Cassava flour,KG,Retail,744.44,0.46
2008-09-15,Kampala,Central Kampala,Owino,Cassava flour,KG,Wholesale,596.67,0.37
2008-09-15,Kampala,Central Kampala,Owino,Maize,KG,Wholesale,494.57,0.3
2008-09-15,Kampala,Central Kampala,Owino,Rice,KG,Wholesale,1749.65,1.07
2008-10-15,Busia,Samia-bugwe,Busia,Maize,KG,Wholesale,723.92,0.42
2008-10-15,Kampala,Central Kampala,Owino,Beans,KG,Retail,1570.0,0.91
2008-10-15,Kampala,Central Kampala,Owino,Beans,KG,Wholesale,1174.88,0.68
2008-10-15,Kampala,Central Kampala,Owino,Cassava flour,KG,Retail,710.0,0.41
2008-10-15,Kampala,Central Kampala,Owino,Cassava flour,KG,Wholesale,553.0,0.32
2008-10-15,Kampala,Central Kampala,Owino,Maize,KG,Wholesale,604.89,0.35
2008-10-15,Kampala,Central Kampala,Owino,Rice,KG,Wholesale,1573.97,0.91
2008-11-15,Busia,Samia-bugwe,Busia,Maize,KG,Wholesale,755.11,0.4
2008-11-15,Kampala,Central Kampala,Owino,Beans,KG,Retail,1408.33,0.75
2008-11-15,Kampala,Central Kampala,Owino,Beans,KG,Wholesale,948.89,0.5
2008-11-15,Kampala,Central Kampala,Owino,Cassava flour,KG,Retail,787.5,0.42
2008-11-15,Kampala,Central Kampala,Owino,Cassava flour,KG,Wholesale,643.33,0.34
2008-11-15,Kampala,Central Kampala,Owino,Maize,KG,Wholesale,642.79,0.34
2008-11-15,Kampala,Central Kampala,Owino,Rice,KG,Wholesale,1505.25,0.8
2008-12-15,Busia,Samia-bugwe,Busia,Maize,KG,Wholesale,733.12,0.37
2008-12-15,Kampala,Central Kampala,Owino,Beans,KG,Retail,1400.0,0.71
2008-12-15,Kampala,Central Kampala,Owino,Beans,KG,Wholesale,1085.29,0.55
2008-12-15,Kampala,Central Kampala,Owino,Cassava flour,KG,Retail,775.0,0.39
2008-12-15,Kampala,Central Kampala,Owino,Cassava flour,KG,Wholesale,616.25,0.31
2008-12-15,Kampala,Central Kampala,Owino,Maize,KG,Wholesale,605.78,0.31
2008-12-15,Kampala,Central Kampala,Owino,Rice,KG,Wholesale,1342.35,0.68
2009-01-15,Kampala,Central Kampala,Owino,Beans,KG,Retail,1500.0,0.76
2009-01-15,Kampala,Central Kampala,Owino,Beans,KG,Wholesale,1087.02,0.55
2009-01-15,Kampala,Central Kampala,Owino,Cassava flour,KG,Retail,776.92,0.4
2009-01-15,Kampala,Central Kampala,Owino,Cassava flour,KG,Wholesale,646.92,0.33
2009-01-15,Kampala,Central Kampala,Owino,Maize,KG,Wholesale,503.45,0.26
2009-01-15,Kampala,Central Kampala,Owino,Rice,KG,Wholesale,1406.92,0.72
2009-02-15,Busia,Samia-bugwe,Busia,Maize,KG,Wholesale,437.46,0.22
2009-02-15,Kampala,Central Kampala,Owino,Beans,KG,Retail,1500.0,0.77
2009-02-15,Kampala,Central Kampala,Owino,Beans,KG,Wholesale,1105.84,0.57
2009-02-15,Kampala,Central Kampala,Owino,Cassava flour,KG,Retail,800.0,0.41
2009-02-15,Kampala,Central Kampala,Owino,Cassava flour,KG,Wholesale,620.0,0.32
2009-02-15,Kampala,Central Kampala,Owino,Maize,KG,Wholesale,497.88,0.25
2009-02-15,Kampala,Central Kampala,Owino,Rice,KG,Wholesale,1469.82,0.75
2009-03-15,Busia,Samia-bugwe,Busia,Maize,KG,Wholesale,799.52,0.39
2009-03-15,Kampala,Central Kampala,Owino,Beans,KG,Retail,1476.92,0.73
2009-03-15,Kampala,Central Kampala,Owino,Beans,KG,Wholesale,1139.1,0.56
2009-03-15,Kampala,Central Kampala,Owino,Cassava flour,KG,Retail,800.0,0.4
2009-03-15,Kampala,Central Kampala,Owino,Cassava flour,KG,Wholesale,606.92,0.3
2009-03-15,Kampala,Central Kampala,Owino,Maize,KG,Wholesale,544.41,0.27
2009-03-15,Kampala,Central Kampala,Owino,Rice,KG,Wholesale,1476.11,0.73
2009-04-15,Busia,Samia-bugwe,Busia,Maize,KG,Wholesale,1005.89,0.47
2009-04-15,Kampala,Central Kampala,Owino,Beans,KG,Retail,1454.55,0.68
2009-04-15,Kampala,Central Kampala,Owino,Beans,KG,Wholesale,1193.53,0.56
2009-04-15,Kampala,Central Kampala,Owino,Cassava flour,KG,Retail,972.73,0.45
2009-04-15,Kampala,Central Kampala,Owino,Cassava flour,KG,Wholesale,800.91,0.37
2009-04-15,Kampala,Central Kampala,Owino,Maize,KG,Wholesale,753.36,0.35
2009-04-15,Kampala,Central Kampala,Owino,Rice,KG,Wholesale,1623.73,0.76
2009-05-15,Busia,Samia-bugwe,Busia,Maize,KG,Wholesale,1051.54,0.46
2009-05-15,Kampala,Central Kampala,Owino,Beans,KG,Retail,1666.67,0.74
2009-05-15,Kampala,Central Kampala,Owino,Beans,KG,Wholesale,1220.52,0.54
2009-05-15,Kampala,Central Kampala,Owino,Cassava flour,KG,Retail,1100.0,0.49
2009-05-15,Kampala,Central Kampala,Owino,Cassava flour,KG,Wholesale,894.44,0.39
2009-05-15,Kampala,Central Kampala,Owino,Maize,KG,Wholesale,715.92,0.32
2009-05-15,Kampala,Central Kampala,Owino,Rice,KG,Wholesale,1757.69,0.78
2009-06-15,Busia,Samia-bugwe,Busia,Maize,KG,Wholesale,918.24,0.43
2009-06-15,Kampala,Central Kampala,Owino,Beans,KG,Retail,1584.62,0.73
2009-06-15,Kampala,Central Kampala,Owino,Beans,KG,Wholesale,1148.86,0.53
2009-06-15,Kampala,Central Kampala,Owino,Cassava flour,KG,Retail,1130.77,0.52
2009-06-15,Kampala,Central Kampala,Owino,Cassava flour,KG,Wholesale,917.69,0.42
2009-06-15,Kampala,Central Kampala,Owino,Maize,KG,Wholesale,632.01,0.29
2009-06-15,Kampala,Central Kampala,Owino,Rice,KG,Wholesale,1701.72,0.79
2009-07-15,Busia,Samia-bugwe,Busia,Maize,KG,Wholesale,840.63,0.4
2009-07-15,Kampala,Central Kampala,Owino,Beans,KG,Retail,1538.46,0.73
2009-07-15,Kampala,Central Kampala,Owino,Beans,KG,Wholesale,1122.68,0.53
2009-07-15,Kampala,Central Kampala,Owino,Cassava flour,KG,Retail,1100.0,0.52
2009-07-15,Kampala,Central Kampala,Owino,Cassava flour,KG,Wholesale,889.23,0.42
2009-07-15,Kampala,Central Kampala,Owino,Maize,KG,Wholesale,640.44,0.3
2009-07-15,Kampala,Central Kampala,Owino,Rice,KG,Wholesale,1690.5,0.8
2009-08-15,Busia,Samia-bugwe,Busia,Maize,KG,Wholesale,786.84,0.38
2009-08-15,Kampala,Central Kampala,Owino,Beans,KG,Retail,1807.14,0.88
2009-08-15,Kampala,Central Kampala,Owino,Beans,KG,Wholesale,1160.14,0.57
2009-08-15,Kampala,Central Kampala,Owino,Cassava flour,KG,Retail,1103.57,0.54
2009-08-15,Kampala,Central Kampala,Owino,Cassava flour,KG,Wholesale,890.71,0.43
2009-08-15,Kampala,Central Kampala,Owino,Maize,KG,Wholesale,602.56,0.29
2009-08-15,Kampala,Central Kampala,Owino,Rice,KG,Wholesale,1634.1,0.8
2009-09-15,Busia,Samia-bugwe,Busia,Maize,KG,Wholesale,761.65,0.39
2009-09-15,Kampala,Central Kampala,Owino,Beans,KG,Retail,2069.23,1.06
2009-09-15,Kampala,Central Kampala,Owino,Beans,KG,Wholesale,1398.75,0.72
2009-09-15,Kampala,Central Kampala,Owino,Cassava flour,KG,Retail,1076.92,0.55
2009-09-15,Kampala,Central Kampala,Owino,Cassava flour,KG,Wholesale,873.08,0.45
2009-09-15,Kampala,Central Kampala,Owino,Maize,KG,Wholesale,590.94,0.3
2009-09-15,Kampala,Central Kampala,Owino,Rice,KG,Wholesale,1657.8,0.85
2009-10-15,Kampala,Central Kampala,Owino,Beans,KG,Retail,1753.85,0.93
2009-10-15,Kampala,Central Kampala,Owino,Beans,KG,Wholesale,1387.71,0.73
2009-10-15,Kampala,Central Kampala,Owino,Cassava flour,KG,Retail,1023.08,0.54
2009-10-15,Kampala,Central Kampala,Owino,Cassava flour,KG,Wholesale,833.08,0.44
2009-10-15,Kampala,Central Kampala,Owino,Maize,KG,Wholesale,658.58,0.35
2009-10-15,Kampala,Central Kampala,Owino,Rice,KG,Wholesale,1699.5,0.9
2009-11-15,Kampala,Central Kampala,Owino,Beans,KG,Retail,1527.27,0.82
2009-11-15,Kampala,Central Kampala,Owino,Beans,KG,Wholesale,1392.9,0.75
2009-11-15,Kampala,Central Kampala,Owino,Cassava flour,KG,Retail,1000.0,0.54
2009-11-15,Kampala,Central Kampala,Owino,Cassava flour,KG,Wholesale,796.36,0.43
2009-11-15,Kampala,Central Kampala,Owino,Maize,KG,Wholesale,633.13,0.34
2009-11-15,Kampala,Central Kampala,Owino,Rice,KG,Wholesale,1731.09,0.93
2009-12-15,Busia,Samia-bugwe,Busia,Maize,KG,Wholesale,769.57,0.4
2009-12-15,Kampala,Central Kampala,Owino,Beans,KG,Retail,1400.0,0.73
2009-12-15,Kampala,Central Kampala,Owino,Beans,KG,Wholesale,1162.19,0.61
2009-12-15,Kampala,Central Kampala,Owino,Cassava flour,KG,Retail,1000.0,0.52
2009-12-15,Kampala,Central Kampala,Owino,Cassava flour,KG,Wholesale,822.5,0.43
2009-12-15,Kampala,Central Kampala,Owino,Maize,KG,Wholesale,647.74,0.34
2009-12-15,Kampala,Central Kampala,Owino,Rice,KG,Wholesale,1757.19,0.92
2010-01-15,Gulu,Gulu Municipality,Gulu,Cassava flour,KG,Retail,2625.0,1.37
2010-01-15,Jinja,Jinja Municipality,Jinja,Cassava flour,KG,Retail,1000.0,0.52
2010-01-15,Mbarara,Mbarara Municipality,Mbarara,Cassava flour,KG,Retail,1150.0,0.6
2010-01-15,Kampala,Central Kampala,Owino,Beans,KG,Retail,1320.0,0.69
2010-01-15,Kampala,Central Kampala,Owino,Beans,KG,Wholesale,1067.77,0.56
2010-01-15,Kampala,Central Kampala,Owino,Cassava flour,KG,Retail,975.0,0.51
2010-01-15,Kampala,Central Kampala,Owino,Cassava flour,KG,Wholesale,786.36,0.41
2010-01-15,Kampala,Central Kampala,Owino,Maize,KG,Retail,725.0,0.38
2010-01-15,Kampala,Central Kampala,Owino,Maize,KG,Wholesale,383.26,0.2
2010-01-15,Kampala,Central Kampala,Owino,Rice,KG,Wholesale,1707.94,0.89
2010-02-15,Busia,Samia-bugwe,Busia,Maize,KG,Wholesale,523.39,0.26
2010-02-15,Gulu,Gulu Municipality,Gulu,Cassava flour,KG,Retail,2275.0,1.13
2010-02-15,Jinja,Jinja Municipality,Jinja,Cassava flour,KG,Retail,800.0,0.4
2010-02-15,Mbarara,Mbarara Municipality,Mbarara,Cassava flour,KG,Retail,1000.0,0.5
2010-02-15,Kampala,Central Kampala,Owino,Beans,KG,Retail,1372.73,0.68
2010-02-15,Kampala,Central Kampala,Owino,Beans,KG,Wholesale,1003.1,0.5
2010-02-15,Kampala,Central Kampala,Owino,Cassava flour,KG,Retail,663.0,0.33
2010-02-15,Kampala,Central Kampala,Owino,Cassava flour,KG,Wholesale,723.64,0.36
2010-02-15,Kampala,Central Kampala,Owino,Maize,KG,Retail,590.91,0.29
2010-02-15,Kampala,Central Kampala,Owino,Maize,KG,Wholesale,325.28,0.16
2010-02-15,Kampala,Central Kampala,Owino,Rice,KG,Wholesale,1762.34,0.88
2010-03-15,Gulu,Gulu Municipality,Gulu,Cassava flour,KG,Retail,1825.0,0.88
2010-03-15,Jinja,Jinja Municipality,Jinja,Cassava flour,KG,Retail,825.0,0.4
2010-03-15,Mbarara,Mbarara Municipality,Mbarara,Cassava flour,KG,Retail,1000.0,0.48
2010-03-15,Kampala,Central Kampala,Owino,Beans,KG,Retail,1485.71,0.71
2010-03-15,Kampala,Central Kampala,Owino,Beans,KG,Wholesale,1160.8,0.56
2010-03-15,Kampala,Central Kampala,Owino,Cassava flour,KG,Retail,662.5,0.32
2010-03-15,Kampala,Central Kampala,Owino,Cassava flour,KG,Wholesale,688.57,0.33
2010-03-15,Kampala,Central Kampala,Owino,Maize,KG,Retail,599.29,0.29
2010-03-15,Kampala,Central Kampala,Owino,Maize,KG,Wholesale,291.88,0.14
2010-03-15,Kampala,Central Kampala,Owino,Rice,KG,Wholesale,1736.46,0.83
2010-04-15,Gulu,Gulu Municipality,Gulu,Cassava flour,KG,Retail,2100.0,1.02
2010-04-15,Jinja,Jinja Municipality,Jinja,Cassava flour,KG,Retail,825.0,0.4
2010-04-15,Mbarara,Mbarara Municipality,Mbarara,Cassava flour,KG,Retail,1025.0,0.5
2010-04-15,Kampala,Central Kampala,Owino,Beans,KG,Retail,1690.91,0.82
2010-04-15,Kampala,Central Kampala,Owino,Beans,KG,Wholesale,1193.96,0.58
2010-04-15,Kampala,Central Kampala,Owino,Cassava flour,KG,Retail,700.0,0.34
2010-04-15,Kampala,Central Kampala,Owino,Cassava flour,KG,Wholesale,609.09,0.29
2010-04-15,Kampala,Central Kampala,Owino,Maize,KG,Retail,800.0,0.39
2010-04-15,Kampala,Central Kampala,Owino,Maize,KG,Wholesale,326.18,0.16
2010-04-15,Kampala,Central Kampala,Owino,Rice,KG,Wholesale,1753.84,0.85
2010-05-15,Gulu,Gulu Municipality,Gulu,Cassava flour,KG,Retail,1975.0,0.92
2010-05-15,Jinja,Jinja Municipality,Jinja,Cassava flour,KG,Retail,1060.0,0.49
2010-05-15,Mbarara,Mbarara Municipality,Mbarara,Cassava flour,KG,Retail,800.0,0.37
2010-05-15,Kampala,Central Kampala,Owino,Beans,KG,Retail,1807.69,0.84
2010-05-15,Kampala,Central Kampala,Owino,Beans,KG,Wholesale,1270.74,0.59
2010-05-15,Kampala,Central Kampala,Owino,Cassava flour,KG,Retail,550.0,0.26
2010-05-15,Kampala,Central Kampala,Owino,Cassava flour,KG,Wholesale,538.46,0.25
2010-05-15,Kampala,Central Kampala,Owino,Maize,KG,Retail,769.23,0.36
2010-05-15,Kampala,Central Kampala,Owino,Maize,KG,Wholesale,305.42,0.14
2010-05-15,Kampala,Central Kampala,Owino,Rice,KG,Wholesale,1759.91,0.82
2010-06-15,Gulu,Gulu Municipality,Gulu,Cassava flour,KG,Retail,1700.0,0.76
2010-06-15,Jinja,Jinja Municipality,Jinja,Cassava flour,KG,Retail,837.5,0.37
2010-06-15,Mbarara,Mbarara Municipality,Mbarara,Cassava flour,KG,Retail,800.0,0.36
2010-06-15,Kampala,Central Kampala,Owino,Beans,KG,Retail,1550.0,0.69
2010-06-15,Kampala,Central Kampala,Owino,Beans,KG,Wholesale,922.69,0.41
2010-06-15,Kampala,Central Kampala,Owino,Cassava flour,KG,Retail,475.0,0.21
2010-06-15,Kampala,Central Kampala,Owino,Cassava flour,KG,Wholesale,462.5,0.21
2010-06-15,Kampala,Central Kampala,Owino,Maize,KG,Retail,700.0,0.31
2010-06-15,Kampala,Central Kampala,Owino,Maize,KG,Wholesale,275.93,0.12
2010-06-15,Kampala,Central Kampala,Owino,Rice,KG,Wholesale,1673.32,0.75
2010-07-15,Gulu,Gulu Municipality,Gulu,Cassava flour,KG,Retail,1700.0,0.76
2010-07-15,Jinja,Jinja Municipality,Jinja,Cassava flour,KG,Retail,766.67,0.34
2010-07-15,Mbarara,Mbarara Municipality,Mbarara,Cassava flour,KG,Retail,866.67,0.39
2010-07-15,Kampala,Central Kampala,Owino,Beans,KG,Retail,1608.33,0.71
2010-07-15,Kampala,Central Kampala,Owino,Beans,KG,Wholesale,960.67,0.43
2010-07-15,Kampala,Central Kampala,Owino,Cassava flour,KG,Retail,566.67,0.25
2010-07-15,Kampala,Central Kampala,Owino,Cassava flour,KG,Wholesale,400.0,0.18
2010-07-15,Kampala,Central Kampala,Owino,Maize,KG,Retail,608.33,0.27
2010-07-15,Kampala,Central Kampala,Owino,Maize,KG,Wholesale,262.43,0.12
2010-07-15,Kampala,Central Kampala,Owino,Rice,KG,Wholesale,1516.66,0.67
2010-08-15,Gulu,Gulu Municipality,Gulu,Cassava flour,KG,Retail,1725.0,0.78
2010-08-15,Jinja,Jinja Municipality,Jinja,Cassava flour,KG,Retail,575.0,0.26
2010-08-15,Mbarara,Mbarara Municipality,Mbarara,Cassava flour,KG,Retail,787.5,0.36
2010-08-15,Kampala,Central Kampala,Owino,Beans,KG,Retail,1753.57,0.79
2010-08-15,Kampala,Central Kampala,Owino,Beans,KG,Wholesale,1296.76,0.59
2010-08-15,Kampala,Central Kampala,Owino,Cassava flour,KG,Retail,500.0,0.23
2010-08-15,Kampala,Central Kampala,Owino,Cassava flour,KG,Wholesale,430.77,0.19
2010-08-15,Kampala,Central Kampala,Owino,Maize,KG,Retail,553.85,0.25
2010-08-15,Kampala,Central Kampala,Owino,Maize,KG,Wholesale,236.35,0.11
2010-08-15,Kampala,Central Kampala,Owino,Rice,KG,Wholesale,1402.67,0.63
2010-09-15,Gulu,Gulu Municipality,Gulu,Cassava flour,KG,Retail,1600.0,0.71
2010-09-15,Jinja,Jinja Municipality,Jinja,Cassava flour,KG,Retail,550.0,0.24
2010-09-15,Mbarara,Mbarara Municipality,Mbarara,Cassava flour,KG,Retail,825.0,0.37
2010-09-15,Kampala,Central Kampala,Owino,Beans,KG,Retail,1815.38,0.81
2010-09-15,Kampala,Central Kampala,Owino,Beans,KG,Wholesale,1457.14,0.65
2010-09-15,Kampala,Central Kampala,Owino,Cassava flour,KG,Retail,633.33,0.28
2010-09-15,Kampala,Central Kampala,Owino,Cassava flour,KG,Wholesale,438.46,0.2
2010-09-15,Kampala,Central Kampala,Owino,Maize,KG,Retail,597.69,0.27
2010-09-15,Kampala,Central Kampala,Owino,Maize,KG,Wholesale,269.0,0.12
2010-09-15,Kampala,Central Kampala,Owino,Rice,KG,Wholesale,1357.36,0.6
2010-10-15,Gulu,Gulu Municipality,Gulu,Cassava flour,KG,Retail,1633.33,0.73
2010-10-15,Jinja,Jinja Municipality,Jinja,Cassava flour,KG,Retail,633.33,0.28
2010-10-15,Mbarara,Mbarara Municipality,Mbarara,Cassava flour,KG,Retail,800.0,0.36
2010-10-15,Kampala,Central Kampala,Owino,Beans,KG,Retail,1800.0,0.8
2010-10-15,Kampala,Central Kampala,Owino,Beans,KG,Wholesale,1322.75,0.59
2010-10-15,Kampala,Central Kampala,Owino,Cassava flour,KG,Retail,600.0,0.27
2010-10-15,Kampala,Central Kampala,Owino,Cassava flour,KG,Wholesale,457.69,0.2
2010-10-15,Kampala,Central Kampala,Owino,Maize,KG,Retail,676.92,0.3
2010-10-15,Kampala,Central Kampala,Owino,Maize,KG,Wholesale,300.81,0.13
2010-10-15,Kampala,Central Kampala,Owino,Rice,KG,Wholesale,1265.2,0.56
2010-11-15,Gulu,Gulu Municipality,Gulu,Cassava flour,KG,Retail,1300.0,0.57
2010-11-15,Jinja,Jinja Municipality,Jinja,Cassava flour,KG,Retail,750.0,0.33
2010-11-15,Mbarara,Mbarara Municipality,Mbarara,Cassava flour,KG,Retail,1100.0,0.48
2010-11-15,Kampala,Central Kampala,Owino,Beans,KG,Retail,1592.31,0.7
2010-11-15,Kampala,Central Kampala,Owino,Beans,KG,Wholesale,1287.35,0.56
2010-11-15,Kampala,Central Kampala,Owino,Cassava flour,KG,Retail,600.0,0.26
2010-11-15,Kampala,Central Kampala,Owino,Cassava flour,KG,Wholesale,415.38,0.18
2010-11-15,Kampala,Central Kampala,Owino,Maize,KG,Retail,715.38,0.31
2010-11-15,Kampala,Central Kampala,Owino,Maize,KG,Wholesale,394.27,0.17
2010-11-15,Kampala,Central Kampala,Owino,Rice,KG,Wholesale,1310.97,0.57
2010-12-15,Gulu,Gulu Municipality,Gulu,Cassava flour,KG,Retail,1600.0,0.7
2010-12-15,Jinja,Jinja Municipality,Jinja,Cassava flour,KG,Retail,800.0,0.35
2010-12-15,Kampala,Central Kampala,Owino,Beans,KG,Retail,1553.85,0.68
2010-12-15,Kampala,Central Kampala,Owino,Beans,KG,Wholesale,1322.49,0.58
2010-12-15,Kampala,Central Kampala,Owino,Cassava flour,KG,Retail,900.0,0.39
2010-12-15,Kampala,Central Kampala,Owino,Cassava flour,KG,Wholesale,450.38,0.2
2010-12-15,Kampala,Central Kampala,Owino,Maize,KG,Retail,700.0,0.31
2010-12-15,Kampala,Central Kampala,Owino,Maize,KG,Wholesale,444.93,0.19
2010-12-15,Kampala,Central Kampala,Owino,Rice,KG,Wholesale,1449.22,0.63
2011-01-15,Gulu,Gulu Municipality,Gulu,Cassava flour,KG,Retail,2000.0,0.84
2011-01-15,Jinja,Jinja Municipality,Jinja,Cassava flour,KG,Retail,833.33,0.35
2011-01-15,Mbarara,Mbarara Municipality,Mbarara,Cassava flour,KG,Retail,1050.0,0.44
2011-01-15,Kampala,Central Kampala,Owino,Beans,KG,Retail,1678.57,0.71
2011-01-15,Kampala,Central Kampala,Owino,Beans,KG,Wholesale,1290.36,0.54
2011-01-15,Kampala,Central Kampala,Owino,Cassava flour,KG,Retail,500.0,0.21
2011-01-15,Kampala,Central Kampala,Owino,Cassava flour,KG,Wholesale,435.71,0.18
2011-01-15,Kampala,Central Kampala,Owino,Maize,KG,Retail,650.0,0.27
2011-01-15,Kampala,Central Kampala,Owino,Maize,KG,Wholesale,539.46,0.23
2011-01-15,Kampala,Central Kampala,Owino,Rice,KG,Wholesale,1440.16,0.61
2011-02-15,Gulu,Gulu Municipality,Gulu,Cassava flour,KG,Retail,1700.0,0.72
2011-02-15,Jinja,Jinja Municipality,Jinja,Cassava flour,KG,Retail,900.0,0.38
2011-02-15,Mbarara,Mbarara Municipality,Mbarara,Cassava flour,KG,Retail,900.0,0.38
2011-02-15,Kampala,Central Kampala,Owino,Beans,KG,Retail,1758.33,0.74
2011-02-15,Kampala,Central Kampala,Owino,Beans,KG,Wholesale,1365.75,0.58
2011-02-15,Kampala,Central Kampala,Owino,Cassava flour,KG,Retail,500.0,0.21
2011-02-15,Kampala,Central Kampala,Owino,Cassava flour,KG,Wholesale,416.67,0.18
2011-02-15,Kampala,Central Kampala,Owino,Maize,KG,Retail,600.0,0.25
2011-02-15,Kampala,Central Kampala,Owino,Maize,KG,Wholesale,474.8,0.2
2011-02-15,Kampala,Central Kampala,Owino,Rice,KG,Wholesale,1411.58,0.6
2011-03-15,Gulu,Gulu Municipality,Gulu,Cassava flour,KG,Retail,1900.0,0.79
2011-03-15,Jinja,Jinja Municipality,Jinja,Cassava flour,KG,Retail,900.0,0.37
2011-03-15,Mbarara,Mbarara Municipality,Mbarara,Cassava flour,KG,Retail,1050.0,0.43
2011-03-15,Kampala,Central Kampala,Owino,Beans,KG,Retail,2040.91,0.84
2011-03-15,Kampala,Central Kampala,Owino,Beans,KG,Wholesale,1620.88,0.67
2011-03-15,Kampala,Central Kampala,Owino,Cassava flour,KG,Retail,650.0,0.27
2011-03-15,Kampala,Central Kampala,Owino,Cassava flour,KG,Wholesale,515.0,0.21
2011-03-15,Kampala,Central Kampala,Owino,Maize,KG,Retail,1000.0,0.41
2011-03-15,Kampala,Central Kampala,Owino,Maize,KG,Wholesale,665.0,0.28
2011-03-15,Kampala,Central Kampala,Owino,Rice,KG,Wholesale,1785.04,0.74
2011-04-15,Gulu,Gulu Municipality,Gulu,Beans,KG,Retail,2500.0,1.05
2011-04-15,Gulu,Gulu Municipality,Gulu,Cassava flour,KG,Retail,2466.67,1.04
2011-04-15,Jinja,Jinja Municipality,Jinja,Cassava flour,KG,Retail,1000.0,0.42
2011-04-15,Mbarara,Mbarara Municipality,Mbarara,Beans,KG,Retail,2000.0,0.84
2011-04-15,Mbarara,Mbarara Municipality,Mbarara,Cassava flour,KG,Retail,1200.0,0.51
2011-04-15,Kampala,Central Kampala,Owino,Beans,KG,Retail,1600.0,0.68
2011-04-15,Kampala,Central Kampala,Owino,Beans,KG,Wholesale,1794.16,0.76
2011-04-15,Kampala,Central Kampala,Owino,Cassava flour,KG,Retail,750.0,0.32
2011-04-15,Kampala,Central Kampala,Owino,Cassava flour,KG,Wholesale,600.0,0.25
2011-04-15,Kampala,Central Kampala,Owino,Maize,KG,Retail,1050.0,0.44
2011-04-15,Kampala,Central Kampala,Owino,Maize,KG,Wholesale,647.17,0.27
2011-04-15,Kampala,Central Kampala,Owino,Rice,KG,Wholesale,2205.16,0.93
2011-05-15,Gulu,Gulu Municipality,Gulu,Beans,KG,Retail,3000.0,1.25
2011-05-15,Gulu,Gulu Municipality,Gulu,Cassava flour,KG,Retail,2466.67,1.03
2011-05-15,Jinja,Jinja Municipality,Jinja,Cassava flour,KG,Retail,1000.0,0.42
2011-05-15,Mbarara,Mbarara Municipality,Mbarara,Beans,KG,Retail,2100.0,0.88
2011-05-15,Mbarara,Mbarara Municipality,Mbarara,Cassava flour,KG,Retail,1200.0,0.5
2011-05-15,Kampala,Central Kampala,Owino,Beans,KG,Retail,2625.0,1.1
2011-05-15,Kampala,Central Kampala,Owino,Beans,KG,Wholesale,1950.75,0.82
2011-05-15,Kampala,Central Kampala,Owino,Cassava flour,KG,Retail,1000.0,0.42
2011-05-15,Kampala,Central Kampala,Owino,Cassava flour,KG,Wholesale,650.0,0.27
2011-05-15,Kampala,Central Kampala,Owino,Maize,KG,Retail,1000.0,0.42
2011-05-15,Kampala,Central Kampala,Owino,Maize,KG,Wholesale,658.57,0.28
2011-05-15,Kampala,Central Kampala,Owino,Rice,KG,Wholesale,2232.09,0.93
2011-06-15,Gulu,Gulu Municipality,Gulu,Beans,KG,Retail,2967.0,1.22
2011-06-15,Gulu,Gulu Municipality,Gulu,Cassava flour,KG,Retail,2400.0,0.99
2011-06-15,Jinja,Jinja Municipality,Jinja,Cassava flour,KG,Retail,600.0,0.25
2011-06-15,Mbarara,Mbarara Municipality,Mbarara,Beans,KG,Retail,2000.0,0.82
2011-06-15,Mbarara,Mbarara Municipality,Mbarara,Cassava flour,KG,Retail,1217.0,0.5
2011-06-15,Kampala,Central Kampala,Owino,Beans,KG,Retail,1700.0,0.7
2011-06-15,Kampala,Central Kampala,Owino,Beans,KG,Wholesale,2014.53,0.83
2011-06-15,Kampala,Central Kampala,Owino,Cassava flour,KG,Retail,650.0,0.27
2011-06-15,Kampala,Central Kampala,Owino,Cassava flour,KG,Wholesale,733.33,0.3
2011-06-15,Kampala,Central Kampala,Owino,Maize,KG,Retail,850.0,0.35
2011-06-15,Kampala,Central Kampala,Owino,Maize,KG,Wholesale,663.54,0.27
2011-06-15,Kampala,Central Kampala,Owino,Rice,KG,Wholesale,2215.44,0.91
2011-07-15,Gulu,Gulu Municipality,Gulu,Beans,KG,Retail,2250.0,0.88
2011-07-15,Gulu,Gulu Municipality,Gulu,Cassava flour,KG,Retail,2000.0,0.78
2011-07-15,Jinja,Jinja Municipality,Jinja,Beans,KG,Retail,1800.0,0.7
2011-07-15,Jinja,Jinja Municipality,Jinja,Cassava flour,KG,Retail,700.0,0.27
2011-07-15,Mbarara,Mbarara Municipality,Mbarara,Beans,KG,Retail,1950.0,0.76
2011-07-15,Mbarara,Mbarara Municipality,Mbarara,Cassava flour,KG,Retail,1125.0,0.44
2011-07-15,Kampala,Central Kampala,Owino,Beans,KG,Retail,1438.0,0.56
2011-07-15,Kampala,Central Kampala,Owino,Beans,KG,Wholesale,2012.04,0.79
2011-07-15,Kampala,Central Kampala,Owino,Cassava flour,KG,Retail,1000.0,0.39
2011-07-15,Kampala,Central Kampala,Owino,Cassava flour,KG,Wholesale,750.0,0.29
2011-07-15,Kampala,Central Kampala,Owino,Maize,KG,Retail,950.0,0.37
2011-07-15,Kampala,Central Kampala,Owino,Maize,KG,Wholesale,1191.26,0.47
2011-07-15,Kampala,Central Kampala,Owino,Rice,KG,Wholesale,2245.48,0.88
2011-08-15,Gulu,Gulu Municipality,Gulu,Beans,KG,Retail,2182.0,0.78
2011-08-15,Gulu,Gulu Municipality,Gulu,Cassava flour,KG,Retail,1558.0,0.56
2011-08-15,Jinja,Jinja Municipality,Jinja,Beans,KG,Retail,1759.0,0.63
2011-08-15,Jinja,Jinja Municipality,Jinja,Cassava flour,KG,Retail,601.0,0.22
2011-08-15,Mbarara,Mbarara Municipality,Mbarara,Beans,KG,Retail,2055.0,0.74
2011-08-15,Mbarara,Mbarara Municipality,Mbarara,Cassava flour,KG,Retail,1138.0,0.41
2011-08-15,Kampala,Central Kampala,Owino,Beans,KG,Retail,1529.0,0.55
2011-08-15,Kampala,Central Kampala,Owino,Beans,KG,Wholesale,2096.53,0.75
2011-08-15,Kampala,Central Kampala,Owino,Cassava flour,KG,Retail,933.0,0.34
2011-08-15,Kampala,Central Kampala,Owino,Cassava flour,KG,Wholesale,728.57,0.26
2011-08-15,Kampala,Central Kampala,Owino,Maize,KG,Retail,1000.0,0.36
2011-08-15,Kampala,Central Kampala,Owino,Maize,KG,Wholesale,1033.92,0.37
2011-08-15,Kampala,Central Kampala,Owino,Rice,KG,Wholesale,2410.66,0.87
2011-09-15,Busia,Samia-bugwe,Busia,Maize,KG,Wholesale,836.32,0.3
2011-09-15,Gulu,Gulu Municipality,Gulu,Beans,KG,Retail,2000.0,0.72
2011-09-15,Gulu,Gulu Municipality,Gulu,Cassava flour,KG,Retail,1500.0,0.54
2011-09-15,Jinja,Jinja Municipality,Jinja,Cassava flour,KG,Retail,650.0,0.23
2011-09-15,Mbarara,Mbarara Municipality,Mbarara,Beans,KG,Retail,2000.0,0.72
2011-09-15,Mbarara,Mbarara Municipality,Mbarara,Cassava flour,KG,Retail,1500.0,0.54
2011-09-15,Kampala,Central Kampala,Owino,Beans,KG,Retail,1500.0,0.54
2011-09-15,Kampala,Central Kampala,Owino,Beans,KG,Wholesale,1651.79,0.59
2011-09-15,Kampala,Central Kampala,Owino,Cassava flour,KG,Retail,1100.0,0.4
2011-09-15,Kampala,Central Kampala,Owino,Cassava flour,KG,Wholesale,900.0,0.32
2011-09-15,Kampala,Central Kampala,Owino,Maize,KG,Retail,1200.0,0.43
2011-09-15,Kampala,Central Kampala,Owino,Maize,KG,Wholesale,657.5,0.24
2011-09-15,Kampala,Central Kampala,Owino,Rice,KG,Wholesale,2655.81,0.96
2011-10-15,Busia,Samia-bugwe,Busia,Maize,KG,Wholesale,562.18,0.2
2011-10-15,Gulu,Gulu Municipality,Gulu,Beans,KG,Retail,1594.0,0.56
2011-10-15,Gulu,Gulu Municipality,Gulu,Cassava flour,KG,Retail,1328.0,0.47
2011-10-15,Jinja,Jinja Municipality,Jinja,Beans,KG,Retail,1890.0,0.67
2011-10-15,Jinja,Jinja Municipality,Jinja,Cassava flour,KG,Retail,589.0,0.21
2011-10-15,Mbarara,Mbarara Municipality,Mbarara,Beans,KG,Retail,1642.0,0.58
2011-10-15,Mbarara,Mbarara Municipality,Mbarara,Cassava flour,KG,Retail,1132.0,0.4
2011-10-15,Kampala,Central Kampala,Owino,Beans,KG,Retail,1487.0,0.52
2011-10-15,Kampala,Central Kampala,Owino,Beans,KG,Wholesale,1642.18,0.58
2011-10-15,Kampala,Central Kampala,Owino,Cassava flour,KG,Retail,1019.0,0.36
2011-10-15,Kampala,Central Kampala,Owino,Cassava flour,KG,Wholesale,903.33,0.32
2011-10-15,Kampala,Central Kampala,Owino,Maize,KG,Retail,1200.0,0.42
2011-10-15,Kampala,Central Kampala,Owino,Maize,KG,Wholesale,645.21,0.23
2011-10-15,Kampala,Central Kampala,Owino,Rice,KG,Wholesale,2701.41,0.95
2011-11-15,Busia,Samia-bugwe,Busia,Maize,KG,Wholesale,746.65,0.29
2011-11-15,Gulu,Gulu Municipality,Gulu,Beans,KG,Retail,1758.0,0.68
2011-11-15,Gulu,Gulu Municipality,Gulu,Cassava flour,KG,Retail,1599.0,0.62
2011-11-15,Jinja,Jinja Municipality,Jinja,Beans,KG,Retail,1674.0,0.65
2011-11-15,Jinja,Jinja Municipality,Jinja,Cassava flour,KG,Retail,580.0,0.22
2011-11-15,Mbarara,Mbarara Municipality,Mbarara,Beans,KG,Retail,1515.0,0.59
2011-11-15,Mbarara,Mbarara Municipality,Mbarara,Cassava flour,KG,Retail,1348.0,0.52
2011-11-15,Kampala,Central Kampala,Owino,Beans,KG,Retail,1510.0,0.58
2011-11-15,Kampala,Central Kampala,Owino,Beans,KG,Wholesale,1591.57,0.61
2011-11-15,Kampala,Central Kampala,Owino,Cassava flour,KG,Retail,1128.0,0.44
2011-11-15,Kampala,Central Kampala,Owino,Cassava flour,KG,Wholesale,900.0,0.35
2011-11-15,Kampala,Central Kampala,Owino,Maize,KG,Retail,900.0,0.35
2011-11-15,Kampala,Central Kampala,Owino,Maize,KG,Wholesale,745.29,0.29
2011-11-15,Kampala,Central Kampala,Owino,Rice,KG,Wholesale,2938.37,1.14
2011-12-15,Busia,Samia-bugwe,Busia,Maize,KG,Wholesale,622.61,0.26
2011-12-15,Gulu,Gulu Municipality,Gulu,Beans,KG,Retail,2000.0,0.84
2011-12-15,Gulu,Gulu Municipality,Gulu,Cassava flour,KG,Retail,2000.0,0.84
2011-12-15,Jinja,Jinja Municipality,Jinja,Cassava flour,KG,Retail,290.0,0.12
2011-12-15,Mbarara,Mbarara Municipality,Mbarara,Beans,KG,Retail,1600.0,0.67
2011-12-15,Mbarara,Mbarara Municipality,Mbarara,Cassava flour,KG,Retail,1567.0,0.66
2011-12-15,Kampala,Central Kampala,Owino,Beans,KG,Retail,1467.0,0.62
2011-12-15,Kampala,Central Kampala,Owino,Beans,KG,Wholesale,1336.39,0.56
2011-12-15,Kampala,Central Kampala,Owino,Cassava flour,KG,Retail,1233.0,0.52
2011-12-15,Kampala,Central Kampala,Owino,Cassava flour,KG,Wholesale,850.0,0.36
2011-12-15,Kampala,Central Kampala,Owino,Maize,KG,Retail,950.0,0.4
2011-12-15,Kampala,Central Kampala,Owino,Maize,KG,Wholesale,594.51,0.25
2011-12-15,Kampala,Central Kampala,Owino,Rice,KG,Wholesale,2781.36,1.17
2012-01-15,Busia,Samia-bugwe,Busia,Maize,KG,Wholesale,807.12,0.33
2012-01-15,Gulu,Gulu Municipality,Gulu,Beans,KG,Retail,2238.0,0.93
2012-01-15,Gulu,Gulu Municipality,Gulu,Cassava flour,KG,Retail,1972.0,0.82
2012-01-15,Jinja,Jinja Municipality,Jinja,Beans,KG,Retail,1442.0,0.6
2012-01-15,Jinja,Jinja Municipality,Jinja,Cassava flour,KG,Retail,264.0,0.11
2012-01-15,Mbarara,Mbarara Municipality,Mbarara,Beans,KG,Retail,1718.0,0.71
2012-01-15,Mbarara,Mbarara Municipality,Mbarara,Cassava flour,KG,Retail,1413.0,0.59
2012-01-15,Kampala,Central Kampala,Owino,Beans,KG,Retail,1411.0,0.58
2012-01-15,Kampala,Central Kampala,Owino,Beans,KG,Wholesale,1476.86,0.61
2012-01-15,Kampala,Central Kampala,Owino,Cassava flour,KG,Retail,1167.0,0.48
2012-01-15,Kampala,Central Kampala,Owino,Cassava flour,KG,Wholesale,750.0,0.31
2012-01-15,Kampala,Central Kampala,Owino,Maize,KG,Retail,1000.0,0.41
2012-01-15,Kampala,Central Kampala,Owino,Maize,KG,Wholesale,575.38,0.24
2012-01-15,Kampala,Central Kampala,Owino,Rice,KG,Wholesale,3031.71,1.26
2012-02-15,Busia,Samia-bugwe,Busia,Maize,KG,Wholesale,622.29,0.27
2012-02-15,Gulu,Gulu Municipality,Gulu,Beans,KG,Retail,2450.0,1.06
2012-02-15,Gulu,Gulu Municipality,Gulu,Cassava flour,KG,Retail,1734.0,0.75
2012-02-15,Jinja,Jinja Municipality,Jinja,Beans,KG,Retail,1500.0,0.65
2012-02-15,Jinja,Jinja Municipality,Jinja,Cassava flour,KG,Retail,307.0,0.13
2012-02-15,Mbarara,Mbarara Municipality,Mbarara,Beans,KG,Retail,1825.0,0.79
2012-02-15,Mbarara,Mbarara Municipality,Mbarara,Cassava flour,KG,Retail,1383.0,0.6
2012-02-15,Kampala,Central Kampala,Owino,Beans,KG,Retail,1650.0,0.71
2012-02-15,Kampala,Central Kampala,Owino,Beans,KG,Wholesale,1522.75,0.66
2012-02-15,Kampala,Central Kampala,Owino,Cassava flour,KG,Retail,1034.0,0.45
2012-02-15,Kampala,Central Kampala,Owino,Cassava flour,KG,Wholesale,858.5,0.37
2012-02-15,Kampala,Central Kampala,Owino,Maize,KG,Retail,1150.0,0.5
2012-02-15,Kampala,Central Kampala,Owino,Maize,KG,Wholesale,591.35,0.26
2012-02-15,Kampala,Central Kampala,Owino,Rice,KG,Wholesale,3159.1,1.37
2012-03-15,Busia,Samia-bugwe,Busia,Maize,KG,Wholesale,690.95,0.28
2012-03-15,Gulu,Gulu Municipality,Gulu,Beans,KG,Retail,2420.0,0.98
2012-03-15,Gulu,Gulu Municipality,Gulu,Cassava flour,KG,Retail,1780.0,0.72
2012-03-15,Jinja,Jinja Municipality,Jinja,Beans,KG,Retail,1575.0,0.64
2012-03-15,Jinja,Jinja Municipality,Jinja,Cassava flour,KG,Retail,304.0,0.12
2012-03-15,Mbarara,Mbarara Municipality,Mbarara,Beans,KG,Retail,1934.0,0.78
2012-03-15,Mbarara,Mbarara Municipality,Mbarara,Cassava flour,KG,Retail,1450.0,0.59
2012-03-15,Kampala,Central Kampala,Owino,Beans,KG,Retail,1746.0,0.71
2012-03-15,Kampala,Central Kampala,Owino,Beans,KG,Wholesale,1659.1,0.67
2012-03-15,Kampala,Central Kampala,Owino,Cassava flour,KG,Retail,1100.0,0.45
2012-03-15,Kampala,Central Kampala,Owino,Cassava flour,KG,Wholesale,1000.0,0.41
2012-03-15,Kampala,Central Kampala,Owino,Maize,KG,Retail,1150.0,0.47
2012-03-15,Kampala,Central Kampala,Owino,Maize,KG,Wholesale,687.01,0.28
2012-03-15,Kampala,Central Kampala,Owino,Rice,KG,Wholesale,3284.89,1.33
2012-04-15,Busia,Samia-bugwe,Busia,Maize,KG,Wholesale,898.9,0.36
2012-04-15,Gulu,Gulu Municipality,Gulu,Beans,KG,Retail,2438.0,0.98
2012-04-15,Gulu,Gulu Municipality,Gulu,Cassava flour,KG,Retail,1925.0,0.77
2012-04-15,Jinja,Jinja Municipality,Jinja,Beans,KG,Retail,2075.0,0.83
2012-04-15,Jinja,Jinja Municipality,Jinja,Cassava flour,KG,Retail,362.0,0.14
2012-04-15,Mbarara,Mbarara Municipality,Mbarara,Beans,KG,Retail,2467.0,0.99
2012-04-15,Mbarara,Mbarara Municipality,Mbarara,Cassava flour,KG,Retail,1600.0,0.64
2012-04-15,Kampala,Central Kampala,Owino,Beans,KG,Retail,2650.0,1.06
2012-04-15,Kampala,Central Kampala,Owino,Beans,KG,Wholesale,2218.59,0.89
2012-04-15,Kampala,Central Kampala,Owino,Cassava flour,KG,Retail,1225.0,0.49
2012-04-15,Kampala,Central Kampala,Owino,Cassava flour,KG,Wholesale,950.0,0.38
2012-04-15,Kampala,Central Kampala,Owino,Maize,KG,Retail,1250.0,0.5
2012-04-15,Kampala,Central Kampala,Owino,Maize,KG,Wholesale,906.37,0.36
2012-04-15,Kampala,Central Kampala,Owino,Rice,KG,Wholesale,3572.5,1.43
2012-05-15,Busia,Samia-bugwe,Busia,Maize,KG,Wholesale,990.7,0.4
2012-05-15,Gulu,Gulu Municipality,Gulu,Beans,KG,Retail,2688.0,1.08
2012-05-15,Gulu,Gulu Municipality,Gulu,Cassava flour,KG,Retail,1817.0,0.73
2012-05-15,Jinja,Jinja Municipality,Jinja,Beans,KG,Retail,2583.0,1.04
2012-05-15,Jinja,Jinja Municipality,Jinja,Cassava flour,KG,Retail,373.0,0.15
2012-05-15,Mbarara,Mbarara Municipality,Mbarara,Beans,KG,Retail,2859.0,1.15
2012-05-15,Mbarara,Mbarara Municipality,Mbarara,Cassava flour,KG,Retail,1583.0,0.64
2012-05-15,Kampala,Central Kampala,Owino,Beans,KG,Retail,2775.0,1.11
2012-05-15,Kampala,Central Kampala,Owino,Beans,KG,Wholesale,2666.14,1.07
2012-05-15,Kampala,Central Kampala,Owino,Cassava flour,KG,Retail,1275.0,0.51
2012-05-15,Kampala,Central Kampala,Owino,Cassava flour,KG,Wholesale,1183.25,0.48
2012-05-15,Kampala,Central Kampala,Owino,Maize,KG,Retail,1450.0,0.58
2012-05-15,Kampala,Central Kampala,Owino,Maize,KG,Wholesale,951.4,0.38
2012-05-15,Kampala,Central Kampala,Owino,Rice,KG,Wholesale,3288.7,1.32
2012-06-15,Busia,Samia-bugwe,Busia,Maize,KG,Wholesale,1017.08,0.41
2012-06-15,Gulu,Gulu Municipality,Gulu,Beans,KG,Retail,2667.0,1.07
2012-06-15,Gulu,Gulu Municipality,Gulu,Cassava flour,KG,Retail,1900.0,0.76
2012-06-15,Jinja,Jinja Municipality,Jinja,Beans,KG,Retail,2400.0,0.96
2012-06-15,Jinja,Jinja Municipality,Jinja,Cassava flour,KG,Retail,413.0,0.17
2012-06-15,Mbarara,Mbarara Municipality,Mbarara,Beans,KG,Retail,2200.0,0.88
2012-06-15,Mbarara,Mbarara Municipality,Mbarara,Cassava flour,KG,Retail,1650.0,0.66
2012-06-15,Kampala,Central Kampala,Owino,Beans,KG,Retail,2400.0,0.96
2012-06-15,Kampala,Central Kampala,Owino,Beans,KG,Wholesale,1795.98,0.72
2012-06-15,Kampala,Central Kampala,Owino,Cassava flour,KG,Retail,1300.0,0.52
2012-06-15,Kampala,Central Kampala,Owino,Cassava flour,KG,Wholesale,1105.67,0.44
2012-06-15,Kampala,Central Kampala,Owino,Maize,KG,Retail,1500.0,0.6
2012-06-15,Kampala,Central Kampala,Owino,Maize,KG,Wholesale,974.9,0.39
2012-06-15,Kampala,Central Kampala,Owino,Rice,KG,Wholesale,2751.89,1.1
2012-07-15,Busia,Samia-bugwe,Busia,Maize,KG,Wholesale,929.91,0.38
2012-07-15,Gulu,Gulu Municipality,Gulu,Beans,KG,Retail,2691.0,1.09
2012-07-15,Gulu,Gulu Municipality,Gulu,Cassava flour,KG,Retail,2067.0,0.84
2012-07-15,Jinja,Jinja Municipality,Jinja,Beans,KG,Retail,2167.0,0.88
2012-07-15,Jinja,Jinja Municipality,Jinja,Cassava flour,KG,Retail,348.0,0.14
2012-07-15,Mbarara,Mbarara Municipality,Mbarara,Beans,KG,Retail,2158.0,0.87
2012-07-15,Mbarara,Mbarara Municipality,Mbarara,Cassava flour,KG,Retail,1734.0,0.7
2012-07-15,Kampala,Central Kampala,Owino,Beans,KG,Retail,1650.0,0.67
2012-07-15,Kampala,Central Kampala,Owino,Beans,KG,Wholesale,1430.9,0.58
2012-07-15,Kampala,Central Kampala,Owino,Cassava flour,KG,Retail,1458.0,0.59
2012-07-15,Kampala,Central Kampala,Owino,Cassava flour,KG,Wholesale,1200.0,0.48
2012-07-15,Kampala,Central Kampala,Owino,Maize,KG,Retail,1500.0,0.61
2012-07-15,Kampala,Central Kampala,Owino,Maize,KG,Wholesale,943.47,0.38
2012-07-15,Kampala,Central Kampala,Owino,Rice,KG,Wholesale,2624.84,1.06
2012-08-15,Busia,Samia-bugwe,Busia,Maize,KG,Wholesale,689.98,0.28
2012-08-15,Gulu,Gulu Municipality,Gulu,Beans,KG,Retail,2400.0,0.97
2012-08-15,Gulu,Gulu Municipality,Gulu,Cassava flour,KG,Retail,1833.0,0.74
2012-08-15,Jinja,Jinja Municipality,Jinja,Beans,KG,Retail,1592.0,0.64
2012-08-15,Jinja,Jinja Municipality,Jinja,Cassava flour,KG,Retail,455.0,0.18
2012-08-15,Mbarara,Mbarara Municipality,Mbarara,Beans,KG,Retail,2100.0,0.85
2012-08-15,Mbarara,Mbarara Municipality,Mbarara,Cassava flour,KG,Retail,1500.0,0.61
2012-08-15,Kampala,Central Kampala,Owino,Beans,KG,Retail,1689.0,0.68
2012-08-15,Kampala,Central Kampala,Owino,Beans,KG,Wholesale,1570.07,0.63
2012-08-15,Kampala,Central Kampala,Owino,Cassava flour,KG,Retail,1500.0,0.61
2012-08-15,Kampala,Central Kampala,Owino,Cassava flour,KG,Wholesale,1200.0,0.48
2012-08-15,Kampala,Central Kampala,Owino,Maize,KG,Retail,1150.0,0.46
2012-08-15,Kampala,Central Kampala,Owino,Maize,KG,Wholesale,670.35,0.27
2012-08-15,Kampala,Central Kampala,Owino,Rice,KG,Wholesale,2711.81,1.1
2012-09-15,Busia,Samia-bugwe,Busia,Maize,KG,Wholesale,640.08,0.26
2012-09-15,Gulu,Gulu Municipality,Gulu,Beans,KG,Retail,2334.0,0.93
2012-09-15,Gulu,Gulu Municipality,Gulu,Cassava flour,KG,Retail,1600.0,0.64
2012-09-15,Jinja,Jinja Municipality,Jinja,Beans,KG,Retail,1775.0,0.71
2012-09-15,Jinja,Jinja Municipality,Jinja,Cassava flour,KG,Retail,473.0,0.19
2012-09-15,Mbarara,Mbarara Municipality,Mbarara,Beans,KG,Retail,2000.0,0.8
2012-09-15,Mbarara,Mbarara Municipality,Mbarara,Cassava flour,KG,Retail,1700.0,0.68
2012-09-15,Kampala,Central Kampala,Owino,Beans,KG,Retail,2067.0,0.83
2012-09-15,Kampala,Central Kampala,Owino,Beans,KG,Wholesale,1788.39,0.72
2012-09-15,Kampala,Central Kampala,Owino,Cassava flour,KG,Retail,1467.0,0.59
2012-09-15,Kampala,Central Kampala,Owino,Cassava flour,KG,Wholesale,1191.75,0.48
2012-09-15,Kampala,Central Kampala,Owino,Maize,KG,Retail,950.0,0.38
2012-09-15,Kampala,Central Kampala,Owino,Maize,KG,Wholesale,546.6,0.22
2012-09-15,Kampala,Central Kampala,Owino,Rice,KG,Wholesale,2781.63,1.11
2012-10-15,Busia,Samia-bugwe,Busia,Maize,KG,Wholesale,722.03,0.28
2012-10-15,Gulu,Gulu Municipality,Gulu,Beans,KG,Retail,2279.0,0.89
2012-10-15,Gulu,Gulu Municipality,Gulu,Cassava flour,KG,Retail,1475.0,0.57
2012-10-15,Jinja,Jinja Municipality,Jinja,Beans,KG,Retail,1733.0,0.67
2012-10-15,Jinja,Jinja Municipality,Jinja,Cassava flour,KG,Retail,440.0,0.17
2012-10-15,Mbarara,Mbarara Municipality,Mbarara,Beans,KG,Retail,1875.0,0.73
2012-10-15,Mbarara,Mbarara Municipality,Mbarara,Cassava flour,KG,Retail,1513.0,0.59
2012-10-15,Kampala,Central Kampala,Owino,Beans,KG,Retail,1815.0,0.7
2012-10-15,Kampala,Central Kampala,Owino,Beans,KG,Wholesale,1542.7,0.6
2012-10-15,Kampala,Central Kampala,Owino,Cassava flour,KG,Retail,1375.0,0.53
2012-10-15,Kampala,Central Kampala,Owino,Cassava flour,KG,Wholesale,1183.25,0.46
2012-10-15,Kampala,Central Kampala,Owino,Maize,KG,Retail,900.0,0.35
2012-10-15,Kampala,Central Kampala,Owino,Maize,KG,Wholesale,638.9,0.25
2012-10-15,Kampala,Central Kampala,Owino,Rice,KG,Wholesale,2805.59,1.09
2012-11-15,Busia,Samia-bugwe,Busia,Maize,KG,Wholesale,791.98,0.3
2012-11-15,Gulu,Gulu Municipality,Gulu,Beans,KG,Retail,2413.0,0.93
2012-11-15,Gulu,Gulu Municipality,Gulu,Cassava flour,KG,Retail,1433.0,0.55
2012-11-15,Jinja,Jinja Municipality,Jinja,Beans,KG,Retail,1744.0,0.67
2012-11-15,Jinja,Jinja Municipality,Jinja,Cassava flour,KG,Retail,542.0,0.21
2012-11-15,Mbarara,Mbarara Municipality,Mbarara,Beans,KG,Retail,1867.0,0.72
2012-11-15,Mbarara,Mbarara Municipality,Mbarara,Cassava flour,KG,Retail,1425.0,0.55
2012-11-15,Kampala,Central Kampala,Owino,Beans,KG,Retail,1492.0,0.57
2012-11-15,Kampala,Central Kampala,Owino,Beans,KG,Wholesale,1392.47,0.53
2012-11-15,Kampala,Central Kampala,Owino,Cassava flour,KG,Retail,1234.0,0.47
2012-11-15,Kampala,Central Kampala,Owino,Cassava flour,KG,Wholesale,1200.0,0.46
2012-11-15,Kampala,Central Kampala,Owino,Maize,KG,Retail,1350.0,0.52
2012-11-15,Kampala,Central Kampala,Owino,Maize,KG,Wholesale,656.57,0.25
2012-11-15,Kampala,Central Kampala,Owino,Rice,KG,Wholesale,2941.71,1.13
2012-12-15,Busia,Samia-bugwe,Busia,Maize,KG,Wholesale,782.63,0.29
2012-12-15,Gulu,Gulu Municipality,Gulu,Beans,KG,Retail,2517.0,0.95
2012-12-15,Gulu,Gulu Municipality,Gulu,Cassava flour,KG,Retail,2317.0,0.87
2012-12-15,Jinja,Jinja Municipality,Jinja,Beans,KG,Retail,1784.0,0.67
2012-12-15,Jinja,Jinja Municipality,Jinja,Cassava flour,KG,Retail,700.0,0.26
2012-12-15,Mbarara,Mbarara Municipality,Mbarara,Beans,KG,Retail,2000.0,0.75
2012-12-15,Mbarara,Mbarara Municipality,Mbarara,Cassava flour,KG,Retail,1567.0,0.59
2012-12-15,Kampala,Central Kampala,Owino,Beans,KG,Retail,1617.0,0.61
2012-12-15,Kampala,Central Kampala,Owino,Beans,KG,Wholesale,1444.69,0.54
2012-12-15,Kampala,Central Kampala,Owino,Cassava flour,KG,Retail,1300.0,0.49
2012-12-15,Kampala,Central Kampala,Owino,Cassava flour,KG,Wholesale,1166.5,0.44
2012-12-15,Kampala,Central Kampala,Owino,Maize,KG,Retail,1000.0,0.38
2012-12-15,Kampala,Central Kampala,Owino,Maize,KG,Wholesale,749.57,0.28
2012-12-15,Kampala,Central Kampala,Owino,Rice,KG,Wholesale,2970.13,1.12
2013-01-15,Busia,Samia-bugwe,Busia,Maize,KG,Wholesale,759.02,0.28
2013-01-15,Gulu,Gulu Municipality,Gulu,Beans,KG,Retail,2550.0,0.96
2013-01-15,Gulu,Gulu Municipality,Gulu,Cassava flour,KG,Retail,1950.0,0.73
2013-01-15,Jinja,Jinja Municipality,Jinja,Beans,KG,Retail,2000.0,0.75
2013-01-15,Jinja,Jinja Municipality,Jinja,Cassava flour,KG,Retail,485.0,0.18
2013-01-15,Mbarara,Mbarara Municipality,Mbarara,Beans,KG,Retail,1900.0,0.71
2013-01-15,Mbarara,Mbarara Municipality,Mbarara,Cassava flour,KG,Retail,1600.0,0.6
2013-01-15,Kampala,Central Kampala,Owino,Beans,KG,Retail,1775.0,0.66
2013-01-15,Kampala,Central Kampala,Owino,Beans,KG,Wholesale,1663.56,0.62
2013-01-15,Kampala,Central Kampala,Owino,Cassava flour,KG,Retail,1300.0,0.49
2013-01-15,Kampala,Central Kampala,Owino,Cassava flour,KG,Wholesale,1133.33,0.42
2013-01-15,Kampala,Central Kampala,Owino,Maize,KG,Retail,1200.0,0.45
2013-01-15,Kampala,Central Kampala,Owino,Maize,KG,Wholesale,778.12,0.29
2013-02-15,Busia,Samia-bugwe,Busia,Maize,KG,Wholesale,798.29,0.3
2013-02-15,Gulu,Gulu Municipality,Gulu,Beans,KG,Retail,2500.0,0.95
2013-02-15,Gulu,Gulu Municipality,Gulu,Cassava flour,KG,Retail,1900.0,0.72
2013-02-15,Jinja,Jinja Municipality,Jinja,Beans,KG,Retail,2166.0,0.82
2013-02-15,Jinja,Jinja Municipality,Jinja,Cassava flour,KG,Retail,836.0,0.32
2013-02-15,Mbarara,Mbarara Municipality,Mbarara,Beans,KG,Retail,1950.0,0.74
2013-02-15,Mbarara,Mbarara Municipality,Mbarara,Cassava flour,KG,Retail,1750.0,0.67
2013-02-15,Kampala,Central Kampala,Owino,Beans,KG,Retail,1733.0,0.66
2013-02-15,Kampala,Central Kampala,Owino,Beans,KG,Wholesale,1642.79,0.62
2013-02-15,Kampala,Central Kampala,Owino,Cassava flour,KG,Retail,1300.0,0.49
2013-02-15,Kampala,Central Kampala,Owino,Cassava flour,KG,Wholesale,900.0,0.34
2013-02-15,Kampala,Central Kampala,Owino,Maize,KG,Retail,1100.0,0.42
2013-02-15,Kampala,Central Kampala,Owino,Maize,KG,Wholesale,773.5,0.29
2013-02-15,Kampala,Central Kampala,Owino,Rice,KG,Wholesale,2989.59,1.14
2013-03-15,Busia,Samia-bugwe,Busia,Maize,KG,Wholesale,851.61,0.32
2013-03-15,Gulu,Gulu Municipality,Gulu,Beans,KG,Retail,2580.0,0.98
2013-03-15,Gulu,Gulu Municipality,Gulu,Cassava flour,KG,Retail,2000.0,0.76
2013-03-15,Jinja,Jinja Municipality,Jinja,Beans,KG,Retail,2220.0,0.85
2013-03-15,Jinja,Jinja Municipality,Jinja,Cassava flour,KG,Retail,1420.0,0.54
2013-03-15,Mbarara,Mbarara Municipality,Mbarara,Beans,KG,Retail,2000.0,0.76
2013-03-15,Mbarara,Mbarara Municipality,Mbarara,Cassava flour,KG,Retail,1700.0,0.65
2013-03-15,Kampala,Central Kampala,Owino,Beans,KG,Retail,2350.0,0.9
2013-03-15,Kampala,Central Kampala,Owino,Beans,KG,Wholesale,1746.81,0.67
2013-03-15,Kampala,Central Kampala,Owino,Cassava flour,KG,Retail,1183.3,0.45
2013-03-15,Kampala,Central Kampala,Owino,Cassava flour,KG,Wholesale,950.0,0.36
2013-03-15,Kampala,Central Kampala,Owino,Maize,KG,Retail,1000.0,0.38
2013-03-15,Kampala,Central Kampala,Owino,Maize,KG,Wholesale,874.23,0.33
2013-03-15,Kampala,Central Kampala,Owino,Rice,KG,Wholesale,3123.5,1.19
2013-04-15,Busia,Samia-bugwe,Busia,Maize,KG,Wholesale,768.88,0.31
2013-04-15,Gulu,Gulu Municipality,Gulu,Beans,KG,Retail,2633.0,1.05
2013-04-15,Gulu,Gulu Municipality,Gulu,Cassava flour,KG,Retail,2067.0,0.82
2013-04-15,Jinja,Jinja Municipality,Jinja,Beans,KG,Retail,2291.8,0.91
2013-04-15,Jinja,Jinja Municipality,Jinja,Cassava flour,KG,Retail,1020.8,0.41
2013-04-15,Mbarara,Mbarara Municipality,Mbarara,Beans,KG,Retail,2091.75,0.83
2013-04-15,Mbarara,Mbarara Municipality,Mbarara,Cassava flour,KG,Retail,1700.0,0.68
2013-04-15,Kampala,Central Kampala,Owino,Beans,KG,Retail,2408.5,0.96
2013-04-15,Kampala,Central Kampala,Owino,Beans,KG,Wholesale,1877.6,0.75
2013-04-15,Kampala,Central Kampala,Owino,Cassava flour,KG,Retail,1279.3,0.51
2013-04-15,Kampala,Central Kampala,Owino,Cassava flour,KG,Wholesale,1050.0,0.42
2013-04-15,Kampala,Central Kampala,Owino,Maize,KG,Retail,1000.0,0.4
2013-04-15,Kampala,Central Kampala,Owino,Maize,KG,Wholesale,796.85,0.32
2013-04-15,Kampala,Central Kampala,Owino,Rice,KG,Wholesale,2849.98,1.13
2013-05-15,Busia,Samia-bugwe,Busia,Maize,KG,Wholesale,674.17,0.26
2013-05-15,Gulu,Gulu Municipality,Gulu,Beans,KG,Retail,2844.3,1.1
2013-05-15,Gulu,Gulu Municipality,Gulu,Cassava flour,KG,Retail,2033.3,0.79
2013-05-15,Jinja,Jinja Municipality,Jinja,Beans,KG,Retail,2264.5,0.88
2013-05-15,Jinja,Jinja Municipality,Jinja,Cassava flour,KG,Retail,500.0,0.19
2013-05-15,Mbarara,Mbarara Municipality,Mbarara,Beans,KG,Retail,2276.8,0.88
2013-05-15,Mbarara,Mbarara Municipality,Mbarara,Cassava flour,KG,Retail,1663.3,0.65
2013-05-15,Kampala,Central Kampala,Owino,Beans,KG,Retail,2410.5,0.94
2013-05-15,Kampala,Central Kampala,Owino,Beans,KG,Wholesale,1787.23,0.69
2013-05-15,Kampala,Central Kampala,Owino,Cassava flour,KG,Retail,1154.3,0.45
2013-05-15,Kampala,Central Kampala,Owino,Cassava flour,KG,Wholesale,1044.33,0.41
2013-05-15,Kampala,Central Kampala,Owino,Maize,KG,Retail,1000.0,0.39
2013-05-15,Kampala,Central Kampala,Owino,Maize,KG,Wholesale,661.05,0.26
2013-05-15,Kampala,Central Kampala,Owino,Rice,KG,Wholesale,2548.73,0.99
2013-06-15,Busia,Samia-bugwe,Busia,Maize,KG,Wholesale,671.26,0.26
2013-06-15,Gulu,Gulu Municipality,Gulu,Beans,KG,Retail,2580.0,0.99
2013-06-15,Gulu,Gulu Municipality,Gulu,Cassava flour,KG,Retail,2000.0,0.77
2013-06-15,Jinja,Jinja Municipality,Jinja,Beans,KG,Retail,2220.0,0.86
2013-06-15,Jinja,Jinja Municipality,Jinja,Cassava flour,KG,Retail,1420.0,0.55
2013-06-15,Mbarara,Mbarara Municipality,Mbarara,Beans,KG,Retail,2000.0,0.77
2013-06-15,Mbarara,Mbarara Municipality,Mbarara,Cassava flour,KG,Retail,1700.0,0.66
2013-06-15,Kampala,Central Kampala,Owino,Beans,KG,Retail,2350.0,0.91
2013-06-15,Kampala,Central Kampala,Owino,Beans,KG,Wholesale,1460.12,0.56
2013-06-15,Kampala,Central Kampala,Owino,Cassava flour,KG,Retail,1183.3,0.46
2013-06-15,Kampala,Central Kampala,Owino,Cassava flour,KG,Wholesale,825.0,0.32
2013-06-15,Kampala,Central Kampala,Owino,Maize,KG,Retail,1000.0,0.39
2013-06-15,Kampala,Central Kampala,Owino,Maize,KG,Wholesale,656.64,0.25
2013-06-15,Kampala,Central Kampala,Owino,Rice,KG,Wholesale,2493.8,0.96
2013-07-15,Busia,Samia-bugwe,Busia,Maize,KG,Wholesale,688.71,0.27
2013-07-15,Gulu,Gulu Municipality,Gulu,Beans,KG,Retail,2993.4,1.16
2013-07-15,Gulu,Gulu Municipality,Gulu,Cassava flour,KG,Retail,2010.0,0.78
2013-07-15,Jinja,Jinja Municipality,Jinja,Beans,KG,Retail,1706.6,0.66
2013-07-15,Mbarara,Mbarara Municipality,Mbarara,Beans,KG,Retail,2013.4,0.78
2013-07-15,Mbarara,Mbarara Municipality,Mbarara,Cassava flour,KG,Retail,1606.8,0.62
2013-07-15,Kampala,Central Kampala,Owino,Beans,KG,Retail,1893.4,0.73
2013-07-15,Kampala,Central Kampala,Owino,Beans,KG,Wholesale,1628.9,0.63
2013-07-15,Kampala,Central Kampala,Owino,Cassava flour,KG,Retail,928.4,0.36
2013-07-15,Kampala,Central Kampala,Owino,Cassava flour,KG,Wholesale,800.0,0.31
2013-07-15,Kampala,Central Kampala,Owino,Maize,KG,Retail,950.0,0.37
2013-07-15,Kampala,Central Kampala,Owino,Maize,KG,Wholesale,693.82,0.27
2013-07-15,Kampala,Central Kampala,Owino,Rice,KG,Wholesale,2951.49,1.14
2013-08-15,Busia,Samia-bugwe,Busia,Maize,KG,Wholesale,678.14,0.26
2013-08-15,Gulu,Gulu Municipality,Gulu,Beans,KG,Retail,2716.67,1.06
2013-08-15,Gulu,Gulu Municipality,Gulu,Cassava flour,KG,Retail,2122.33,0.83
2013-08-15,Jinja,Jinja Municipality,Jinja,Beans,KG,Retail,1637.5,0.64
2013-08-15,Jinja,Jinja Municipality,Jinja,Cassava flour,KG,Retail,1500.0,0.59
2013-08-15,Mbarara,Mbarara Municipality,Mbarara,Beans,KG,Retail,2250.25,0.88
2013-08-15,Mbarara,Mbarara Municipality,Mbarara,Cassava flour,KG,Retail,1616.75,0.63
2013-08-15,Kampala,Central Kampala,Owino,Beans,KG,Retail,2300.0,0.9
2013-08-15,Kampala,Central Kampala,Owino,Beans,KG,Wholesale,1845.05,0.72
2013-08-15,Kampala,Central Kampala,Owino,Cassava flour,KG,Retail,1075.0,0.42
2013-08-15,Kampala,Central Kampala,Owino,Cassava flour,KG,Wholesale,800.0,0.31
2013-08-15,Kampala,Central Kampala,Owino,Maize,KG,Retail,800.0,0.31
2013-08-15,Kampala,Central Kampala,Owino,Maize,KG,Wholesale,683.57,0.27
2013-08-15,Kampala,Central Kampala,Owino,Rice,KG,Wholesale,3017.36,1.18
2013-09-15,Busia,Samia-bugwe,Busia,Maize,KG,Wholesale,858.38,0.33
2013-09-15,Gulu,Gulu Municipality,Gulu,Beans,KG,Retail,2750.0,1.07
2013-09-15,Gulu,Gulu Municipality,Gulu,Cassava flour,KG,Retail,2366.5,0.92
2013-09-15,Jinja,Jinja Municipality,Jinja,Beans,KG,Retail,2400.0,0.93
2013-09-15,Jinja,Jinja Municipality,Jinja,Cassava flour,KG,Retail,1875.0,0.73
2013-09-15,Mbarara,Mbarara Municipality,Mbarara,Beans,KG,Retail,2533.5,0.99
2013-09-15,Mbarara,Mbarara Municipality,Mbarara,Cassava flour,KG,Retail,1700.0,0.66
2013-09-15,Kampala,Central Kampala,Owino,Beans,KG,Retail,2450.0,0.95
2013-09-15,Kampala,Central Kampala,Owino,Beans,KG,Wholesale,2262.3,0.88
2013-09-15,Kampala,Central Kampala,Owino,Cassava flour,KG,Retail,983.5,0.38
2013-09-15,Kampala,Central Kampala,Owino,Cassava flour,KG,Wholesale,800.0,0.31
2013-09-15,Kampala,Central Kampala,Owino,Maize,KG,Retail,800.0,0.31
2013-09-15,Kampala,Central Kampala,Owino,Maize,KG,Wholesale,828.68,0.32
2013-09-15,Kampala,Central Kampala,Owino,Rice,KG,Wholesale,2995.57,1.17
2013-10-15,Busia,Samia-bugwe,Busia,Maize,KG,Wholesale,818.87,0.32
2013-10-15,Gulu,Gulu Municipality,Gulu,Beans,KG,Retail,2604.0,1.03
2013-10-15,Gulu,Gulu Municipality,Gulu,Cassava flour,KG,Retail,2047.0,0.81
2013-10-15,Jinja,Jinja Municipality,Jinja,Beans,KG,Retail,2523.0,0.99
2013-10-15,Jinja,Jinja Municipality,Jinja,Cassava flour,KG,Retail,1440.0,0.57
2013-10-15,Mbarara,Mbarara Municipality,Mbarara,Beans,KG,Retail,2693.0,1.06
2013-10-15,Mbarara,Mbarara Municipality,Mbarara,Cassava flour,KG,Retail,1660.0,0.65
2013-10-15,Kampala,Central Kampala,Owino,Beans,KG,Retail,1975.0,0.78
2013-10-15,Kampala,Central Kampala,Owino,Beans,KG,Wholesale,1905.07,0.75
2013-10-15,Kampala,Central Kampala,Owino,Cassava flour,KG,Retail,1000.0,0.39
2013-10-15,Kampala,Central Kampala,Owino,Cassava flour,KG,Wholesale,800.0,0.32
2013-10-15,Kampala,Central Kampala,Owino,Maize,KG,Retail,750.0,0.3
2013-10-15,Kampala,Central Kampala,Owino,Maize,KG,Wholesale,776.18,0.31
2013-10-15,Kampala,Central Kampala,Owino,Rice,KG,Wholesale,2829.49,1.11
2013-11-15,Busia,Samia-bugwe,Busia,Maize,KG,Wholesale,931.21,0.37
2013-11-15,Gulu,Gulu Municipality,Gulu,Beans,KG,Retail,2467.0,0.98
2013-11-15,Gulu,Gulu Municipality,Gulu,Cassava flour,KG,Retail,2967.0,1.18
2013-11-15,Jinja,Jinja Municipality,Jinja,Beans,KG,Retail,2150.0,0.86
2013-11-15,Mbarara,Mbarara Municipality,Mbarara,Beans,KG,Retail,2234.0,0.89
2013-11-15,Mbarara,Mbarara Municipality,Mbarara,Cassava flour,KG,Retail,1700.0,0.68
2013-11-15,Kampala,Central Kampala,Owino,Beans,KG,Retail,1517.0,0.6
2013-11-15,Kampala,Central Kampala,Owino,Beans,KG,Wholesale,1443.26,0.58
2013-11-15,Kampala,Central Kampala,Owino,Cassava flour,KG,Retail,1100.0,0.44
2013-11-15,Kampala,Central Kampala,Owino,Cassava flour,KG,Wholesale,800.0,0.32
2013-11-15,Kampala,Central Kampala,Owino,Maize,KG,Retail,1200.0,0.48
2013-11-15,Kampala,Central Kampala,Owino,Maize,KG,Wholesale,975.86,0.39
2013-11-15,Kampala,Central Kampala,Owino,Rice,KG,Wholesale,2802.61,1.12
2013-12-15,Busia,Samia-bugwe,Busia,Maize,KG,Wholesale,721.04,0.29
2013-12-15,Gulu,Gulu Municipality,Gulu,Beans,KG,Retail,2484.0,0.99
2013-12-15,Gulu,Gulu Municipality,Gulu,Cassava flour,KG,Retail,2584.0,1.03
2013-12-15,Jinja,Jinja Municipality,Jinja,Beans,KG,Retail,1867.0,0.75
2013-12-15,Jinja,Jinja Municipality,Jinja,Cassava flour,KG,Retail,2050.0,0.82
2013-12-15,Mbarara,Mbarara Municipality,Mbarara,Beans,KG,Retail,1933.0,0.77
2013-12-15,Mbarara,Mbarara Municipality,Mbarara,Cassava flour,KG,Retail,1700.0,0.68
2013-12-15,Kampala,Central Kampala,Owino,Beans,KG,Retail,1617.0,0.65
2013-12-15,Kampala,Central Kampala,Owino,Beans,KG,Wholesale,1479.55,0.59
2013-12-15,Kampala,Central Kampala,Owino,Cassava flour,KG,Retail,1017.0,0.41
2013-12-15,Kampala,Central Kampala,Owino,Cassava flour,KG,Wholesale,794.33,0.32
2013-12-15,Kampala,Central Kampala,Owino,Maize,KG,Retail,950.0,0.38
2013-12-15,Kampala,Central Kampala,Owino,Maize,KG,Wholesale,742.32,0.3
2013-12-15,Kampala,Central Kampala,Owino,Rice,KG,Wholesale,2748.1,1.1
2014-01-15,Busia,Samia-bugwe,Busia,Maize,KG,Wholesale,707.78,0.28
2014-01-15,Gulu,Gulu Municipality,Gulu,Beans,KG,Retail,2550.0,1.02
2014-01-15,Gulu,Gulu Municipality,Gulu,Cassava flour,KG,Retail,2700.0,1.08
2014-01-15,Jinja,Jinja Municipality,Jinja,Beans,KG,Retail,2000.0,0.8
2014-01-15,Mbarara,Mbarara Municipality,Mbarara,Beans,KG,Retail,1822.0,0.73
2014-01-15,Mbarara,Mbarara Municipality,Mbarara,Cassava flour,KG,Retail,1589.0,0.64
2014-01-15,Kampala,Central Kampala,Owino,Beans,KG,Retail,2000.0,0.8
2014-01-15,Kampala,Central Kampala,Owino,Beans,KG,Wholesale,1836.57,0.73
2014-01-15,Kampala,Central Kampala,Owino,Cassava flour,KG,Retail,967.0,0.39
2014-01-15,Kampala,Central Kampala,Owino,Cassava flour,KG,Wholesale,925.0,0.37
2014-01-15,Kampala,Central Kampala,Owino,Maize,KG,Retail,900.0,0.36
2014-01-15,Kampala,Central Kampala,Owino,Maize,KG,Wholesale,658.24,0.26
2014-01-15,Kampala,Central Kampala,Owino,Rice,KG,Wholesale,2523.53,1.01
2014-02-15,Busia,Samia-bugwe,Busia,Maize,KG,Wholesale,712.11,0.29
2014-02-15,Gulu,Gulu Municipality,Gulu,Beans,KG,Retail,2575.0,1.05
2014-02-15,Gulu,Gulu Municipality,Gulu,Cassava flour,KG,Retail,2250.0,0.92
2014-02-15,Jinja,Jinja Municipality,Jinja,Beans,KG,Retail,2150.0,0.87
2014-02-15,Mbarara,Mbarara Municipality,Mbarara,Beans,KG,Retail,2000.0,0.81
2014-02-15,Mbarara,Mbarara Municipality,Mbarara,Cassava flour,KG,Retail,1500.0,0.61
2014-02-15,Kampala,Central Kampala,Owino,Beans,KG,Retail,2000.0,0.81
2014-02-15,Kampala,Central Kampala,Owino,Beans,KG,Wholesale,1714.87,0.7
2014-02-15,Kampala,Central Kampala,Owino,Cassava flour,KG,Retail,809.0,0.33
2014-02-15,Kampala,Central Kampala,Owino,Cassava flour,KG,Wholesale,900.0,0.37
2014-02-15,Kampala,Central Kampala,Owino,Maize,KG,Retail,900.0,0.37
2014-02-15,Kampala,Central Kampala,Owino,Maize,KG,Wholesale,668.4,0.27
2014-02-15,Kampala,Central Kampala,Owino,Rice,KG,Wholesale,2719.35,1.11
2014-03-15,Busia,Samia-bugwe,Busia,Maize,KG,Wholesale,889.2,0.35
2014-03-15,Gulu,Gulu Municipality,Gulu,Beans,KG,Retail,2579.0,1.03
2014-03-15,Gulu,Gulu Municipality,Gulu,Cassava flour,KG,Retail,2283.0,0.91
2014-03-15,Jinja,Jinja Municipality,Jinja,Beans,KG,Retail,2150.0,0.85
2014-03-15,Mbarara,Mbarara Municipality,Mbarara,Beans,KG,Retail,1950.0,0.78
2014-03-15,Mbarara,Mbarara Municipality,Mbarara,Cassava flour,KG,Retail,1604.0,0.64
2014-03-15,Kampala,Central Kampala,Owino,Beans,KG,Retail,2292.0,0.91
2014-03-15,Kampala,Central Kampala,Owino,Beans,KG,Wholesale,2062.69,0.82
2014-03-15,Kampala,Central Kampala,Owino,Cassava flour,KG,Retail,929.0,0.37
2014-03-15,Kampala,Central Kampala,Owino,Cassava flour,KG,Wholesale,700.0,0.28
2014-03-15,Kampala,Central Kampala,Owino,Maize,KG,Retail,1450.0,0.58
2014-03-15,Kampala,Central Kampala,Owino,Maize,KG,Wholesale,777.56,0.31
2014-03-15,Kampala,Central Kampala,Owino,Rice,KG,Wholesale,2856.53,1.14
2014-04-15,Busia,Samia-bugwe,Busia,Maize,KG,Wholesale,831.3,0.33
2014-04-15,Gulu,Gulu Municipality,Gulu,Beans,KG,Retail,2720.0,1.09
2014-04-15,Gulu,Gulu Municipality,Gulu,Cassava flour,KG,Retail,2440.0,0.98
2014-04-15,Jinja,Jinja Municipality,Jinja,Beans,KG,Retail,2030.0,0.81
2014-04-15,Jinja,Jinja Municipality,Jinja,Cassava flour,KG,Retail,1150.0,0.46
2014-04-15,Mbarara,Mbarara Municipality,Mbarara,Beans,KG,Retail,2040.0,0.82
2014-04-15,Mbarara,Mbarara Municipality,Mbarara,Cassava flour,KG,Retail,1580.0,0.63
2014-04-15,Kampala,Central Kampala,Owino,Beans,KG,Retail,2290.0,0.92
2014-04-15,Kampala,Central Kampala,Owino,Beans,KG,Wholesale,2081.79,0.84
2014-04-15,Kampala,Central Kampala,Owino,Cassava flour,KG,Retail,1000.0,0.4
2014-04-15,Kampala,Central Kampala,Owino,Cassava flour,KG,Wholesale,760.0,0.3
2014-04-15,Kampala,Central Kampala,Owino,Maize,KG,Retail,1500.0,0.6
2014-04-15,Kampala,Central Kampala,Owino,Maize,KG,Wholesale,815.87,0.33
2014-04-15,Kampala,Central Kampala,Owino,Rice,KG,Wholesale,2753.62,1.1
2014-05-15,Busia,Samia-bugwe,Busia,Maize,KG,Wholesale,896.48,0.36
2014-05-15,Gulu,Gulu Municipality,Gulu,Beans,KG,Retail,2813.0,1.11
2014-05-15,Gulu,Gulu Municipality,Gulu,Cassava flour,KG,Retail,2200.0,0.87
2014-05-15,Jinja,Jinja Municipality,Jinja,Beans,KG,Retail,2375.0,0.94
2014-05-15,Jinja,Jinja Municipality,Jinja,Cassava flour,KG,Retail,1375.0,0.54
2014-05-15,Mbarara,Mbarara Municipality,Mbarara,Beans,KG,Retail,1963.0,0.78
2014-05-15,Mbarara,Mbarara Municipality,Mbarara,Cassava flour,KG,Retail,1563.0,0.62
2014-05-15,Kampala,Central Kampala,Owino,Beans,KG,Retail,2525.0,1.0
2014-05-15,Kampala,Central Kampala,Owino,Beans,KG,Wholesale,1932.5,0.77
2014-05-15,Kampala,Central Kampala,Owino,Cassava flour,KG,Retail,1000.0,0.4
2014-05-15,Kampala,Central Kampala,Owino,Cassava flour,KG,Wholesale,800.0,0.32
2014-05-15,Kampala,Central Kampala,Owino,Maize,KG,Retail,1000.0,0.4
2014-05-15,Kampala,Central Kampala,Owino,Maize,KG,Wholesale,852.29,0.34
2014-05-15,Kampala,Central Kampala,Owino,Rice,KG,Wholesale,2680.11,1.06
2014-06-15,Busia,Samia-bugwe,Busia,Maize,KG,Wholesale,936.79,0.36
2014-06-15,Gulu,Gulu Municipality,Gulu,Beans,KG,Retail,2933.0,1.14
2014-06-15,Gulu,Gulu Municipality,Gulu,Cassava flour,KG,Retail,2100.0,0.82
2014-06-15,Jinja,Jinja Municipality,Jinja,Beans,KG,Retail,2433.0,0.95
2014-06-15,Jinja,Jinja Municipality,Jinja,Cassava flour,KG,Retail,1183.0,0.46
2014-06-15,Mbarara,Mbarara Municipality,Mbarara,Beans,KG,Retail,1917.0,0.75
2014-06-15,Mbarara,Mbarara Municipality,Mbarara,Cassava flour,KG,Retail,1517.0,0.59
2014-06-15,Kampala,Central Kampala,Owino,Beans,KG,Retail,1833.0,0.71
2014-06-15,Kampala,Central Kampala,Owino,Beans,KG,Wholesale,1425.23,0.56
2014-06-15,Kampala,Central Kampala,Owino,Cassava flour,KG,Retail,967.0,0.38
2014-06-15,Kampala,Central Kampala,Owino,Cassava flour,KG,Wholesale,937.5,0.37
2014-06-15,Kampala,Central Kampala,Owino,Maize,KG,Retail,800.0,0.31
2014-06-15,Kampala,Central Kampala,Owino,Maize,KG,Wholesale,853.1,0.33
2014-06-15,Kampala,Central Kampala,Owino,Rice,KG,Wholesale,2663.02,1.04
2014-07-15,Busia,Samia-bugwe,Busia,Maize,KG,Wholesale,657.82,0.25
2014-07-15,Gulu,Gulu Municipality,Gulu,Beans,KG,Retail,2600.0,0.99
2014-07-15,Gulu,Gulu Municipality,Gulu,Cassava flour,KG,Retail,2283.33,0.87
2014-07-15,Jinja,Jinja Municipality,Jinja,Beans,KG,Retail,1870.0,0.71
2014-07-15,Jinja,Jinja Municipality,Jinja,Cassava flour,KG,Retail,850.0,0.32
2014-07-15,Mbarara,Mbarara Municipality,Mbarara,Beans,KG,Retail,1840.0,0.7
2014-07-15,Mbarara,Mbarara Municipality,Mbarara,Cassava flour,KG,Retail,1500.0,0.57
2014-07-15,Kampala,Central Kampala,Owino,Beans,KG,Retail,1710.0,0.65
2014-07-15,Kampala,Central Kampala,Owino,Beans,KG,Wholesale,1374.66,0.52
2014-07-15,Kampala,Central Kampala,Owino,Cassava flour,KG,Retail,960.0,0.37
2014-07-15,Kampala,Central Kampala,Owino,Cassava flour,KG,Wholesale,890.0,0.34
2014-07-15,Kampala,Central Kampala,Owino,Maize,KG,Retail,700.0,0.27
2014-07-15,Kampala,Central Kampala,Owino,Maize,KG,Wholesale,711.13,0.27
2014-07-15,Kampala,Central Kampala,Owino,Rice,KG,Wholesale,2621.36,1.0
2014-08-15,Busia,Samia-bugwe,Busia,Maize,KG,Wholesale,581.53,0.22
2014-08-15,Gulu,Gulu Municipality,Gulu,Beans,KG,Retail,2375.0,0.91
2014-08-15,Gulu,Gulu Municipality,Gulu,Cassava flour,KG,Retail,2000.0,0.77
2014-08-15,Jinja,Jinja Municipality,Jinja,Beans,KG,Retail,1650.0,0.63
2014-08-15,Jinja,Jinja Municipality,Jinja,Cassava flour,KG,Retail,850.0,0.33
2014-08-15,Mbarara,Mbarara Municipality,Mbarara,Beans,KG,Retail,1850.0,0.71
2014-08-15,Mbarara,Mbarara Municipality,Mbarara,Cassava flour,KG,Retail,1500.0,0.58
2014-08-15,Kampala,Central Kampala,Owino,Beans,KG,Retail,1925.0,0.74
2014-08-15,Kampala,Central Kampala,Owino,Beans,KG,Wholesale,1706.2,0.66
2014-08-15,Kampala,Central Kampala,Owino,Cassava flour,KG,Retail,1000.0,0.38
2014-08-15,Kampala,Central Kampala,Owino,Cassava flour,KG,Wholesale,900.0,0.35
2014-08-15,Kampala,Central Kampala,Owino,Maize,KG,Retail,550.0,0.21
2014-08-15,Kampala,Central Kampala,Owino,Maize,KG,Wholesale,551.34,0.21
2014-08-15,Kampala,Central Kampala,Owino,Rice,KG,Wholesale,2731.69,1.05
2014-09-15,Busia,Samia-bugwe,Busia,Maize,KG,Wholesale,591.48,0.23
2014-09-15,Gulu,Gulu Municipality,Gulu,Beans,KG,Retail,2425.0,0.93
2014-09-15,Gulu,Gulu Municipality,Gulu,Cassava flour,KG,Retail,1937.5,0.75
2014-09-15,Jinja,Jinja Municipality,Jinja,Beans,KG,Retail,1600.0,0.62
2014-09-15,Jinja,Jinja Municipality,Jinja,Cassava flour,KG,Retail,900.0,0.35
2014-09-15,Kampala,Central Kampala,Owino,Beans,KG,Retail,2000.0,0.77
2014-09-15,Kampala,Central Kampala,Owino,Beans,KG,Wholesale,1492.37,0.57
2014-09-15,Kampala,Central Kampala,Owino,Cassava flour,KG,Retail,1000.0,0.38
2014-09-15,Kampala,Central Kampala,Owino,Cassava flour,KG,Wholesale,1000.0,0.38
2014-09-15,Kampala,Central Kampala,Owino,Maize,KG,Retail,500.0,0.19
2014-09-15,Kampala,Central Kampala,Owino,Maize,KG,Wholesale,528.85,0.2
2014-09-15,Kampala,Central Kampala,Owino,Rice,KG,Wholesale,2635.69,1.01
2014-10-15,Busia,Samia-bugwe,Busia,Maize,KG,Wholesale,583.2,0.22
2014-10-15,Jinja,Jinja Municipality,Jinja,Beans,KG,Retail,1575.0,0.59
2014-10-15,Jinja,Jinja Municipality,Jinja,Cassava flour,KG,Retail,900.0,0.34
2014-10-15,Mbarara,Mbarara Municipality,Mbarara,Beans,KG,Retail,1800.0,0.67
2014-10-15,Mbarara,Mbarara Municipality,Mbarara,Cassava flour,KG,Retail,1483.0,0.55
2014-10-15,Kampala,Central Kampala,Owino,Beans,KG,Retail,1863.0,0.7
2014-10-15,Kampala,Central Kampala,Owino,Beans,KG,Wholesale,1426.67,0.53
2014-10-15,Kampala,Central Kampala,Owino,Cassava flour,KG,Retail,1000.0,0.37
2014-10-15,Kampala,Central Kampala,Owino,Cassava flour,KG,Wholesale,1000.0,0.37
2014-10-15,Kampala,Central Kampala,Owino,Maize,KG,Retail,550.0,0.21
2014-10-15,Kampala,Central Kampala,Owino,Maize,KG,Wholesale,507.47,0.19
2014-10-15,Kampala,Central Kampala,Owino,Rice,KG,Wholesale,2320.36,0.87
2014-11-15,Busia,Samia-bugwe,Busia,Maize,KG,Wholesale,554.58,0.2
2014-11-15,Jinja,Jinja Municipality,Jinja,Beans,KG,Retail,1600.0,0.59
2014-11-15,Jinja,Jinja Municipality,Jinja,Cassava flour,KG,Retail,900.0,0.33
2014-11-15,Kampala,Central Kampala,Owino,Beans,KG,Retail,1812.5,0.67
2014-11-15,Kampala,Central Kampala,Owino,Beans,KG,Wholesale,1215.8,0.45
2014-11-15,Kampala,Central Kampala,Owino,Cassava flour,KG,Retail,1012.5,0.37
2014-11-15,Kampala,Central Kampala,Owino,Cassava flour,KG,Wholesale,962.5,0.35
2014-11-15,Kampala,Central Kampala,Owino,Maize,KG,Retail,600.0,0.22
2014-11-15,Kampala,Central Kampala,Owino,Maize,KG,Wholesale,465.62,0.17
2014-11-15,Kampala,Central Kampala,Owino,Rice,KG,Wholesale,2423.96,0.89
2014-12-15,Busia,Samia-bugwe,Busia,Maize,KG,Wholesale,554.46,0.2
2014-12-15,Kampala,Central Kampala,Owino,Beans,KG,Retail,1800.0,0.65
2014-12-15,Kampala,Central Kampala,Owino,Beans,KG,Wholesale,1429.0,0.52
2014-12-15,Kampala,Central Kampala,Owino,Cassava flour,KG,Retail,1000.0,0.36
2014-12-15,Kampala,Central Kampala,Owino,Cassava flour,KG,Wholesale,800.0,0.29
2014-12-15,Kampala,Central Kampala,Owino,Maize,KG,Retail,600.0,0.22
2014-12-15,Kampala,Central Kampala,Owino,Maize,KG,Wholesale,461.56,0.17
2014-12-15,Kampala,Central Kampala,Owino,Rice,KG,Wholesale,2418.01,0.87
2015-01-15,Busia,Samia-bugwe,Busia,Maize,KG,Wholesale,564.67,0.2
2015-01-15,Gulu,Gulu Municipality,Gulu,Beans,KG,Retail,2270.0,0.79
2015-01-15,Mbarara,Mbarara Municipality,Mbarara,Beans,KG,Retail,1900.0,0.66
2015-01-15,Mbarara,Mbarara Municipality,Mbarara,Cassava flour,KG,Retail,1900.0,0.66
2015-01-15,Kampala,Central Kampala,Owino,Beans,KG,Retail,2000.0,0.69
2015-01-15,Kampala,Central Kampala,Owino,Beans,KG,Wholesale,1519.94,0.53
2015-01-15,Kampala,Central Kampala,Owino,Cassava flour,KG,Retail,1000.0,0.35
2015-01-15,Kampala,Central Kampala,Owino,Cassava flour,KG,Wholesale,962.5,0.33
2015-01-15,Kampala,Central Kampala,Owino,Maize,KG,Retail,500.0,0.17
2015-01-15,Kampala,Central Kampala,Owino,Maize,KG,Wholesale,498.39,0.17
2015-01-15,Kampala,Central Kampala,Owino,Rice,KG,Wholesale,2414.15,0.84
2015-02-15,Busia,Samia-bugwe,Busia,Maize,KG,Wholesale,563.65,0.2
2015-02-15,Gulu,Gulu Municipality,Gulu,Beans,KG,Retail,2500.0,0.87
2015-02-15,Gulu,Gulu Municipality,Gulu,Cassava flour,KG,Retail,2500.0,0.87
2015-02-15,Mbarara,Mbarara Municipality,Mbarara,Beans,KG,Retail,1750.0,0.61
2015-02-15,Mbarara,Mbarara Municipality,Mbarara,Cassava flour,KG,Retail,2150.0,0.75
2015-02-15,Kampala,Central Kampala,Owino,Beans,KG,Retail,2400.0,0.84
2015-02-15,Kampala,Central Kampala,Owino,Beans,KG,Wholesale,1730.83,0.61
2015-02-15,Kampala,Central Kampala,Owino,Cassava flour,KG,Retail,1000.0,0.35
2015-02-15,Kampala,Central Kampala,Owino,Cassava flour,KG,Wholesale,725.0,0.25
2015-02-15,Kampala,Central Kampala,Owino,Maize,KG,Retail,500.0,0.17
2015-02-15,Kampala,Central Kampala,Owino,Maize,KG,Wholesale,496.79,0.17
2015-02-15,Kampala,Central Kampala,Owino,Rice,KG,Wholesale,2461.36,0.86
2015-03-15,Busia,Samia-bugwe,Busia,Maize,KG,Wholesale,688.97,0.24
2015-03-15,Gulu,Gulu Municipality,Gulu,Beans,KG,Retail,2650.0,0.91
2015-03-15,Gulu,Gulu Municipality,Gulu,Cassava flour,KG,Retail,3667.0,1.26
2015-03-15,Mbarara,Mbarara Municipality,Mbarara,Beans,KG,Retail,2375.0,0.82
2015-03-15,Mbarara,Mbarara Municipality,Mbarara,Cassava flour,KG,Retail,2225.0,0.76
2015-03-15,Kampala,Central Kampala,Owino,Beans,KG,Retail,2500.0,0.86
2015-03-15,Kampala,Central Kampala,Owino,Beans,KG,Wholesale,2157.58,0.74
2015-03-15,Kampala,Central Kampala,Owino,Cassava flour,KG,Retail,1000.0,0.34
2015-03-15,Kampala,Central Kampala,Owino,Cassava flour,KG,Wholesale,783.33,0.27
2015-03-15,Kampala,Central Kampala,Owino,Maize,KG,Retail,500.0,0.17
2015-03-15,Kampala,Central Kampala,Owino,Maize,KG,Wholesale,601.09,0.21
2015-03-15,Kampala,Central Kampala,Owino,Rice,KG,Wholesale,2661.8,0.91
2015-04-15,Busia,Samia-bugwe,Busia,Maize,KG,Wholesale,849.96,0.28
2015-04-15,Gulu,Gulu Municipality,Gulu,Beans,KG,Retail,2500.0,0.83
2015-04-15,Gulu,Gulu Municipality,Gulu,Cassava flour,KG,Retail,3500.0,1.17
2015-04-15,Mbarara,Mbarara Municipality,Mbarara,Beans,KG,Retail,2750.0,0.92
2015-04-15,Mbarara,Mbarara Municipality,Mbarara,Cassava flour,KG,Retail,2350.0,0.78
2015-04-15,Kampala,Central Kampala,Owino,Beans,KG,Retail,4000.0,1.33
2015-04-15,Kampala,Central Kampala,Owino,Beans,KG,Wholesale,2839.1,0.95
2015-04-15,Kampala,Central Kampala,Owino,Cassava flour,KG,Retail,1200.0,0.4
2015-04-15,Kampala,Central Kampala,Owino,Cassava flour,KG,Wholesale,966.67,0.32
2015-04-15,Kampala,Central Kampala,Owino,Maize,KG,Retail,950.0,0.32
2015-04-15,Kampala,Central Kampala,Owino,Maize,KG,Wholesale,803.39,0.27
2015-04-15,Kampala,Central Kampala,Owino,Rice,KG,Wholesale,2986.82,1.0
2015-05-15,Busia,Samia-bugwe,Busia,Maize,KG,Wholesale,850.57,0.28
2015-05-15,Gulu,Gulu Municipality,Gulu,Beans,KG,Retail,2500.0,0.84
2015-05-15,Gulu,Gulu Municipality,Gulu,Cassava flour,KG,Retail,2000.0,0.67
2015-05-15,Mbarara,Mbarara Municipality,Mbarara,Beans,KG,Retail,2950.0,0.99
2015-05-15,Mbarara,Mbarara Municipality,Mbarara,Cassava flour,KG,Retail,2475.0,0.83
2015-05-15,Kampala,Central Kampala,Owino,Beans,KG,Retail,4333.0,1.45
2015-05-15,Kampala,Central Kampala,Owino,Beans,KG,Wholesale,3410.76,1.14
2015-05-15,Kampala,Central Kampala,Owino,Cassava flour,KG,Retail,1200.0,0.4
2015-05-15,Kampala,Central Kampala,Owino,Cassava flour,KG,Wholesale,1000.0,0.33
2015-05-15,Kampala,Central Kampala,Owino,Maize,KG,Retail,950.0,0.32
2015-05-15,Kampala,Central Kampala,Owino,Maize,KG,Wholesale,828.09,0.28
2015-05-15,Kampala,Central Kampala,Owino,Rice,KG,Wholesale,3028.16,1.01
2015-06-15,Busia,Samia-bugwe,Busia,Maize,KG,Wholesale,903.63,0.28
2015-06-15,Gulu,Gulu Municipality,Gulu,Beans,KG,Retail,2800.0,0.88
2015-06-15,Gulu,Gulu Municipality,Gulu,Cassava flour,KG,Retail,3500.0,1.1
2015-06-15,Mbarara,Mbarara Municipality,Mbarara,Beans,KG,Retail,2750.0,0.87
2015-06-15,Mbarara,Mbarara Municipality,Mbarara,Cassava flour,KG,Retail,2300.0,0.72
2015-06-15,Kampala,Central Kampala,Owino,Beans,KG,Retail,2000.0,0.63
2015-06-15,Kampala,Central Kampala,Owino,Beans,KG,Wholesale,1814.53,0.57
2015-06-15,Kampala,Central Kampala,Owino,Cassava flour,KG,Retail,1200.0,0.38
2015-06-15,Kampala,Central Kampala,Owino,Cassava flour,KG,Wholesale,780.0,0.25
2015-06-15,Kampala,Central Kampala,Owino,Maize,KG,Retail,1000.0,0.31
2015-06-15,Kampala,Central Kampala,Owino,Maize,KG,Wholesale,856.12,0.27
2015-06-15,Kampala,Central Kampala,Owino,Rice,KG,Wholesale,2898.4,0.91
2015-07-15,Busia,Samia-bugwe,Busia,Maize,KG,Wholesale,945.42,0.28
2015-07-15,Gulu,Gulu Municipality,Gulu,Beans,KG,Retail,2425.0,0.73
2015-07-15,Gulu,Gulu Municipality,Gulu,Cassava flour,KG,Retail,3000.0,0.9
2015-07-15,Mbarara,Mbarara Municipality,Mbarara,Beans,KG,Retail,2325.0,0.7
2015-07-15,Mbarara,Mbarara Municipality,Mbarara,Cassava flour,KG,Retail,2450.0,0.74
2015-07-15,Kampala,Central Kampala,Owino,Beans,KG,Retail,2100.0,0.63
2015-07-15,Kampala,Central Kampala,Owino,Beans,KG,Wholesale,1806.17,0.54
2015-07-15,Kampala,Central Kampala,Owino,Cassava flour,KG,Retail,1200.0,0.36
2015-07-15,Kampala,Central Kampala,Owino,Cassava flour,KG,Wholesale,937.5,0.28
2015-07-15,Kampala,Central Kampala,Owino,Maize,KG,Retail,900.0,0.27
2015-07-15,Kampala,Central Kampala,Owino,Maize,KG,Wholesale,878.72,0.26
2015-07-15,Kampala,Central Kampala,Owino,Rice,KG,Wholesale,3014.81,0.91
2015-08-15,Busia,Samia-bugwe,Busia,Maize,KG,Wholesale,721.49,0.2
2015-08-15,Gulu,Gulu Municipality,Gulu,Beans,KG,Retail,2333.0,0.66
2015-08-15,Gulu,Gulu Municipality,Gulu,Cassava flour,KG,Retail,3667.0,1.04
2015-08-15,Mbarara,Mbarara Municipality,Mbarara,Beans,KG,Retail,2050.0,0.58
2015-08-15,Mbarara,Mbarara Municipality,Mbarara,Cassava flour,KG,Retail,2450.0,0.69
2015-08-15,Kampala,Central Kampala,Owino,Beans,KG,Retail,2325.0,0.66
2015-08-15,Kampala,Central Kampala,Owino,Beans,KG,Wholesale,1934.63,0.55
2015-08-15,Kampala,Central Kampala,Owino,Cassava flour,KG,Retail,1225.0,0.35
2015-08-15,Kampala,Central Kampala,Owino,Cassava flour,KG,Wholesale,962.5,0.27
2015-08-15,Kampala,Central Kampala,Owino,Maize,KG,Retail,600.0,0.17
2015-08-15,Kampala,Central Kampala,Owino,Maize,KG,Wholesale,632.91,0.18
2015-08-15,Kampala,Central Kampala,Owino,Rice,KG,Wholesale,2814.54,0.8
2015-09-15,Busia,Samia-bugwe,Busia,Maize,KG,Wholesale,805.59,0.22
2015-09-15,Gulu,Gulu Municipality,Gulu,Beans,KG,Retail,2400.0,0.66
2015-09-15,Gulu,Gulu Municipality,Gulu,Cassava flour,KG,Retail,2500.0,0.68
2015-09-15,Mbarara,Mbarara Municipality,Mbarara,Beans,KG,Retail,2750.0,0.75
2015-09-15,Mbarara,Mbarara Municipality,Mbarara,Cassava flour,KG,Retail,1500.0,0.41
2015-09-15,Kampala,Central Kampala,Owino,Beans,KG,Retail,2500.0,0.68
2015-09-15,Kampala,Central Kampala,Owino,Beans,KG,Wholesale,2224.13,0.61
2015-09-15,Kampala,Central Kampala,Owino,Cassava flour,KG,Retail,1200.0,0.33
2015-09-15,Kampala,Central Kampala,Owino,Cassava flour,KG,Wholesale,920.0,0.25
2015-09-15,Kampala,Central Kampala,Owino,Maize,KG,Retail,700.0,0.19
2015-09-15,Kampala,Central Kampala,Owino,Maize,KG,Wholesale,772.73,0.21
2015-09-15,Kampala,Central Kampala,Owino,Rice,KG,Wholesale,2797.78,0.77
2015-10-15,Busia,Samia-bugwe,Busia,Maize,KG,Wholesale,822.44,0.22
2015-10-15,Gulu,Gulu Municipality,Gulu,Beans,KG,Retail,3133.0,0.85
2015-10-15,Gulu,Gulu Municipality,Gulu,Cassava flour,KG,Retail,2000.0,0.54
2015-10-15,Mbarara,Mbarara Municipality,Mbarara,Beans,KG,Retail,3500.0,0.95
2015-10-15,Mbarara,Mbarara Municipality,Mbarara,Cassava flour,KG,Retail,1500.0,0.41
2015-10-15,Kampala,Central Kampala,Owino,Beans,KG,Retail,2500.0,0.68
2015-10-15,Kampala,Central Kampala,Owino,Beans,KG,Wholesale,2209.55,0.6
2015-10-15,Kampala,Central Kampala,Owino,Cassava flour,KG,Retail,1267.0,0.34
2015-10-15,Kampala,Central Kampala,Owino,Cassava flour,KG,Wholesale,912.5,0.25
2015-10-15,Kampala,Central Kampala,Owino,Maize,KG,Retail,1000.0,0.27
2015-10-15,Kampala,Central Kampala,Owino,Maize,KG,Wholesale,825.82,0.22
2015-10-15,Kampala,Central Kampala,Owino,Rice,KG,Wholesale,2683.24,0.73
2015-11-15,Busia,Samia-bugwe,Busia,Maize,KG,Wholesale,818.92,0.24
2015-11-15,Gulu,Gulu Municipality,Gulu,Beans,KG,Retail,3000.0,0.87
2015-11-15,Gulu,Gulu Municipality,Gulu,Cassava flour,KG,Retail,1500.0,0.43
2015-11-15,Mbarara,Mbarara Municipality,Mbarara,Beans,KG,Retail,3350.0,0.97
2015-11-15,Mbarara,Mbarara Municipality,Mbarara,Cassava flour,KG,Retail,1500.0,0.43
2015-11-15,Kampala,Central Kampala,Owino,Beans,KG,Retail,2500.0,0.72
2015-11-15,Kampala,Central Kampala,Owino,Beans,KG,Wholesale,2001.48,0.58
2015-11-15,Kampala,Central Kampala,Owino,Cassava flour,KG,Retail,1300.0,0.38
2015-11-15,Kampala,Central Kampala,Owino,Cassava flour,KG,Wholesale,900.0,0.26
2015-11-15,Kampala,Central Kampala,Owino,Maize,KG,Retail,1000.0,0.29
2015-11-15,Kampala,Central Kampala,Owino,Maize,KG,Wholesale,897.05,0.26
2015-11-15,Kampala,Central Kampala,Owino,Rice,KG,Wholesale,2941.93,0.85
2015-12-15,Busia,Samia-bugwe,Busia,Maize,KG,Wholesale,835.47,0.25
2015-12-15,Gulu,Gulu Municipality,Gulu,Beans,KG,Retail,2800.0,0.82
2015-12-15,Gulu,Gulu Municipality,Gulu,Cassava flour,KG,Retail,4000.0,1.18
2015-12-15,Kampala,Central Kampala,Owino,Beans,KG,Retail,2383.0,0.7
2015-12-15,Kampala,Central Kampala,Owino,Beans,KG,Wholesale,2228.9,0.66
2015-12-15,Kampala,Central Kampala,Owino,Cassava flour,KG,Retail,1413.0,0.42
2015-12-15,Kampala,Central Kampala,Owino,Cassava flour,KG,Wholesale,950.0,0.28
2015-12-15,Kampala,Central Kampala,Owino,Maize,KG,Retail,1000.0,0.29
2015-12-15,Kampala,Central Kampala,Owino,Maize,KG,Wholesale,954.09,0.28
2015-12-15,Kampala,Central Kampala,Owino,Rice,KG,Wholesale,3194.61,0.94
2016-01-15,Busia,Samia-bugwe,Busia,Maize,KG,Wholesale,707.19,0.2
2016-01-15,Gulu,Gulu Municipality,Gulu,Beans,KG,Retail,2733.0,0.79
2016-01-15,Gulu,Gulu Municipality,Gulu,Cassava flour,KG,Retail,2000.0,0.58
2016-01-15,Mbarara,Mbarara Municipality,Mbarara,Beans,KG,Retail,2267.0,0.65
2016-01-15,Mbarara,Mbarara Municipality,Mbarara,Cassava flour,KG,Retail,1267.0,0.37
2016-01-15,Kampala,Central Kampala,Owino,Beans,KG,Retail,2567.0,0.74
2016-01-15,Kampala,Central Kampala,Owino,Beans,KG,Wholesale,2301.55,0.66
2016-01-15,Kampala,Central Kampala,Owino,Cassava flour,KG,Retail,1500.0,0.43
2016-01-15,Kampala,Central Kampala,Owino,Cassava flour,KG,Wholesale,900.0,0.26
2016-01-15,Kampala,Central Kampala,Owino,Maize,KG,Retail,850.0,0.25
2016-01-15,Kampala,Central Kampala,Owino,Maize,KG,Wholesale,648.97,0.19
2016-01-15,Kampala,Central Kampala,Owino,Rice,KG,Wholesale,3006.27,0.87
2016-02-15,Busia,Samia-bugwe,Busia,Maize,KG,Wholesale,764.47,0.22
2016-02-15,Gulu,Gulu Municipality,Gulu,Beans,KG,Retail,2800.0,0.82
2016-02-15,Gulu,Gulu Municipality,Gulu,Cassava flour,KG,Retail,2000.0,0.59
2016-02-15,Mbarara,Mbarara Municipality,Mbarara,Beans,KG,Retail,2100.0,0.62
2016-02-15,Mbarara,Mbarara Municipality,Mbarara,Cassava flour,KG,Retail,1250.0,0.37
2016-02-15,Kampala,Central Kampala,Owino,Beans,KG,Retail,2750.0,0.81
2016-02-15,Kampala,Central Kampala,Owino,Beans,KG,Wholesale,2384.31,0.7
2016-02-15,Kampala,Central Kampala,Owino,Cassava flour,KG,Retail,1425.0,0.42
2016-02-15,Kampala,Central Kampala,Owino,Cassava flour,KG,Wholesale,960.0,0.28
2016-02-15,Kampala,Central Kampala,Owino,Maize,KG,Wholesale,743.63,0.22
2016-02-15,Kampala,Central Kampala,Owino,Rice,KG,Wholesale,3028.18,0.89
2016-03-15,Busia,Samia-bugwe,Busia,Maize,KG,Wholesale,818.24,0.24
2016-03-15,Gulu,Gulu Municipality,Gulu,Beans,KG,Retail,2700.0,0.8
2016-03-15,Gulu,Gulu Municipality,Gulu,Cassava flour,KG,Retail,2000.0,0.6
2016-03-15,Mbarara,Mbarara Municipality,Mbarara,Beans,KG,Retail,2425.0,0.72
2016-03-15,Mbarara,Mbarara Municipality,Mbarara,Cassava flour,KG,Retail,1800.0,0.54
2016-03-15,Kampala,Central Kampala,Owino,Beans,KG,Retail,3000.0,0.89
2016-03-15,Kampala,Central Kampala,Owino,Beans,KG,Wholesale,2564.03,0.76
2016-03-15,Kampala,Central Kampala,Owino,Cassava flour,KG,Retail,1400.0,0.42
2016-03-15,Kampala,Central Kampala,Owino,Maize,KG,Wholesale,771.07,0.23
2016-03-15,Kampala,Central Kampala,Owino,Rice,KG,Wholesale,3102.53,0.92
2016-04-15,Busia,Samia-bugwe,Busia,Maize,KG,Wholesale,811.11,0.24
2016-04-15,Gulu,Gulu Municipality,Gulu,Beans,KG,Retail,3000.0,0.9
2016-04-15,Gulu,Gulu Municipality,Gulu,Cassava flour,KG,Retail,2000.0,0.6
2016-04-15,Mbarara,Mbarara Municipality,Mbarara,Beans,KG,Retail,2500.0,0.75
2016-04-15,Mbarara,Mbarara Municipality,Mbarara,Cassava flour,KG,Retail,1867.0,0.56
2016-04-15,Kampala,Central Kampala,Owino,Beans,KG,Retail,2955.0,0.89
2016-04-15,Kampala,Central Kampala,Owino,Beans,KG,Wholesale,2313.58,0.69
2016-04-15,Kampala,Central Kampala,Owino,Cassava flour,KG,Retail,1400.0,0.42
2016-04-15,Kampala,Central Kampala,Owino,Maize,KG,Wholesale,837.11,0.25
2016-04-15,Kampala,Central Kampala,Owino,Rice,KG,Wholesale,3159.5,0.95
2016-05-15,Busia,Samia-bugwe,Busia,Maize,KG,Wholesale,892.53,0.27
2016-05-15,Gulu,Gulu Municipality,Gulu,Beans,KG,Retail,3400.0,1.02
2016-05-15,Gulu,Gulu Municipality,Gulu,Cassava flour,KG,Retail,2000.0,0.6
2016-05-15,Mbarara,Mbarara Municipality,Mbarara,Beans,KG,Retail,2800.0,0.84
2016-05-15,Mbarara,Mbarara Municipality,Mbarara,Cassava flour,KG,Retail,2000.0,0.6
2016-05-15,Kampala,Central Kampala,Owino,Beans,KG,Retail,2967.0,0.89
2016-05-15,Kampala,Central Kampala,Owino,Beans,KG,Wholesale,2500.23,0.75
2016-05-15,Kampala,Central Kampala,Owino,Cassava flour,KG,Retail,1444.0,0.43
2016-05-15,Kampala,Central Kampala,Owino,Maize,KG,Wholesale,923.31,0.28
2016-05-15,Kampala,Central Kampala,Owino,Rice,KG,Wholesale,3276.25,0.99
2016-06-15,Busia,Samia-bugwe,Busia,Maize,KG,Wholesale,967.14,0.29
2016-06-15,Gulu,Gulu Municipality,Gulu,Beans,KG,Retail,3000.0,0.9
2016-06-15,Gulu,Gulu Municipality,Gulu,Cassava flour,KG,Retail,2000.0,0.6
2016-06-15,Mbarara,Mbarara Municipality,Mbarara,Beans,KG,Retail,2725.0,0.82
2016-06-15,Mbarara,Mbarara Municipality,Mbarara,Cassava flour,KG,Retail,1900.0,0.57
2016-06-15,Kampala,Central Kampala,Owino,Beans,KG,Retail,2517.0,0.75
2016-06-15,Kampala,Central Kampala,Owino,Beans,KG,Wholesale,2098.19,0.63
2016-06-15,Kampala,Central Kampala,Owino,Cassava flour,KG,Retail,1458.0,0.44
2016-06-15,Kampala,Central Kampala,Owino,Maize,KG,Wholesale,947.42,0.28
2016-06-15,Kampala,Central Kampala,Owino,Rice,KG,Wholesale,2753.83,0.82
2016-07-15,Busia,Samia-bugwe,Busia,Maize,KG,Wholesale,994.44,0.3
2016-07-15,Gulu,Gulu Municipality,Gulu,Beans,KG,Retail,2700.0,0.8
2016-07-15,Gulu,Gulu Municipality,Gulu,Cassava flour,KG,Retail,2000.0,0.59
2016-07-15,Mbarara,Mbarara Municipality,Mbarara,Beans,KG,Retail,2275.0,0.68
2016-07-15,Mbarara,Mbarara Municipality,Mbarara,Cassava flour,KG,Retail,2000.0,0.59
2016-07-15,Kampala,Central Kampala,Owino,Beans,KG,Retail,2600.0,0.77
2016-07-15,Kampala,Central Kampala,Owino,Beans,KG,Wholesale,2123.41,0.63
2016-07-15,Kampala,Central Kampala,Owino,Cassava flour,KG,Retail,1500.0,0.45
2016-07-15,Kampala,Central Kampala,Owino,Maize,KG,Wholesale,805.8,0.24
2016-07-15,Kampala,Central Kampala,Owino,Rice,KG,Wholesale,2802.37,0.83
2016-08-15,Busia,Samia-bugwe,Busia,Maize,KG,Wholesale,828.04,0.25
2016-08-15,Gulu,Gulu Municipality,Gulu,Beans,KG,Retail,3000.0,0.89
2016-08-15,Gulu,Gulu Municipality,Gulu,Cassava flour,KG,Retail,2000.0,0.59
2016-08-15,Mbarara,Mbarara Municipality,Mbarara,Beans,KG,Retail,2500.0,0.74
2016-08-15,Mbarara,Mbarara Municipality,Mbarara,Cassava flour,KG,Retail,2000.0,0.59
2016-08-15,Kampala,Central Kampala,Owino,Beans,KG,Retail,2733.0,0.81
2016-08-15,Kampala,Central Kampala,Owino,Beans,KG,Wholesale,2330.85,0.69
2016-08-15,Kampala,Central Kampala,Owino,Cassava flour,KG,Retail,1500.0,0.45
2016-08-15,Kampala,Central Kampala,Owino,Cassava flour,KG,Wholesale,1030.0,0.31
2016-08-15,Kampala,Central Kampala,Owino,Maize,KG,Retail,950.0,0.28
2016-08-15,Kampala,Central Kampala,Owino,Maize,KG,Wholesale,810.18,0.24
2016-08-15,Kampala,Central Kampala,Owino,Rice,KG,Wholesale,2788.13,0.83
2016-09-15,Busia,Samia-bugwe,Busia,Maize,KG,Wholesale,981.35,0.29
2016-09-15,Gulu,Gulu Municipality,Gulu,Beans,KG,Retail,2633.0,0.78
2016-09-15,Gulu,Gulu Municipality,Gulu,Cassava flour,KG,Retail,2000.0,0.59
2016-09-15,Mbarara,Mbarara Municipality,Mbarara,Beans,KG,Retail,2600.0,0.77
2016-09-15,Mbarara,Mbarara Municipality,Mbarara,Cassava flour,KG,Retail,2000.0,0.59
2016-09-15,Kampala,Central Kampala,Owino,Beans,KG,Retail,2925.0,0.87
2016-09-15,Kampala,Central Kampala,Owino,Beans,KG,Wholesale,2597.18,0.77
2016-09-15,Kampala,Central Kampala,Owino,Cassava flour,KG,Retail,1500.0,0.44
2016-09-15,Kampala,Central Kampala,Owino,Maize,KG,Wholesale,1001.72,0.3
2016-09-15,Kampala,Central Kampala,Owino,Rice,KG,Wholesale,2897.3,0.86
2016-10-15,Busia,Samia-bugwe,Busia,Maize,KG,Wholesale,976.49,0.28
2016-10-15,Gulu,Gulu Municipality,Gulu,Beans,KG,Retail,3000.0,0.87
2016-10-15,Gulu,Gulu Municipality,Gulu,Cassava flour,KG,Retail,2000.0,0.58
2016-10-15,Mbarara,Mbarara Municipality,Mbarara,Beans,KG,Retail,2500.0,0.72
2016-10-15,Mbarara,Mbarara Municipality,Mbarara,Cassava flour,KG,Retail,2000.0,0.58
2016-10-15,Kampala,Central Kampala,Owino,Beans,KG,Retail,2500.0,0.72
2016-10-15,Kampala,Central Kampala,Owino,Beans,KG,Wholesale,2392.04,0.69
2016-10-15,Kampala,Central Kampala,Owino,Cassava flour,KG,Retail,1500.0,0.43
2016-10-15,Kampala,Central Kampala,Owino,Cassava flour,KG,Wholesale,1037.5,0.3
2016-10-15,Kampala,Central Kampala,Owino,Maize,KG,Retail,1000.0,0.29
2016-10-15,Kampala,Central Kampala,Owino,Maize,KG,Wholesale,998.87,0.29
2016-10-15,Kampala,Central Kampala,Owino,Rice,KG,Wholesale,3078.08,0.89
2016-11-15,Busia,Samia-bugwe,Busia,Maize,KG,Wholesale,1083.37,0.31
2016-11-15,Gulu,Gulu Municipality,Gulu,Beans,KG,Retail,2700.0,0.76
2016-11-15,Gulu,Gulu Municipality,Gulu,Cassava flour,KG,Retail,2000.0,0.56
2016-11-15,Mbarara,Mbarara Municipality,Mbarara,Beans,KG,Retail,2600.0,0.73
2016-11-15,Mbarara,Mbarara Municipality,Mbarara,Cassava flour,KG,Retail,1900.0,0.54
2016-11-15,Kampala,Central Kampala,Owino,Beans,KG,Retail,2522.0,0.71
2016-11-15,Kampala,Central Kampala,Owino,Beans,KG,Wholesale,2105.03,0.59
2016-11-15,Kampala,Central Kampala,Owino,Cassava flour,KG,Retail,1500.0,0.42
2016-11-15,Kampala,Central Kampala,Owino,Cassava flour,KG,Wholesale,1075.0,0.3
2016-11-15,Kampala,Central Kampala,Owino,Maize,KG,Retail,1050.0,0.3
2016-11-15,Kampala,Central Kampala,Owino,Maize,KG,Wholesale,1180.97,0.33
2016-11-15,Kampala,Central Kampala,Owino,Rice,KG,Wholesale,2907.35,0.82
2016-12-15,Busia,Samia-bugwe,Busia,Maize,KG,Wholesale,1108.98,0.31
2016-12-15,Gulu,Gulu Municipality,Gulu,Beans,KG,Retail,2700.0,0.75
2016-12-15,Gulu,Gulu Municipality,Gulu,Cassava flour,KG,Retail,2000.0,0.55
2016-12-15,Mbarara,Mbarara Municipality,Mbarara,Beans,KG,Retail,2700.0,0.75
2016-12-15,Mbarara,Mbarara Municipality,Mbarara,Cassava flour,KG,Retail,2000.0,0.55
2016-12-15,Kampala,Central Kampala,Owino,Beans,KG,Retail,2911.0,0.81
2016-12-15,Kampala,Central Kampala,Owino,Beans,KG,Wholesale,2543.25,0.71
2016-12-15,Kampala,Central Kampala,Owino,Cassava flour,KG,Retail,1566.0,0.43
2016-12-15,Kampala,Central Kampala,Owino,Cassava flour,KG,Wholesale,1120.0,0.31
2016-12-15,Kampala,Central Kampala,Owino,Maize,KG,Retail,1320.0,0.37
2016-12-15,Kampala,Central Kampala,Owino,Maize,KG,Wholesale,1235.24,0.34
2016-12-15,Kampala,Central Kampala,Owino,Rice,KG,Wholesale,3222.23,0.89
2017-01-15,Busia,Samia-bugwe,Busia,Maize,KG,Wholesale,1237.2,0.34
2017-01-15,Gulu,Gulu Municipality,Gulu,Beans,KG,Retail,2600.0,0.72
2017-01-15,Gulu,Gulu Municipality,Gulu,Cassava flour,KG,Retail,2000.0,0.56
2017-01-15,Mbarara,Mbarara Municipality,Mbarara,Beans,KG,Retail,2800.0,0.78
2017-01-15,Mbarara,Mbarara Municipality,Mbarara,Cassava flour,KG,Retail,2100.0,0.58
2017-01-15,Kampala,Central Kampala,Owino,Beans,KG,Retail,3000.0,0.83
2017-01-15,Kampala,Central Kampala,Owino,Beans,KG,Wholesale,2663.46,0.74
2017-01-15,Kampala,Central Kampala,Owino,Cassava flour,KG,Retail,1500.0,0.42
2017-01-15,Kampala,Central Kampala,Owino,Cassava flour,KG,Wholesale,1133.33,0.31
2017-01-15,Kampala,Central Kampala,Owino,Maize,KG,Retail,1500.0,0.42
2017-01-15,Kampala,Central Kampala,Owino,Maize,KG,Wholesale,1204.29,0.33
2017-01-15,Kampala,Central Kampala,Owino,Rice,KG,Wholesale,3010.73,0.84
2017-02-15,Busia,Samia-bugwe,Busia,Maize,KG,Wholesale,1197.06,0.33
2017-02-15,Gulu,Gulu Municipality,Gulu,Beans,KG,Retail,2675.0,0.75
2017-02-15,Gulu,Gulu Municipality,Gulu,Cassava flour,KG,Retail,2000.0,0.56
2017-02-15,Mbarara,Mbarara Municipality,Mbarara,Beans,KG,Retail,2800.0,0.78
2017-02-15,Mbarara,Mbarara Municipality,Mbarara,Cassava flour,KG,Retail,2200.0,0.62
2017-02-15,Kampala,Central Kampala,Owino,Beans,KG,Retail,3267.0,0.91
2017-02-15,Kampala,Central Kampala,Owino,Beans,KG,Wholesale,2824.63,0.79
2017-02-15,Kampala,Central Kampala,Owino,Cassava flour,KG,Retail,1600.0,0.45
2017-02-15,Kampala,Central Kampala,Owino,Cassava flour,KG,Wholesale,1387.5,0.39
2017-02-15,Kampala,Central Kampala,Owino,Maize,KG,Retail,1500.0,0.42
2017-02-15,Kampala,Central Kampala,Owino,Maize,KG,Wholesale,1141.67,0.32
2017-02-15,Kampala,Central Kampala,Owino,Rice,KG,Wholesale,3074.27,0.86
2017-03-15,Busia,Samia-bugwe,Busia,Maize,KG,Wholesale,1608.39,0.45
2017-03-15,Gulu,Gulu Municipality,Gulu,Beans,KG,Retail,2700.0,0.75
2017-03-15,Gulu,Gulu Municipality,Gulu,Cassava flour,KG,Retail,2000.0,0.56
2017-03-15,Mbarara,Mbarara Municipality,Mbarara,Beans,KG,Retail,2800.0,0.78
2017-03-15,Mbarara,Mbarara Municipality,Mbarara,Cassava flour,KG,Retail,2350.0,0.66
2017-03-15,Kampala,Central Kampala,Owino,Beans,KG,Retail,3425.0,0.96
2017-03-15,Kampala,Central Kampala,Owino,Beans,KG,Wholesale,2992.11,0.83
2017-03-15,Kampala,Central Kampala,Owino,Cassava flour,KG,Retail,1559.0,0.44
2017-03-15,Kampala,Central Kampala,Owino,Cassava flour,KG,Wholesale,1450.0,0.4
2017-03-15,Kampala,Central Kampala,Owino,Maize,KG,Retail,1500.0,0.42
2017-03-15,Kampala,Central Kampala,Owino,Maize,KG,Wholesale,1541.77,0.43
2017-03-15,Kampala,Central Kampala,Owino,Rice,KG,Wholesale,3548.86,0.99
2017-04-15,Busia,Samia-bugwe,Busia,Maize,KG,Wholesale,1588.56,0.44
2017-04-15,Gulu,Gulu Municipality,Gulu,Beans,KG,Retail,3700.0,1.02
2017-04-15,Gulu,Gulu Municipality,Gulu,Cassava flour,KG,Retail,2500.0,0.69
2017-04-15,Mbarara,Mbarara Municipality,Mbarara,Beans,KG,Retail,2800.0,0.78
2017-04-15,Mbarara,Mbarara Municipality,Mbarara,Cassava flour,KG,Retail,2500.0,0.69
2017-04-15,Kampala,Central Kampala,Owino,Beans,KG,Retail,3644.0,1.01
2017-04-15,Kampala,Central Kampala,Owino,Beans,KG,Wholesale,3392.14,0.94
2017-04-15,Kampala,Central Kampala,Owino,Cassava flour,KG,Retail,1767.0,0.49
2017-04-15,Kampala,Central Kampala,Owino,Cassava flour,KG,Wholesale,1525.0,0.42
2017-04-15,Kampala,Central Kampala,Owino,Maize,KG,Retail,1500.0,0.42
2017-04-15,Kampala,Central Kampala,Owino,Maize,KG,Wholesale,1545.15,0.43
2017-04-15,Kampala,Central Kampala,Owino,Rice,KG,Wholesale,3658.09,1.01
2017-05-15,Busia,Samia-bugwe,Busia,Maize,KG,Wholesale,1675.34,0.46
2017-05-15,Gulu,Gulu Municipality,Gulu,Beans,KG,Retail,3550.0,0.98
2017-05-15,Gulu,Gulu Municipality,Gulu,Cassava flour,KG,Retail,2800.0,0.77
2017-05-15,Mbarara,Mbarara Municipality,Mbarara,Beans,KG,Retail,2800.0,0.77
2017-05-15,Mbarara,Mbarara Municipality,Mbarara,Cassava flour,KG,Retail,2425.0,0.67
2017-05-15,Kampala,Central Kampala,Owino,Beans,KG,Retail,2767.0,0.76
2017-05-15,Kampala,Central Kampala,Owino,Beans,KG,Wholesale,2978.83,0.82
2017-05-15,Kampala,Central Kampala,Owino,Cassava flour,KG,Retail,1967.0,0.54
2017-05-15,Kampala,Central Kampala,Owino,Cassava flour,KG,Wholesale,1500.0,0.41
2017-05-15,Kampala,Central Kampala,Owino,Maize,KG,Retail,1500.0,0.41
2017-05-15,Kampala,Central Kampala,Owino,Maize,KG,Wholesale,1654.86,0.46
2017-05-15,Kampala,Central Kampala,Owino,Rice,KG,Wholesale,3410.01,0.94
2017-06-15,Busia,Samia-bugwe,Busia,Maize,KG,Wholesale,1096.79,0.31
2017-06-15,Gulu,Gulu Municipality,Gulu,Beans,KG,Retail,3100.0,0.87
2017-06-15,Gulu,Gulu Municipality,Gulu,Cassava flour,KG,Retail,3000.0,0.84
2017-06-15,Mbarara,Mbarara Municipality,Mbarara,Beans,KG,Retail,2800.0,0.78
2017-06-15,Mbarara,Mbarara Municipality,Mbarara,Cassava flour,KG,Retail,2500.0,0.7
2017-06-15,Kampala,Central Kampala,Owino,Beans,KG,Retail,2500.0,0.7
2017-06-15,Kampala,Central Kampala,Owino,Beans,KG,Wholesale,2077.18,0.58
2017-06-15,Kampala,Central Kampala,Owino,Cassava flour,KG,Retail,1725.0,0.48
2017-06-15,Kampala,Central Kampala,Owino,Cassava flour,KG,Wholesale,1433.33,0.4
2017-06-15,Kampala,Central Kampala,Owino,Maize,KG,Retail,1500.0,0.42
2017-06-15,Kampala,Central Kampala,Owino,Maize,KG,Wholesale,1033.88,0.29
2017-06-15,Kampala,Central Kampala,Owino,Rice,KG,Wholesale,3503.96,0.98
2017-07-15,Busia,Samia-bugwe,Busia,Maize,KG,Wholesale,925.64,0.26
2017-07-15,Gulu,Gulu Municipality,Gulu,Beans,KG,Retail,2500.0,0.7
2017-07-15,Gulu,Gulu Municipality,Gulu,Cassava flour,KG,Retail,3500.0,0.97
2017-07-15,Mbarara,Mbarara Municipality,Mbarara,Beans,KG,Retail,2800.0,0.78
2017-07-15,Mbarara,Mbarara Municipality,Mbarara,Cassava flour,KG,Retail,2500.0,0.7
2017-07-15,Kampala,Central Kampala,Owino,Beans,KG,Retail,2750.0,0.76
2017-07-15,Kampala,Central Kampala,Owino,Beans,KG,Wholesale,2340.33,0.65
2017-07-15,Kampala,Central Kampala,Owino,Cassava flour,KG,Retail,2000.0,0.56
2017-07-15,Kampala,Central Kampala,Owino,Cassava flour,KG,Wholesale,1450.0,0.4
2017-07-15,Kampala,Central Kampala,Owino,Maize,KG,Retail,1125.0,0.31
2017-07-15,Kampala,Central Kampala,Owino,Maize,KG,Wholesale,859.69,0.24
2017-07-15,Kampala,Central Kampala,Owino,Rice,KG,Wholesale,3542.85,0.99
2017-08-15,Busia,Samia-bugwe,Busia,Maize,KG,Wholesale,966.73,0.27
2017-08-15,Gulu,Gulu Municipality,Gulu,Beans,KG,Retail,2500.0,0.69
2017-08-15,Gulu,Gulu Municipality,Gulu,Cassava flour,KG,Retail,3500.0,0.97
2017-08-15,Mbarara,Mbarara Municipality,Mbarara,Beans,KG,Retail,2800.0,0.78
2017-08-15,Mbarara,Mbarara Municipality,Mbarara,Cassava flour,KG,Retail,2250.0,0.62
2017-08-15,Kampala,Central Kampala,Owino,Beans,KG,Retail,2600.0,0.72
2017-08-15,Kampala,Central Kampala,Owino,Beans,KG,Wholesale,2412.1,0.67
2017-08-15,Kampala,Central Kampala,Owino,Cassava flour,KG,Retail,1800.0,0.5
2017-08-15,Kampala,Central Kampala,Owino,Cassava flour,KG,Wholesale,1500.0,0.42
2017-08-15,Kampala,Central Kampala,Owino,Maize,KG,Retail,1150.0,0.32
2017-08-15,Kampala,Central Kampala,Owino,Maize,KG,Wholesale,897.2,0.25
2017-08-15,Kampala,Central Kampala,Owino,Rice,KG,Wholesale,3658.05,1.02
2017-09-15,Busia,Samia-bugwe,Busia,Maize,KG,Wholesale,992.56,0.28
2017-09-15,Gulu,Gulu Municipality,Gulu,Beans,KG,Retail,2500.0,0.7
2017-09-15,Gulu,Gulu Municipality,Gulu,Cassava flour,KG,Retail,4000.0,1.11
2017-09-15,Mbarara,Mbarara Municipality,Mbarara,Beans,KG,Retail,2950.0,0.82
2017-09-15,Mbarara,Mbarara Municipality,Mbarara,Cassava flour,KG,Retail,2475.0,0.69
2017-09-15,Kampala,Central Kampala,Owino,Beans,KG,Retail,2700.0,0.75
2017-09-15,Kampala,Central Kampala,Owino,Beans,KG,Wholesale,2567.45,0.71
2017-09-15,Kampala,Central Kampala,Owino,Cassava flour,KG,Retail,1900.0,0.53
2017-09-15,Kampala,Central Kampala,Owino,Cassava flour,KG,Wholesale,1400.0,0.39
2017-09-15,Kampala,Central Kampala,Owino,Maize,KG,Retail,1000.0,0.28
2017-09-15,Kampala,Central Kampala,Owino,Maize,KG,Wholesale,1022.24,0.28
2017-09-15,Kampala,Central Kampala,Owino,Rice,KG,Wholesale,3654.95,1.02
2017-10-15,Busia,Samia-bugwe,Busia,Maize,KG,Wholesale,883.45,0.24
2017-10-15,Kampala,Central Kampala,Owino,Beans,KG,Retail,2900.0,0.8
2017-10-15,Kampala,Central Kampala,Owino,Beans,KG,Wholesale,2280.75,0.63
2017-10-15,Kampala,Central Kampala,Owino,Cassava flour,KG,Retail,1800.0,0.5
2017-10-15,Kampala,Central Kampala,Owino,Cassava flour,KG,Wholesale,1425.0,0.39
2017-10-15,Kampala,Central Kampala,Owino,Maize,KG,Retail,900.0,0.25
2017-10-15,Kampala,Central Kampala,Owino,Maize,KG,Wholesale,829.48,0.23
2017-10-15,Kampala,Central Kampala,Owino,Rice,KG,Wholesale,3554.24,0.98
2017-11-15,Busia,Samia-bugwe,Busia,Maize,KG,Wholesale,768.78,0.21
2017-11-15,Gulu,Gulu Municipality,Gulu,Beans,KG,Retail,2500.0,0.69
2017-11-15,Gulu,Gulu Municipality,Gulu,Cassava flour,KG,Retail,5000.0,1.38
2017-11-15,Mbarara,Mbarara Municipality,Mbarara,Beans,KG,Retail,2500.0,0.69
2017-11-15,Mbarara,Mbarara Municipality,Mbarara,Cassava flour,KG,Retail,2000.0,0.55
2017-11-15,Kampala,Central Kampala,Owino,Beans,KG,Retail,2450.0,0.68
2017-11-15,Kampala,Central Kampala,Owino,Beans,KG,Wholesale,1866.04,0.51
2017-11-15,Kampala,Central Kampala,Owino,Cassava flour,KG,Retail,1883.5,0.52
2017-11-15,Kampala,Central Kampala,Owino,Maize,KG,Wholesale,753.74,0.21
2017-11-15,Kampala,Central Kampala,Owino,Rice,KG,Wholesale,3445.99,0.95
2017-12-15,Busia,Samia-bugwe,Busia,Maize,KG,Wholesale,785.09,0.22
2017-12-15,Gulu,Gulu Municipality,Gulu,Beans,KG,Retail,3000.0,0.83
2017-12-15,Gulu,Gulu Municipality,Gulu,Cassava flour,KG,Retail,5000.0,1.39
2017-12-15,Kampala,Central Kampala,Owino,Beans,KG,Retail,2363.0,0.65
2017-12-15,Kampala,Central Kampala,Owino,Beans,KG,Wholesale,1919.26,0.53
2017-12-15,Kampala,Central Kampala,Owino,Cassava flour,KG,Retail,1813.0,0.5
2017-12-15,Kampala,Central Kampala,Owino,Maize,KG,Wholesale,717.0,0.2
2017-12-15,Kampala,Central Kampala,Owino,Rice,KG,Wholesale,3567.78,0.99
2018-01-15,Busia,Samia-bugwe,Busia,Maize,KG,Wholesale,776.45,0.21
2018-01-15,Gulu,Gulu Municipality,Gulu,Beans,KG,Retail,2500.0,0.69
2018-01-15,Gulu,Gulu Municipality,Gulu,Cassava flour,KG,Retail,5000.0,1.38
2018-01-15,Mbarara,Mbarara Municipality,Mbarara,Beans,KG,Retail,2500.0,0.69
2018-01-15,Mbarara,Mbarara Municipality,Mbarara,Cassava flour,KG,Retail,2000.0,0.55
2018-01-15,Kampala,Central Kampala,Owino,Beans,KG,Retail,2400.0,0.66
2018-01-15,Kampala,Central Kampala,Owino,Beans,KG,Wholesale,2033.3,0.56
2018-01-15,Kampala,Central Kampala,Owino,Cassava flour,KG,Retail,2000.0,0.55
2018-01-15,Kampala,Central Kampala,Owino,Maize,KG,Wholesale,782.15,0.22
2018-01-15,Kampala,Central Kampala,Owino,Rice,KG,Wholesale,3545.68,0.98
2018-02-15,Busia,Samia-bugwe,Busia,Maize,KG,Wholesale,782.64,0.22
2018-02-15,Gulu,Gulu Municipality,Gulu,Beans,KG,Retail,2500.0,0.69
2018-02-15,Gulu,Gulu Municipality,Gulu,Cassava flour,KG,Retail,5000.0,1.38
2018-02-15,Mbarara,Mbarara Municipality,Mbarara,Beans,KG,Retail,2500.0,0.69
2018-02-15,Mbarara,Mbarara Municipality,Mbarara,Cassava flour,KG,Retail,1800.0,0.5
2018-02-15,Kampala,Central Kampala,Owino,Beans,KG,Retail,2400.0,0.66
2018-02-15,Kampala,Central Kampala,Owino,Beans,KG,Wholesale,1800.01,0.5
2018-02-15,Kampala,Central Kampala,Owino,Cassava flour,KG,Retail,2000.0,0.55
2018-02-15,Kampala,Central Kampala,Owino,Maize,KG,Wholesale,740.88,0.2
2018-02-15,Kampala,Central Kampala,Owino,Rice,KG,Wholesale,3500.22,0.96
2018-03-15,Busia,Samia-bugwe,Busia,Maize,KG,Wholesale,748.71,0.2
2018-03-15,Gulu,Gulu Municipality,Gulu,Beans,KG,Retail,2500.0,0.68
2018-03-15,Gulu,Gulu Municipality,Gulu,Cassava flour,KG,Retail,5000.0,1.37
2018-03-15,Mbarara,Mbarara Municipality,Mbarara,Beans,KG,Retail,2500.0,0.68
2018-03-15,Mbarara,Mbarara Municipality,Mbarara,Cassava flour,KG,Retail,2500.0,0.68
2018-03-15,Kampala,Central Kampala,Owino,Beans,KG,Retail,2700.0,0.74
2018-03-15,Kampala,Central Kampala,Owino,Beans,KG,Wholesale,1800.72,0.49
2018-03-15,Kampala,Central Kampala,Owino,Cassava flour,KG,Retail,2000.0,0.55
2018-03-15,Kampala,Central Kampala,Owino,Maize,KG,Wholesale,694.92,0.19
2018-03-15,Kampala,Central Kampala,Owino,Rice,KG,Wholesale,3505.97,0.96
2018-04-15,Busia,Samia-bugwe,Busia,Maize,KG,Wholesale,826.87,0.22
2018-04-15,Gulu,Gulu Municipality,Gulu,Beans,KG,Retail,2500.0,0.68
2018-04-15,Gulu,Gulu Municipality,Gulu,Cassava flour,KG,Retail,5000.0,1.36
2018-04-15,Mbarara,Mbarara Municipality,Mbarara,Beans,KG,Retail,2550.0,0.69
2018-04-15,Mbarara,Mbarara Municipality,Mbarara,Cassava flour,KG,Retail,1800.0,0.49
2018-04-15,Kampala,Central Kampala,Owino,Beans,KG,Retail,3000.0,0.81
2018-04-15,Kampala,Central Kampala,Owino,Beans,KG,Wholesale,1920.78,0.52
2018-04-15,Kampala,Central Kampala,Owino,Cassava flour,KG,Retail,1600.0,0.43
2018-04-15,Kampala,Central Kampala,Owino,Maize,KG,Wholesale,710.44,0.19
2018-04-15,Kampala,Central Kampala,Owino,Rice,KG,Wholesale,3757.54,1.02
2018-05-15,Busia,Samia-bugwe,Busia,Maize,KG,Wholesale,727.4,0.2
2018-05-15,Gulu,Gulu Municipality,Gulu,Beans,KG,Retail,2500.0,0.67
2018-05-15,Gulu,Gulu Municipality,Gulu,Cassava flour,KG,Retail,5000.0,1.35
2018-05-15,Mbarara,Mbarara Municipality,Mbarara,Beans,KG,Retail,2200.0,0.59
2018-05-15,Mbarara,Mbarara Municipality,Mbarara,Cassava flour,KG,Retail,2000.0,0.54
2018-05-15,Kampala,Central Kampala,Owino,Beans,KG,Retail,3000.0,0.81
2018-05-15,Kampala,Central Kampala,Owino,Beans,KG,Wholesale,1680.89,0.45
2018-05-15,Kampala,Central Kampala,Owino,Cassava flour,KG,Retail,1600.0,0.43
2018-05-15,Kampala,Central Kampala,Owino,Maize,KG,Wholesale,684.77,0.18
2018-05-15,Kampala,Central Kampala,Owino,Rice,KG,Wholesale,3939.15,1.06
2018-06-15,Busia,Samia-bugwe,Busia,Maize,KG,Wholesale,730.14,0.19
2018-06-15,Gulu,Gulu Municipality,Gulu,Beans,KG,Retail,4000.0,1.04
2018-06-15,Gulu,Gulu Municipality,Gulu,Cassava flour,KG,Retail,4500.0,1.17
2018-06-15,Mbarara,Mbarara Municipality,Mbarara,Beans,KG,Retail,2300.0,0.6
2018-06-15,Mbarara,Mbarara Municipality,Mbarara,Cassava flour,KG,Retail,1900.0,0.49
2018-06-15,Kampala,Central Kampala,Owino,Beans,KG,Retail,2400.0,0.62
2018-06-15,Kampala,Central Kampala,Owino,Beans,KG,Wholesale,1387.43,0.36
2018-06-15,Kampala,Central Kampala,Owino,Cassava flour,KG,Retail,1500.0,0.39
2018-06-15,Kampala,Central Kampala,Owino,Maize,KG,Wholesale,722.44,0.19
2018-06-15,Kampala,Central Kampala,Owino,Rice,KG,Wholesale,3836.58,1.0
2018-07-15,Busia,Samia-bugwe,Busia,Maize,KG,Wholesale,574.12,0.16
2018-07-15,Kampala,Central Kampala,Owino,Beans,KG,Retail,2062.5,0.56
2018-07-15,Kampala,Central Kampala,Owino,Beans,KG,Wholesale,1420.35,0.38
2018-07-15,Kampala,Central Kampala,Owino,Cassava flour,KG,Retail,1712.5,0.46
2018-07-15,Kampala,Central Kampala,Owino,Cassava flour,KG,Wholesale,1362.5,0.37
2018-07-15,Kampala,Central Kampala,Owino,Maize,KG,Retail,650.0,0.18
2018-07-15,Kampala,Central Kampala,Owino,Maize,KG,Wholesale,541.66,0.15
2018-07-15,Kampala,Central Kampala,Owino,Rice,KG,Wholesale,3488.44,0.94
2018-08-15,Busia,Samia-bugwe,Busia,Maize,KG,Wholesale,452.14,0.12
2018-08-15,Kampala,Central Kampala,Owino,Beans,KG,Retail,2000.0,0.53
2018-08-15,Kampala,Central Kampala,Owino,Beans,KG,Wholesale,1543.29,0.41
2018-08-15,Kampala,Central Kampala,Owino,Cassava flour,KG,Retail,1500.0,0.4
2018-08-15,Kampala,Central Kampala,Owino,Cassava flour,KG,Wholesale,1100.0,0.29
2018-08-15,Kampala,Central Kampala,Owino,Maize,KG,Retail,530.0,0.14
2018-08-15,Kampala,Central Kampala,Owino,Maize,KG,Wholesale,435.02,0.12
2018-08-15,Kampala,Central Kampala,Owino,Rice,KG,Wholesale,3355.41,0.89
2018-09-15,Busia,Samia-bugwe,Busia,Maize,KG,Wholesale,458.75,0.12
2018-09-15,Kampala,Central Kampala,Owino,Beans,KG,Retail,2100.0,0.55
2018-09-15,Kampala,Central Kampala,Owino,Beans,KG,Wholesale,1801.37,0.47
2018-09-15,Kampala,Central Kampala,Owino,Cassava flour,KG,Retail,1500.0,0.39
2018-09-15,Kampala,Central Kampala,Owino,Cassava flour,KG,Wholesale,1100.0,0.29
2018-09-15,Kampala,Central Kampala,Owino,Maize,KG,Retail,600.0,0.16
2018-09-15,Kampala,Central Kampala,Owino,Maize,KG,Wholesale,421.47,0.11
2018-09-15,Kampala,Central Kampala,Owino,Rice,KG,Wholesale,3530.36,0.93
2018-10-15,Busia,Samia-bugwe,Busia,Maize,KG,Wholesale,535.03,0.14
2018-10-15,Gulu,Gulu Municipality,Gulu,Beans,KG,Retail,3000.0,0.79
2018-10-15,Gulu,Gulu Municipality,Gulu,Cassava flour,KG,Retail,4000.0,1.06
2018-10-15,Mbarara,Mbarara Municipality,Mbarara,Beans,KG,Retail,2325.0,0.61
2018-10-15,Mbarara,Mbarara Municipality,Mbarara,Cassava flour,KG,Retail,1850.0,0.49
2018-10-15,Kampala,Central Kampala,Owino,Beans,KG,Retail,1767.0,0.47
2018-10-15,Kampala,Central Kampala,Owino,Beans,KG,Wholesale,1689.33,0.45
2018-10-15,Kampala,Central Kampala,Owino,Cassava flour,KG,Retail,1400.0,0.37
2018-10-15,Kampala,Central Kampala,Owino,Cassava flour,KG,Wholesale,1033.33,0.27
2018-10-15,Kampala,Central Kampala,Owino,Maize,KG,Retail,616.67,0.16
2018-10-15,Kampala,Central Kampala,Owino,Maize,KG,Wholesale,503.02,0.13
2018-10-15,Kampala,Central Kampala,Owino,Rice,KG,Wholesale,3762.4,0.99
2018-11-15,Busia,Samia-bugwe,Busia,Maize,KG,Wholesale,642.45,0.17
2018-11-15,Gulu,Gulu Municipality,Gulu,Beans,KG,Retail,2200.0,0.59
2018-11-15,Gulu,Gulu Municipality,Gulu,Cassava flour,KG,Retail,4000.0,1.07
2018-11-15,Mbarara,Mbarara Municipality,Mbarara,Beans,KG,Retail,2300.0,0.62
2018-11-15,Mbarara,Mbarara Municipality,Mbarara,Cassava flour,KG,Retail,2000.0,0.54
2018-11-15,Kampala,Central Kampala,Owino,Beans,KG,Retail,2467.0,0.66
2018-11-15,Kampala,Central Kampala,Owino,Beans,KG,Wholesale,1390.83,0.37
2018-11-15,Kampala,Central Kampala,Owino,Cassava flour,KG,Retail,1300.0,0.35
2018-11-15,Kampala,Central Kampala,Owino,Cassava flour,KG,Wholesale,1075.0,0.29
2018-11-15,Kampala,Central Kampala,Owino,Maize,KG,Retail,850.0,0.23
2018-11-15,Kampala,Central Kampala,Owino,Maize,KG,Wholesale,639.39,0.17
2018-11-15,Kampala,Central Kampala,Owino,Rice,KG,Wholesale,3664.65,0.98
2018-12-15,Busia,Samia-bugwe,Busia,Maize,KG,Wholesale,660.02,0.18
2018-12-15,Mbarara,Mbarara Municipality,Mbarara,Beans,KG,Retail,2300.0,0.62
2018-12-15,Mbarara,Mbarara Municipality,Mbarara,Cassava flour,KG,Retail,2000.0,0.54
2018-12-15,Kampala,Central Kampala,Owino,Beans,KG,Retail,2450.0,0.66
2018-12-15,Kampala,Central Kampala,Owino,Beans,KG,Wholesale,1507.71,0.41
2018-12-15,Kampala,Central Kampala,Owino,Cassava flour,KG,Retail,1200.0,0.33
2018-12-15,Kampala,Central Kampala,Owino,Maize,KG,Wholesale,648.28,0.18
2018-12-15,Kampala,Central Kampala,Owino,Rice,KG,Wholesale,3679.75,1.0
2019-01-15,Busia,Samia-bugwe,Busia,Maize,KG,Wholesale,714.53,0.19
2019-01-15,Gulu,Gulu Municipality,Gulu,Beans,KG,Retail,3000.0,0.81
2019-01-15,Gulu,Gulu Municipality,Gulu,Cassava flour,KG,Retail,1500.0,0.41
2019-01-15,Mbarara,Mbarara Municipality,Mbarara,Beans,KG,Retail,2300.0,0.62
2019-01-15,Mbarara,Mbarara Municipality,Mbarara,Cassava flour,KG,Retail,2000.0,0.54
2019-01-15,Kampala,Central Kampala,Owino,Beans,KG,Retail,2617.0,0.71
2019-01-15,Kampala,Central Kampala,Owino,Beans,KG,Wholesale,1776.57,0.48
2019-01-15,Kampala,Central Kampala,Owino,Cassava flour,KG,Retail,1500.0,0.41
2019-01-15,Kampala,Central Kampala,Owino,Maize,KG,Wholesale,725.9,0.2
2019-01-15,Kampala,Central Kampala,Owino,Rice,KG,Wholesale,3711.08,1.0
2019-02-15,Busia,Samia-bugwe,Busia,Maize,KG,Wholesale,824.36,0.22
2019-02-15,Gulu,Gulu Municipality,Gulu,Beans,KG,Retail,3000.0,0.82
2019-02-15,Gulu,Gulu Municipality,Gulu,Cassava flour,KG,Retail,1500.0,0.41
2019-02-15,Mbarara,Mbarara Municipality,Mbarara,Beans,KG,Retail,2300.0,0.63
2019-02-15,Mbarara,Mbarara Municipality,Mbarara,Cassava flour,KG,Retail,2000.0,0.55
2019-02-15,Kampala,Central Kampala,Owino,Beans,KG,Retail,2700.0,0.74
2019-02-15,Kampala,Central Kampala,Owino,Beans,KG,Wholesale,1974.72,0.54
2019-02-15,Kampala,Central Kampala,Owino,Cassava flour,KG,Retail,1167.0,0.32
2019-02-15,Kampala,Central Kampala,Owino,Maize,KG,Wholesale,814.4,0.22
2019-02-15,Kampala,Central Kampala,Owino,Rice,KG,Wholesale,3171.4,0.86
2019-03-15,Busia,Samia-bugwe,Busia,Maize,KG,Wholesale,865.57,0.23
2019-03-15,Gulu,Gulu Municipality,Gulu,Beans,KG,Retail,3000.0,0.81
2019-03-15,Gulu,Gulu Municipality,Gulu,Cassava flour,KG,Retail,1500.0,0.41
2019-03-15,Mbarara,Mbarara Municipality,Mbarara,Beans,KG,Retail,2500.0,0.68
2019-03-15,Mbarara,Mbarara Municipality,Mbarara,Cassava flour,KG,Retail,2000.0,0.54
2019-03-15,Kampala,Central Kampala,Owino,Beans,KG,Retail,2750.0,0.74
2019-03-15,Kampala,Central Kampala,Owino,Beans,KG,Wholesale,2056.24,0.56
2019-03-15,Kampala,Central Kampala,Owino,Cassava flour,KG,Retail,1500.0,0.41
2019-03-15,Kampala,Central Kampala,Owino,Maize,KG,Wholesale,789.91,0.21
2019-03-15,Kampala,Central Kampala,Owino,Rice,KG,Wholesale,3282.12,0.89
2019-04-15,Busia,Samia-bugwe,Busia,Maize,KG,Wholesale,1145.77,0.31
2019-04-15,Gulu,Gulu Municipality,Gulu,Beans,KG,Retail,3000.0,0.81
2019-04-15,Gulu,Gulu Municipality,Gulu,Cassava flour,KG,Retail,1500.0,0.4
2019-04-15,Mbarara,Mbarara Municipality,Mbarara,Beans,KG,Retail,2800.0,0.75
2019-04-15,Mbarara,Mbarara Municipality,Mbarara,Cassava flour,KG,Retail,2000.0,0.54
2019-04-15,Kampala,Central Kampala,Owino,Beans,KG,Retail,2900.0,0.78
2019-04-15,Kampala,Central Kampala,Owino,Beans,KG,Wholesale,2410.01,0.65
2019-04-15,Kampala,Central Kampala,Owino,Cassava flour,KG,Retail,1275.0,0.34
2019-04-15,Kampala,Central Kampala,Owino,Maize,KG,Wholesale,1084.62,0.29
2019-04-15,Kampala,Central Kampala,Owino,Rice,KG,Wholesale,3528.77,0.95
2019-05-15,Busia,Samia-bugwe,Busia,Maize,KG,Wholesale,1152.62,0.31
2019-05-15,Gulu,Gulu Municipality,Gulu,Beans,KG,Retail,3500.0,0.93
2019-05-15,Gulu,Gulu Municipality,Gulu,Cassava flour,KG,Retail,2250.0,0.6
2019-05-15,Mbarara,Mbarara Municipality,Mbarara,Beans,KG,Retail,2650.0,0.7
2019-05-15,Mbarara,Mbarara Municipality,Mbarara,Cassava flour,KG,Retail,2250.0,0.6
2019-05-15,Kampala,Central Kampala,Owino,Beans,KG,Retail,3600.0,0.96
2019-05-15,Kampala,Central Kampala,Owino,Beans,KG,Wholesale,2637.17,0.7
2019-05-15,Kampala,Central Kampala,Owino,Cassava flour,KG,Retail,1250.0,0.33
2019-05-15,Kampala,Central Kampala,Owino,Maize,KG,Wholesale,1154.55,0.31
2019-05-15,Kampala,Central Kampala,Owino,Rice,KG,Wholesale,3681.43,0.98
2019-06-15,Busia,Samia-bugwe,Busia,Maize,KG,Wholesale,1136.26,0.3
2019-06-15,Gulu,Gulu Municipality,Gulu,Beans,KG,Retail,3500.0,0.94
2019-06-15,Gulu,Gulu Municipality,Gulu,Cassava flour,KG,Retail,3000.0,0.8
2019-06-15,Mbarara,Mbarara Municipality,Mbarara,Beans,KG,Retail,2500.0,0.67
2019-06-15,Mbarara,Mbarara Municipality,Mbarara,Cassava flour,KG,Retail,1500.0,0.4
2019-06-15,Kampala,Central Kampala,Owino,Beans,KG,Retail,3552.5,0.95
2019-06-15,Kampala,Central Kampala,Owino,Beans,KG,Wholesale,2480.63,0.66
2019-06-15,Kampala,Central Kampala,Owino,Cassava flour,KG,Retail,1400.0,0.37
2019-06-15,Kampala,Central Kampala,Owino,Maize,KG,Wholesale,1145.47,0.31
2019-06-15,Kampala,Central Kampala,Owino,Rice,KG,Wholesale,3592.21,0.96
2019-07-15,Gulu,Gulu Municipality,Gulu,Beans,KG,Retail,4000.0,1.09
2019-07-15,Gulu,Gulu Municipality,Gulu,Cassava flour,KG,Retail,4000.0,1.09
2019-07-15,Mbarara,Mbarara Municipality,Mbarara,Beans,KG,Retail,2800.0,0.76
2019-07-15,Mbarara,Mbarara Municipality,Mbarara,Cassava flour,KG,Retail,1500.0,0.41
2019-07-15,Kampala,Central Kampala,Owino,Beans,KG,Retail,3287.5,0.89
2019-07-15,Kampala,Central Kampala,Owino,Cassava flour,KG,Retail,1362.5,0.37
2019-07-15,Kampala,Central Kampala,Owino,Maize,KG,Wholesale,1143.91,0.31
2019-08-15,Gulu,Gulu Municipality,Gulu,Beans,KG,Retail,3700.0,1.0
2019-08-15,Gulu,Gulu Municipality,Gulu,Cassava flour,KG,Retail,4000.0,1.08
2019-08-15,Mbarara,Mbarara Municipality,Mbarara,Beans,KG,Retail,2950.0,0.8
2019-08-15,Mbarara,Mbarara Municipality,Mbarara,Cassava flour,KG,Retail,1500.0,0.41
2019-08-15,Kampala,Central Kampala,Owino,Beans,KG,Retail,3337.5,0.9
2019-08-15,Kampala,Central Kampala,Owino,Beans,KG,Wholesale,2600.44,0.7
2019-08-15,Kampala,Central Kampala,Owino,Cassava flour,KG,Retail,1287.5,0.35
2019-08-15,Kampala,Central Kampala,Owino,Maize,KG,Wholesale,882.6,0.24
2019-08-15,Kampala,Central Kampala,Owino,Rice,KG,Wholesale,3211.18,0.87
2019-09-15,Gulu,Gulu Municipality,Gulu,Beans,KG,Retail,4000.0,1.09
2019-09-15,Gulu,Gulu Municipality,Gulu,Cassava flour,KG,Retail,5000.0,1.36
2019-09-15,Mbarara,Mbarara Municipality,Mbarara,Beans,KG,Retail,3000.0,0.82
2019-09-15,Mbarara,Mbarara Municipality,Mbarara,Cassava flour,KG,Retail,1500.0,0.41
2019-09-15,Kampala,Central Kampala,Owino,Beans,KG,Retail,3391.5,0.92
2019-09-15,Kampala,Central Kampala,Owino,Beans,KG,Wholesale,2905.74,0.79
2019-09-15,Kampala,Central Kampala,Owino,Cassava flour,KG,Retail,1216.5,0.33
2019-09-15,Kampala,Central Kampala,Owino,Maize,KG,Wholesale,904.81,0.25
2019-09-15,Kampala,Central Kampala,Owino,Rice,KG,Wholesale,3205.54,0.87
2019-10-15,Gulu,Gulu Municipality,Gulu,Beans,KG,Retail,3300.0,0.89
2019-10-15,Gulu,Gulu Municipality,Gulu,Cassava flour,KG,Retail,2166.67,0.59
2019-10-15,Mbarara,Mbarara Municipality,Mbarara,Beans,KG,Retail,3000.0,0.81
2019-10-15,Mbarara,Mbarara Municipality,Mbarara,Cassava flour,KG,Retail,1600.0,0.43
2019-10-15,Kampala,Central Kampala,Owino,Beans,KG,Retail,3466.67,0.94
2019-10-15,Kampala,Central Kampala,Owino,Beans,KG,Wholesale,2814.54,0.76
2019-10-15,Kampala,Central Kampala,Owino,Cassava flour,KG,Retail,1166.67,0.32
2019-10-15,Kampala,Central Kampala,Owino,Maize,KG,Wholesale,1049.97,0.28
2019-10-15,Kampala,Central Kampala,Owino,Rice,KG,Wholesale,3314.8,0.9
2019-11-15,Gulu,Gulu Municipality,Gulu,Beans,KG,Retail,3500.0,0.95
2019-11-15,Gulu,Gulu Municipality,Gulu,Cassava flour,KG,Retail,5000.0,1.36
2019-11-15,Mbarara,Mbarara Municipality,Mbarara,Beans,KG,Retail,3200.0,0.87
2019-11-15,Mbarara,Mbarara Municipality,Mbarara,Cassava flour,KG,Retail,1425.0,0.39
2019-11-15,Kampala,Central Kampala,Owino,Beans,KG,Retail,3425.0,0.93
2019-11-15,Kampala,Central Kampala,Owino,Beans,KG,Wholesale,2523.18,0.68
2019-11-15,Kampala,Central Kampala,Owino,Cassava flour,KG,Retail,1100.0,0.3
2019-11-15,Kampala,Central Kampala,Owino,Maize,KG,Wholesale,1140.94,0.31
2019-11-15,Kampala,Central Kampala,Owino,Rice,KG,Wholesale,3464.36,0.94
2019-12-15,Gulu,Gulu Municipality,Gulu,Beans,KG,Retail,4000.0,1.09
2019-12-15,Gulu,Gulu Municipality,Gulu,Cassava flour,KG,Retail,4000.0,1.09
2019-12-15,Mbarara,Mbarara Municipality,Mbarara,Beans,KG,Retail,3200.0,0.87
2019-12-15,Mbarara,Mbarara Municipality,Mbarara,Cassava flour,KG,Retail,1475.0,0.4
2019-12-15,Kampala,Central Kampala,Owino,Beans,KG,Retail,3350.0,0.91
2019-12-15,Kampala,Central Kampala,Owino,Beans,KG,Wholesale,2079.65,0.57
2019-12-15,Kampala,Central Kampala,Owino,Cassava flour,KG,Retail,1200.0,0.33
2019-12-15,Kampala,Central Kampala,Owino,Maize,KG,Wholesale,1246.94,0.34
2019-12-15,Kampala,Central Kampala,Owino,Rice,KG,Wholesale,3572.94,0.97
2020-01-15,Gulu,Gulu Municipality,Gulu,Beans,KG,Retail,4000.0,1.08
2020-01-15,Gulu,Gulu Municipality,Gulu,Cassava flour,KG,Retail,4000.0,1.08
2020-01-15,Mbarara,Mbarara Municipality,Mbarara,Beans,KG,Retail,3200.0,0.87
2020-01-15,Mbarara,Mbarara Municipality,Mbarara,Cassava flour,KG,Retail,1500.0,0.41
2020-01-15,Kampala,Central Kampala,Owino,Beans,KG,Retail,3450.0,0.93
2020-01-15,Kampala,Central Kampala,Owino,Beans,KG,Wholesale,2659.98,0.72
2020-01-15,Kampala,Central Kampala,Owino,Cassava flour,KG,Retail,1350.0,0.37
2020-01-15,Kampala,Central Kampala,Owino,Maize,KG,Wholesale,1107.92,0.3
2020-01-15,Kampala,Central Kampala,Owino,Rice,KG,Wholesale,3600.7,0.98
2020-02-15,Gulu,Gulu Municipality,Gulu,Beans,KG,Retail,4000.0,1.09
2020-02-15,Gulu,Gulu Municipality,Gulu,Cassava flour,KG,Retail,4000.0,1.09
2020-02-15,Mbarara,Mbarara Municipality,Mbarara,Beans,KG,Retail,3400.0,0.93
2020-02-15,Mbarara,Mbarara Municipality,Mbarara,Cassava flour,KG,Retail,1500.0,0.41
2020-02-15,Kampala,Central Kampala,Owino,Beans,KG,Retail,3500.0,0.95
2020-02-15,Kampala,Central Kampala,Owino,Beans,KG,Wholesale,3085.79,0.84
2020-02-15,Kampala,Central Kampala,Owino,Cassava flour,KG,Retail,1450.0,0.4
2020-02-15,Kampala,Central Kampala,Owino,Maize,KG,Wholesale,920.34,0.25
2020-02-15,Kampala,Central Kampala,Owino,Rice,KG,Wholesale,3585.33,0.98
2020-03-15,Kampala,Central Kampala,Owino,Beans,KG,Wholesale,3295.11,0.88
2020-03-15,Kampala,Central Kampala,Owino,Maize,KG,Wholesale,945.45,0.25
2020-03-15,Kampala,Central Kampala,Owino,Rice,KG,Wholesale,3343.03,0.89
2020-04-15,Gulu,Gulu Municipality,Gulu,Beans,KG,Retail,5666.67,1.51
2020-04-15,Gulu,Gulu Municipality,Gulu,Cassava flour,KG,Retail,1500.0,0.4
2020-04-15,Mbarara,Mbarara Municipality,Mbarara,Beans,KG,Retail,4083.33,1.09
2020-04-15,Mbarara,Mbarara Municipality,Mbarara,Cassava flour,KG,Retail,1533.33,0.41
2020-04-15,Kampala,Central Kampala,Owino,Beans,KG,Retail,4200.0,1.12
2020-04-15,Kampala,Central Kampala,Owino,Beans,KG,Wholesale,3464.14,0.92
2020-04-15,Kampala,Central Kampala,Owino,Cassava flour,KG,Retail,1475.0,0.39
2020-04-15,Kampala,Central Kampala,Owino,Maize,KG,Wholesale,1175.71,0.31
2020-04-15,Kampala,Central Kampala,Owino,Rice,KG,Wholesale,3801.8,1.01
2020-05-15,Gulu,Gulu Municipality,Gulu,Beans,KG,Retail,5250.0,1.39
2020-05-15,Gulu,Gulu Municipality,Gulu,Cassava flour,KG,Retail,1500.0,0.4
2020-05-15,Mbarara,Mbarara Municipality,Mbarara,Beans,KG,Retail,4250.0,1.13
2020-05-15,Mbarara,Mbarara Municipality,Mbarara,Cassava flour,KG,Retail,1487.5,0.39
2020-05-15,Kampala,Central Kampala,Owino,Beans,KG,Retail,4250.0,1.13
2020-05-15,Kampala,Central Kampala,Owino,Beans,KG,Wholesale,3221.41,0.85
2020-05-15,Kampala,Central Kampala,Owino,Cassava flour,KG,Retail,1475.0,0.39
2020-05-15,Kampala,Central Kampala,Owino,Maize,KG,Wholesale,1155.11,0.31
2020-05-15,Kampala,Central Kampala,Owino,Rice,KG,Wholesale,3583.72,0.95
2020-06-15,Gulu,Gulu Municipality,Gulu,Beans,KG,Retail,5000.0,1.34
2020-06-15,Mbarara,Mbarara Municipality,Mbarara,Beans,KG,Retail,3380.0,0.91
2020-06-15,Kampala,Central Kampala,Owino,Beans,KG,Retail,3400.0,0.91
2020-06-15,Kampala,Central Kampala,Owino,Beans,KG,Wholesale,2350.6,0.63
2020-06-15,Kampala,Central Kampala,Owino,Maize,KG,Wholesale,901.8,0.24
2020-06-15,Kampala,Central Kampala,Owino,Rice,KG,Wholesale,3010.16,0.81
2020-07-15,Gulu,Gulu Municipality,Gulu,Beans,KG,Retail,4167.0,1.13
2020-07-15,Mbarara,Mbarara Municipality,Mbarara,Beans,KG,Retail,3638.0,0.99
2020-07-15,Kampala,Central Kampala,Owino,Beans,KG,Retail,3516.0,0.95
2020-07-15,Kampala,Central Kampala,Owino,Beans,KG,Wholesale,2543.62,0.69
2020-07-15,Kampala,Central Kampala,Owino,Maize,KG,Wholesale,702.05,0.19
2020-07-15,Kampala,Central Kampala,Owino,Rice,KG,Wholesale,2929.58,0.79
2020-08-15,Gulu,Gulu Municipality,Gulu,Beans,KG,Retail,3780.0,1.03
2020-08-15,Mbarara,Mbarara Municipality,Mbarara,Beans,KG,Retail,3466.0,0.95
2020-08-15,Kampala,Central Kampala,Owino,Beans,KG,Retail,3554.0,0.97
2020-08-15,Kampala,Central Kampala,Owino,Beans,KG,Wholesale,2928.68,0.8
2020-08-15,Kampala,Central Kampala,Owino,Maize,KG,Wholesale,638.48,0.17
2020-08-15,Kampala,Central Kampala,Owino,Rice,KG,Wholesale,2803.94,0.77
2020-09-15,Gulu,Gulu Municipality,Gulu,Beans,KG,Retail,4292.0,1.16
2020-09-15,Jinja,Jinja Municipality,Jinja,Beans,KG,Retail,3624.0,0.98
2020-09-15,Mbarara,Mbarara Municipality,Mbarara,Beans,KG,Retail,3800.0,1.03
2020-09-15,Kampala,Central Kampala,Owino,Beans,KG,Retail,4000.0,1.08
2020-09-15,Kampala,Central Kampala,Owino,Beans,KG,Wholesale,2928.68,0.79
2020-09-15,Kampala,Central Kampala,Owino,Maize,KG,Wholesale,741.38,0.2
2020-09-15,Kampala,Central Kampala,Owino,Rice,KG,Wholesale,2761.5,0.75
2020-10-15,Gulu,Gulu Municipality,Gulu,Beans,KG,Retail,3817.0,1.03
2020-10-15,Jinja,Jinja Municipality,Jinja,Beans,KG,Retail,3459.0,0.93
2020-10-15,Mbarara,Mbarara Municipality,Mbarara,Beans,KG,Retail,3500.0,0.94
2020-10-15,Kampala,Central Kampala,Owino,Beans,KG,Retail,4000.0,1.08
2020-10-15,Kampala,Central Kampala,Owino,Beans,KG,Wholesale,2417.66,0.65
2020-10-15,Kampala,Central Kampala,Owino,Maize,KG,Wholesale,711.25,0.19
2020-10-15,Kampala,Central Kampala,Owino,Rice,KG,Wholesale,2527.42,0.68
2020-11-15,Gulu,Gulu Municipality,Gulu,Beans,KG,Retail,4000.0,1.08
2020-11-15,Jinja,Jinja Municipality,Jinja,Beans,KG,Retail,3039.0,0.82
2020-11-15,Mbarara,Mbarara Municipality,Mbarara,Beans,KG,Retail,3400.0,0.92
2020-11-15,Kampala,Central Kampala,Owino,Beans,KG,Retail,3040.0,0.82
2020-11-15,Kampala,Central Kampala,Owino,Beans,KG,Wholesale,2447.59,0.66
2020-11-15,Kampala,Central Kampala,Owino,Maize,KG,Wholesale,715.92,0.19
2020-11-15,Kampala,Central Kampala,Owino,Rice,KG,Wholesale,2302.96,0.62
2020-12-15,Gulu,Gulu Municipality,Gulu,Beans,KG,Retail,3308.0,0.91
2020-12-15,Jinja,Jinja Municipality,Jinja,Beans,KG,Retail,2703.0,0.74
2020-12-15,Mbarara,Mbarara Municipality,Mbarara,Beans,KG,Retail,3500.0,0.96
2020-12-15,Kampala,Central Kampala,Owino,Beans,KG,Retail,3060.0,0.84
2020-12-15,Kampala,Central Kampala,Owino,Beans,KG,Wholesale,2014.92,0.55
2020-12-15,Kampala,Central Kampala,Owino,Maize,KG,Wholesale,751.36,0.21
2020-12-15,Kampala,Central Kampala,Owino,Rice,KG,Wholesale,2167.36,0.59
2021-01-15,Gulu,Gulu Municipality,Gulu,Beans,KG,Retail,3500.0,0.95
2021-01-15,Jinja,Jinja Municipality,Jinja,Beans,KG,Retail,3073.0,0.83
2021-01-15,Mbarara,Mbarara Municipality,Mbarara,Beans,KG,Retail,3208.0,0.87
2021-01-15,Kampala,Central Kampala,Owino,Beans,KG,Retail,3267.0,0.88
2021-01-15,Kampala,Central Kampala,Owino,Beans,KG,Wholesale,2522.16,0.68
2021-01-15,Kampala,Central Kampala,Owino,Maize,KG,Wholesale,665.4,0.18
2021-01-15,Kampala,Central Kampala,Owino,Rice,KG,Wholesale,2394.9,0.65
2021-02-15,Kampala,Central Kampala,Owino,Beans,KG,Wholesale,2315.92,0.63
2021-02-15,Kampala,Central Kampala,Owino,Maize,KG,Wholesale,739.57,0.2
2021-02-15,Kampala,Central Kampala,Owino,Rice,KG,Wholesale,2265.76,0.62
2021-03-15,Gulu,Gulu Municipality,Gulu,Beans,KG,Retail,4400.0,1.2
2021-03-15,Kampala,Central Kampala,Owino,Beans,KG,Wholesale,2563.21,0.7
2021-03-15,Kampala,Central Kampala,Owino,Maize,KG,Wholesale,550.16,0.15
2021-03-15,Kampala,Central Kampala,Owino,Rice,KG,Wholesale,2278.45,0.62
2021-04-15,Gulu,Gulu Municipality,Gulu,Beans,KG,Retail,4786.0,1.32
2021-04-15,Gulu,Gulu Municipality,Gulu,Cassava flour,KG,Retail,1500.0,0.41
2021-04-15,Mbarara,Mbarara Municipality,Mbarara,Beans,KG,Retail,3000.0,0.83
2021-04-15,Mbarara,Mbarara Municipality,Mbarara,Cassava flour,KG,Retail,1000.0,0.28
2021-04-15,Kampala,Central Kampala,Owino,Beans,KG,Retail,3000.0,0.83
2021-04-15,Kampala,Central Kampala,Owino,Beans,KG,Wholesale,2620.34,0.72
2021-04-15,Kampala,Central Kampala,Owino,Cassava flour,KG,Retail,1500.0,0.41
2021-04-15,Kampala,Central Kampala,Owino,Maize,KG,Wholesale,556.78,0.15
2021-04-15,Kampala,Central Kampala,Owino,Rice,KG,Wholesale,2116.94,0.59
2021-05-15,Gulu,Gulu Municipality,Gulu,Beans,KG,Retail,4944.0,1.4
2021-05-15,Gulu,Gulu Municipality,Gulu,Cassava flour,KG,Retail,1500.0,0.43
2021-05-15,Mbarara,Mbarara Municipality,Mbarara,Beans,KG,Retail,2500.0,0.71
2021-05-15,Mbarara,Mbarara Municipality,Mbarara,Cassava flour,KG,Retail,1000.0,0.28
2021-05-15,Kampala,Central Kampala,Owino,Beans,KG,Retail,3500.0,0.99
2021-05-15,Kampala,Central Kampala,Owino,Beans,KG,Wholesale,2424.62,0.69
2021-05-15,Kampala,Central Kampala,Owino,Cassava flour,KG,Retail,1500.0,0.43
2021-05-15,Kampala,Central Kampala,Owino,Maize,KG,Wholesale,643.34,0.18
2021-05-15,Kampala,Central Kampala,Owino,Rice,KG,Wholesale,2157.5,0.61
2021-06-15,Gulu,Gulu Municipality,Gulu,Beans,KG,Retail,4916.0,1.4
2021-06-15,Gulu,Gulu Municipality,Gulu,Cassava flour,KG,Retail,1600.0,0.45
2021-06-15,Mbarara,Mbarara Municipality,Mbarara,Beans,KG,Retail,2500.0,0.71
2021-06-15,Mbarara,Mbarara Municipality,Mbarara,Cassava flour,KG,Retail,1600.0,0.45
2021-06-15,Kampala,Central Kampala,Owino,Beans,KG,Retail,2300.0,0.65
2021-06-15,Kampala,Central Kampala,Owino,Beans,KG,Wholesale,1510.87,0.43
2021-06-15,Kampala,Central Kampala,Owino,Cassava flour,KG,Retail,1400.0,0.4
2021-06-15,Kampala,Central Kampala,Owino,Maize,KG,Wholesale,836.4,0.24
2021-06-15,Kampala,Central Kampala,Owino,Rice,KG,Wholesale,2190.58,0.62
2021-07-15,Arua,Arua Municipality,Arua,Beans,KG,Retail,3633.0,1.03
2021-07-15,Arua,Arua Municipality,Arua,Cassava flour,KG,Retail,1000.0,0.28
2021-07-15,Gulu,Gulu Municipality,Gulu,Beans,KG,Retail,3571.0,1.01
2021-07-15,Gulu,Gulu Municipality,Gulu,Cassava flour,KG,Retail,3000.0,0.85
2021-07-15,Mbarara,Mbarara Municipality,Mbarara,Beans,KG,Retail,3000.0,0.85
2021-07-15,Mbarara,Mbarara Municipality,Mbarara,Cassava flour,KG,Retail,1500.0,0.42
2021-07-15,Kampala,Central Kampala,Owino,Beans,KG,Retail,2500.0,0.71
2021-07-15,Kampala,Central Kampala,Owino,Beans,KG,Wholesale,1858.07,0.53
2021-07-15,Kampala,Central Kampala,Owino,Cassava flour,KG,Retail,1420.0,0.4
2021-07-15,Kampala,Central Kampala,Owino,Maize,KG,Wholesale,813.22,0.23
2021-07-15,Kampala,Central Kampala,Owino,Rice,KG,Wholesale,2292.23,0.65
2021-08-15,Gulu,Gulu Municipality,Gulu,Beans,KG,Retail,3186.0,0.9
2021-08-15,Gulu,Gulu Municipality,Gulu,Cassava flour,KG,Retail,3000.0,0.85
2021-08-15,Mbarara,Mbarara Municipality,Mbarara,Beans,KG,Retail,2369.0,0.67
2021-08-15,Mbarara,Mbarara Municipality,Mbarara,Cassava flour,KG,Retail,1338.0,0.38
2021-08-15,Kampala,Central Kampala,Owino,Beans,KG,Retail,2300.0,0.65
2021-08-15,Kampala,Central Kampala,Owino,Beans,KG,Wholesale,1830.97,0.52
2021-08-15,Kampala,Central Kampala,Owino,Cassava flour,KG,Retail,1400.0,0.4
2021-08-15,Kampala,Central Kampala,Owino,Maize,KG,Wholesale,880.4,0.25
2021-08-15,Kampala,Central Kampala,Owino,Rice,KG,Wholesale,2098.13,0.59
2021-09-15,Gulu,Gulu Municipality,Gulu,Beans,KG,Retail,3000.0,0.85
2021-09-15,Gulu,Gulu Municipality,Gulu,Cassava flour,KG,Retail,3000.0,0.85
2021-09-15,Mbarara,Mbarara Municipality,Mbarara,Beans,KG,Retail,2375.0,0.67
2021-09-15,Mbarara,Mbarara Municipality,Mbarara,Cassava flour,KG,Retail,1314.0,0.37
2021-09-15,Kampala,Central Kampala,Owino,Beans,KG,Retail,2255.0,0.64
2021-09-15,Kampala,Central Kampala,Owino,Beans,KG,Wholesale,1995.06,0.57
2021-09-15,Kampala,Central Kampala,Owino,Cassava flour,KG,Retail,1520.0,0.43
2021-09-15,Kampala,Central Kampala,Owino,Maize,KG,Wholesale,980.32,0.28
2021-09-15,Kampala,Central Kampala,Owino,Rice,KG,Wholesale,2215.24,0.63
2021-10-15,Arua,Arua Municipality,Arua,Beans,KG,Retail,3550.0,0.98
2021-10-15,Arua,Arua Municipality,Arua,Cassava flour,KG,Retail,1000.0,0.28
2021-10-15,Gulu,Gulu Municipality,Gulu,Beans,KG,Retail,2800.0,0.78
2021-10-15,Gulu,Gulu Municipality,Gulu,Cassava flour,KG,Retail,3000.0,0.83
2021-10-15,Mbarara,Mbarara Municipality,Mbarara,Beans,KG,Retail,2453.0,0.68
2021-10-15,Mbarara,Mbarara Municipality,Mbarara,Cassava flour,KG,Retail,1293.0,0.36
2021-10-15,Kampala,Central Kampala,Owino,Beans,KG,Retail,2200.0,0.61
2021-10-15,Kampala,Central Kampala,Owino,Beans,KG,Wholesale,1818.56,0.5
2021-10-15,Kampala,Central Kampala,Owino,Cassava flour,KG,Retail,1450.0,0.4
2021-10-15,Kampala,Central Kampala,Owino,Maize,KG,Wholesale,1065.53,0.3
2021-10-15,Kampala,Central Kampala,Owino,Rice,KG,Wholesale,2197.35,0.61
2021-11-15,Gulu,Gulu Municipality,Gulu,Beans,KG,Retail,2871.0,0.81
2021-11-15,Gulu,Gulu Municipality,Gulu,Cassava flour,KG,Retail,3000.0,0.85
2021-11-15,Mbarara,Mbarara Municipality,Mbarara,Beans,KG,Retail,2383.0,0.68
2021-11-15,Mbarara,Mbarara Municipality,Mbarara,Cassava flour,KG,Retail,1167.0,0.33
2021-11-15,Kampala,Central Kampala,Owino,Beans,KG,Retail,2089.0,0.59
2021-11-15,Kampala,Central Kampala,Owino,Beans,KG,Wholesale,1571.11,0.45
2021-11-15,Kampala,Central Kampala,Owino,Cassava flour,KG,Retail,1675.0,0.48
2021-11-15,Kampala,Central Kampala,Owino,Maize,KG,Wholesale,1088.11,0.31
2021-11-15,Kampala,Central Kampala,Owino,Rice,KG,Wholesale,2261.43,0.64
2021-12-15,Gulu,Gulu Municipality,Gulu,Beans,KG,Retail,2914.0,0.82
2021-12-15,Gulu,Gulu Municipality,Gulu,Cassava flour,KG,Retail,3000.0,0.84
2021-12-15,Mbarara,Mbarara Municipality,Mbarara,Beans,KG,Retail,2450.0,0.69
2021-12-15,Mbarara,Mbarara Municipality,Mbarara,Cassava flour,KG,Retail,1113.0,0.31
2021-12-15,Kampala,Central Kampala,Owino,Beans,KG,Retail,1729.0,0.49
2021-12-15,Kampala,Central Kampala,Owino,Beans,KG,Wholesale,1502.97,0.42
2021-12-15,Kampala,Central Kampala,Owino,Cassava flour,KG,Retail,1675.0,0.47
2021-12-15,Kampala,Central Kampala,Owino,Maize,KG,Wholesale,1169.9,0.33
2021-12-15,Kampala,Central Kampala,Owino,Rice,KG,Wholesale,2276.77,0.64
2022-01-15,Gulu,Gulu Municipality,Gulu,Beans,KG,Retail,3083.0,0.88
2022-01-15,Gulu,Gulu Municipality,Gulu,Cassava flour,KG,Retail,3000.0,0.85
2022-01-15,Jinja,Jinja Municipality,Jinja,Beans,KG,Retail,2167.0,0.62
2022-01-15,Jinja,Jinja Municipality,Jinja,Cassava flour,KG,Retail,900.0,0.26
2022-01-15,Kampala,Central Kampala,Owino,Beans,KG,Retail,1560.0,0.44
2022-01-15,Kampala,Central Kampala,Owino,Beans,KG,Wholesale,1614.03,0.46
2022-01-15,Kampala,Central Kampala,Owino,Cassava flour,KG,Retail,1320.0,0.38
2022-01-15,Kampala,Central Kampala,Owino,Maize,KG,Wholesale,821.15,0.23
2022-01-15,Kampala,Central Kampala,Owino,Rice,KG,Wholesale,2223.5,0.63
2022-02-15,Gulu,Gulu Municipality,Gulu,Beans,KG,Retail,3167.0,0.9
2022-02-15,Gulu,Gulu Municipality,Gulu,Cassava flour,KG,Retail,3000.0,0.86
2022-02-15,Jinja,Jinja Municipality,Jinja,Beans,KG,Retail,2500.0,0.71
2022-02-15,Jinja,Jinja Municipality,Jinja,Cassava flour,KG,Retail,1200.0,0.34
2022-02-15,Mbarara,Mbarara Municipality,Mbarara,Beans,KG,Retail,3000.0,0.86
2022-02-15,Mbarara,Mbarara Municipality,Mbarara,Cassava flour,KG,Retail,2000.0,0.57
2022-02-15,Kampala,Central Kampala,Owino,Beans,KG,Retail,2400.0,0.68
2022-02-15,Kampala,Central Kampala,Owino,Beans,KG,Wholesale,1802.64,0.51
2022-02-15,Kampala,Central Kampala,Owino,Cassava flour,KG,Retail,1500.0,0.43
2022-02-15,Kampala,Central Kampala,Owino,Maize,KG,Wholesale,938.18,0.27
2022-02-15,Kampala,Central Kampala,Owino,Rice,KG,Wholesale,2383.39,0.68
2022-03-15,Arua,Arua Municipality,Arua,Beans,KG,Retail,3250.0,0.91
2022-03-15,Arua,Arua Municipality,Arua,Cassava flour,KG,Retail,1050.0,0.29
2022-03-15,Busia,Samia-bugwe,Busia,Beans,KG,Retail,2050.0,0.57
2022-03-15,Busia,Samia-bugwe,Busia,Cassava flour,KG,Retail,900.0,0.25
2022-03-15,Kabarole,Fort Portal Municipality,Fort Portal,Beans,KG,Retail,3125.0,0.87
2022-03-15,Kabarole,Fort Portal Municipality,Fort Portal,Cassava flour,KG,Retail,1500.0,0.42
2022-03-15,Gulu,Gulu Municipality,Gulu,Beans,KG,Retail,3200.0,0.89
2022-03-15,Gulu,Gulu Municipality,Gulu,Cassava flour,KG,Retail,3000.0,0.84
2022-03-15,Jinja,Jinja Municipality,Jinja,Beans,KG,Retail,2750.0,0.77
2022-03-15,Jinja,Jinja Municipality,Jinja,Cassava flour,KG,Retail,1200.0,0.33
2022-03-15,Mbarara,Mbarara Municipality,Mbarara,Beans,KG,Retail,3000.0,0.84
2022-03-15,Mbarara,Mbarara Municipality,Mbarara,Cassava flour,KG,Retail,1750.0,0.49
2022-03-15,Kampala,Central Kampala,Owino,Beans,KG,Retail,2925.0,0.82
2022-03-15,Kampala,Central Kampala,Owino,Beans,KG,Wholesale,2294.53,0.64
2022-03-15,Kampala,Central Kampala,Owino,Cassava flour,KG,Retail,1500.0,0.42
2022-03-15,Kampala,Central Kampala,Owino,Maize,KG,Wholesale,1040.13,0.29
2022-03-15,Kampala,Central Kampala,Owino,Rice,KG,Wholesale,2860.49,0.8
2022-04-15,Busia,Samia-bugwe,Busia,Beans,KG,Retail,2317.0,0.66
2022-04-15,Busia,Samia-bugwe,Busia,Cassava flour,KG,Retail,1283.0,0.37
2022-04-15,Kabarole,Fort Portal Municipality,Fort Portal,Beans,KG,Retail,3500.0,1.0
2022-04-15,Kabarole,Fort Portal Municipality,Fort Portal,Cassava flour,KG,Retail,1500.0,0.43
2022-04-15,Gulu,Gulu Municipality,Gulu,Beans,KG,Retail,3500.0,1.0
2022-04-15,Gulu,Gulu Municipality,Gulu,Cassava flour,KG,Retail,3000.0,0.85
2022-04-15,Jinja,Jinja Municipality,Jinja,Beans,KG,Retail,3133.0,0.89
2022-04-15,Jinja,Jinja Municipality,Jinja,Cassava flour,KG,Retail,1600.0,0.46
2022-04-15,Mbarara,Mbarara Municipality,Mbarara,Beans,KG,Retail,3500.0,1.0
2022-04-15,Mbarara,Mbarara Municipality,Mbarara,Cassava flour,KG,Retail,2000.0,0.57
2022-04-15,Kampala,Central Kampala,Owino,Beans,KG,Retail,3500.0,1.0
2022-04-15,Kampala,Central Kampala,Owino,Beans,KG,Wholesale,2365.34,0.67
2022-04-15,Kampala,Central Kampala,Owino,Cassava flour,KG,Retail,2000.0,0.57
2022-04-15,Kampala,Central Kampala,Owino,Maize,KG,Wholesale,1180.71,0.34
2022-04-15,Kampala,Central Kampala,Owino,Rice,KG,Wholesale,3160.38,0.9
2022-05-15,Arua,Arua Municipality,Arua,Beans,KG,Retail,3500.0,0.97
2022-05-15,Arua,Arua Municipality,Arua,Cassava flour,KG,Retail,1500.0,0.41
2022-05-15,Busia,Samia-bugwe,Busia,Beans,KG,Retail,2683.0,0.74
2022-05-15,Busia,Samia-bugwe,Busia,Cassava flour,KG,Retail,1483.0,0.41
2022-05-15,Kabarole,Fort Portal Municipality,Fort Portal,Beans,KG,Retail,4100.0,1.13
2022-05-15,Kabarole,Fort Portal Municipality,Fort Portal,Cassava flour,KG,Retail,1800.0,0.5
2022-05-15,Gulu,Gulu Municipality,Gulu,Beans,KG,Retail,4400.0,1.22
2022-05-15,Gulu,Gulu Municipality,Gulu,Cassava flour,KG,Retail,3000.0,0.83
2022-05-15,Jinja,Jinja Municipality,Jinja,Beans,KG,Retail,3683.0,1.02
2022-05-15,Jinja,Jinja Municipality,Jinja,Cassava flour,KG,Retail,1700.0,0.47
2022-05-15,Mbarara,Mbarara Municipality,Mbarara,Beans,KG,Retail,3714.0,1.03
2022-05-15,Mbarara,Mbarara Municipality,Mbarara,Cassava flour,KG,Retail,1857.0,0.51
2022-05-15,Kampala,Central Kampala,Owino,Beans,KG,Retail,3500.0,0.97
2022-05-15,Kampala,Central Kampala,Owino,Beans,KG,Wholesale,2694.75,0.74
2022-05-15,Kampala,Central Kampala,Owino,Cassava flour,KG,Retail,2300.0,0.64
2022-05-15,Kampala,Central Kampala,Owino,Maize,KG,Wholesale,1248.98,0.35
2022-05-15,Kampala,Central Kampala,Owino,Rice,KG,Wholesale,3296.23,0.91
2022-06-15,Arua,Arua Municipality,Arua,Beans,KG,Retail,4000.0,1.07
2022-06-15,Arua,Arua Municipality,Arua,Cassava flour,KG,Retail,1800.0,0.48
2022-06-15,Busia,Samia-bugwe,Busia,Beans,KG,Retail,2917.0,0.78
2022-06-15,Busia,Samia-bugwe,Busia,Cassava flour,KG,Retail,1800.0,0.48
2022-06-15,Kabarole,Fort Portal Municipality,Fort Portal,Beans,KG,Retail,3900.0,1.04
2022-06-15,Kabarole,Fort Portal Municipality,Fort Portal,Cassava flour,KG,Retail,2100.0,0.56
2022-06-15,Gulu,Gulu Municipality,Gulu,Beans,KG,Retail,4750.0,1.26
2022-06-15,Gulu,Gulu Municipality,Gulu,Cassava flour,KG,Retail,3000.0,0.8
2022-06-15,Jinja,Jinja Municipality,Jinja,Beans,KG,Retail,3780.0,1.01
2022-06-15,Jinja,Jinja Municipality,Jinja,Cassava flour,KG,Retail,1920.0,0.51
2022-06-15,Mbarara,Mbarara Municipality,Mbarara,Beans,KG,Retail,3643.0,0.97
2022-06-15,Mbarara,Mbarara Municipality,Mbarara,Cassava flour,KG,Retail,2000.0,0.53
2022-06-15,Kampala,Central Kampala,Owino,Beans,KG,Retail,3600.0,0.96
2022-06-15,Kampala,Central Kampala,Owino,Cassava flour,KG,Retail,2500.0,0.67
2022-07-15,Arua,Arua Municipality,Arua,Beans,KG,Retail,4000.0,1.06
2022-07-15,Arua,Arua Municipality,Arua,Cassava flour,KG,Retail,1800.0,0.48
2022-07-15,Busia,Samia-bugwe,Busia,Beans,KG,Retail,3550.0,0.94
2022-07-15,Busia,Samia-bugwe,Busia,Cassava flour,KG,Retail,2000.0,0.53
2022-07-15,Kabarole,Fort Portal Municipality,Fort Portal,Beans,KG,Retail,4000.0,1.06
2022-07-15,Kabarole,Fort Portal Municipality,Fort Portal,Cassava flour,KG,Retail,2500.0,0.66
2022-07-15,Jinja,Jinja Municipality,Jinja,Beans,KG,Retail,4000.0,1.06
2022-07-15,Jinja,Jinja Municipality,Jinja,Cassava flour,KG,Retail,3000.0,0.8
2022-07-15,Mbarara,Mbarara Municipality,Mbarara,Beans,KG,Retail,4000.0,1.06
2022-07-15,Mbarara,Mbarara Municipality,Mbarara,Cassava flour,KG,Retail,2500.0,0.66
2022-07-15,Kampala,Central Kampala,Owino,Beans,KG,Retail,4000.0,1.06
2022-07-15,Kampala,Central Kampala,Owino,Cassava flour,KG,Retail,2500.0,0.66
2022-08-15,Busia,Samia-bugwe,Busia,Beans,KG,Retail,4283.0,1.14
2022-08-15,Busia,Samia-bugwe,Busia,Cassava flour,KG,Retail,1833.0,0.49
2022-08-15,Kabarole,Fort Portal Municipality,Fort Portal,Beans,KG,Retail,3900.0,1.04
2022-08-15,Kabarole,Fort Portal Municipality,Fort Portal,Cassava flour,KG,Retail,2460.0,0.66
2022-08-15,Gulu,Gulu Municipality,Gulu,Beans,KG,Retail,4260.0,1.14
2022-08-15,Gulu,Gulu Municipality,Gulu,Cassava flour,KG,Retail,3000.0,0.8
2022-08-15,Jinja,Jinja Municipality,Jinja,Beans,KG,Retail,4550.0,1.21
2022-08-15,Jinja,Jinja Municipality,Jinja,Cassava flour,KG,Retail,2250.0,0.6
2022-08-15,Mbarara,Mbarara Municipality,Mbarara,Beans,KG,Retail,4250.0,1.13
2022-08-15,Mbarara,Mbarara Municipality,Mbarara,Cassava flour,KG,Retail,2500.0,0.67
2022-08-15,Kampala,Central Kampala,Owino,Beans,KG,Retail,4517.0,1.2
2022-08-15,Kampala,Central Kampala,Owino,Cassava flour,KG,Retail,2500.0,0.67
2022-09-15,Busia,Samia-bugwe,Busia,Beans,KG,Retail,4450.0,1.17
2022-09-15,Busia,Samia-bugwe,Busia,Cassava flour,KG,Retail,1950.0,0.51
2022-09-15,Kabarole,Fort Portal Municipality,Fort Portal,Beans,KG,Retail,4000.0,1.05
2022-09-15,Kabarole,Fort Portal Municipality,Fort Portal,Cassava flour,KG,Retail,2500.0,0.66
2022-09-15,Gulu,Gulu Municipality,Gulu,Beans,KG,Retail,4950.0,1.3
2022-09-15,Gulu,Gulu Municipality,Gulu,Cassava flour,KG,Retail,3000.0,0.79
2022-09-15,Jinja,Jinja Municipality,Jinja,Beans,KG,Retail,4900.0,1.29
2022-09-15,Jinja,Jinja Municipality,Jinja,Cassava flour,KG,Retail,2420.0,0.64
2022-09-15,Mbarara,Mbarara Municipality,Mbarara,Beans,KG,Retail,4500.0,1.18
2022-09-15,Mbarara,Mbarara Municipality,Mbarara,Cassava flour,KG,Retail,2500.0,0.66
2022-09-15,Kampala,Central Kampala,Owino,Beans,KG,Retail,4840.0,1.27
2022-09-15,Kampala,Central Kampala,Owino,Cassava flour,KG,Retail,2500.0,0.66
2022-10-15,Busia,Samia-bugwe,Busia,Beans,KG,Retail,4040.0,1.06
2022-10-15,Busia,Samia-bugwe,Busia,Cassava flour,KG,Retail,2000.0,0.52
2022-10-15,Kabarole,Fort Portal Municipality,Fort Portal,Beans,KG,Retail,4500.0,1.18
2022-10-15,Kabarole,Fort Portal Municipality,Fort Portal,Cassava flour,KG,Retail,2500.0,0.65
2022-10-15,Gulu,Gulu Municipality,Gulu,Beans,KG,Retail,5163.0,1.35
2022-10-15,Gulu,Gulu Municipality,Gulu,Cassava flour,KG,Retail,3000.0,0.78
2022-10-15,Jinja,Jinja Municipality,Jinja,Beans,KG,Retail,4325.0,1.13
2022-10-15,Jinja,Jinja Municipality,Jinja,Cassava flour,KG,Retail,2575.0,0.67
2022-10-15,Mbarara,Mbarara Municipality,Mbarara,Beans,KG,Retail,4300.0,1.12
2022-10-15,Mbarara,Mbarara Municipality,Mbarara,Cassava flour,KG,Retail,2500.0,0.65
2022-10-15,Kampala,Central Kampala,Owino,Beans,KG,Retail,4750.0,1.24
2022-10-15,Kampala,Central Kampala,Owino,Cassava flour,KG,Retail,2500.0,0.65
2022-11-15,Busia,Samia-bugwe,Busia,Beans,KG,Retail,3700.0,0.99
2022-11-15,Busia,Samia-bugwe,Busia,Cassava flour,KG,Retail,2100.0,0.56
2022-11-15,Kabarole,Fort Portal Municipality,Fort Portal,Beans,KG,Retail,4000.0,1.07
2022-11-15,Kabarole,Fort Portal Municipality,Fort Portal,Cassava flour,KG,Retail,2500.0,0.67
2022-11-15,Gulu,Gulu Municipality,Gulu,Beans,KG,Retail,5088.0,1.36
2022-11-15,Gulu,Gulu Municipality,Gulu,Cassava flour,KG,Retail,3000.0,0.8
2022-11-15,Jinja,Jinja Municipality,Jinja,Beans,KG,Retail,3620.0,0.97
2022-11-15,Jinja,Jinja Municipality,Jinja,Cassava flour,KG,Retail,2420.0,0.65
2022-11-15,Mbarara,Mbarara Municipality,Mbarara,Beans,KG,Retail,4000.0,1.07
2022-11-15,Mbarara,Mbarara Municipality,Mbarara,Cassava flour,KG,Retail,2500.0,0.67
2022-11-15,Kampala,Central Kampala,Owino,Beans,KG,Retail,3580.0,0.96
2022-11-15,Kampala,Central Kampala,Owino,Cassava flour,KG,Retail,2800.0,0.75
2022-12-15,Busia,Samia-bugwe,Busia,Beans,KG,Retail,3500.0,0.95
2022-12-15,Busia,Samia-bugwe,Busia,Cassava flour,KG,Retail,2500.0,0.68
2022-12-15,Kabarole,Fort Portal Municipality,Fort Portal,Beans,KG,Retail,3400.0,0.93
2022-12-15,Kabarole,Fort Portal Municipality,Fort Portal,Cassava flour,KG,Retail,2800.0,0.76
2022-12-15,Gulu,Gulu Municipality,Gulu,Beans,KG,Retail,5660.0,1.54
2022-12-15,Gulu,Gulu Municipality,Gulu,Cassava flour,KG,Retail,3000.0,0.82
2022-12-15,Jinja,Jinja Municipality,Jinja,Beans,KG,Retail,3600.0,0.98
2022-12-15,Jinja,Jinja Municipality,Jinja,Cassava flour,KG,Retail,2680.0,0.73
2022-12-15,Mbarara,Mbarara Municipality,Mbarara,Beans,KG,Retail,4000.0,1.09
2022-12-15,Mbarara,Mbarara Municipality,Mbarara,Cassava flour,KG,Retail,2500.0,0.68
2022-12-15,Kampala,Central Kampala,Owino,Beans,KG,Retail,3600.0,0.98
2022-12-15,Kampala,Central Kampala,Owino,Cassava flour,KG,Retail,2900.0,0.79
2023-01-15,Busia,Samia-bugwe,Busia,Beans,KG,Retail,3920.0,1.07
2023-01-15,Busia,Samia-bugwe,Busia,Cassava flour,KG,Retail,2280.0,0.62
2023-01-15,Kabarole,Fort Portal Municipality,Fort Portal,Beans,KG,Retail,3666.67,1.0
2023-01-15,Kabarole,Fort Portal Municipality,Fort Portal,Cassava flour,KG,Retail,2500.0,0.68
2023-01-15,Gulu,Gulu Municipality,Gulu,Beans,KG,Retail,5750.0,1.57
2023-01-15,Gulu,Gulu Municipality,Gulu,Cassava flour,KG,Retail,3000.0,0.82
2023-01-15,Jinja,Jinja Municipality,Jinja,Beans,KG,Retail,4375.0,1.19
2023-01-15,Jinja,Jinja Municipality,Jinja,Cassava flour,KG,Retail,2725.0,0.74
2023-01-15,Mbarara,Mbarara Municipality,Mbarara,Beans,KG,Retail,4500.0,1.23
2023-01-15,Mbarara,Mbarara Municipality,Mbarara,Cassava flour,KG,Retail,2500.0,0.68
2023-01-15,Kampala,Central Kampala,Owino,Beans,KG,Retail,3375.0,0.92
2023-01-15,Kampala,Central Kampala,Owino,Cassava flour,KG,Retail,2875.0,0.78
2023-02-15,Busia,Samia-bugwe,Busia,Beans,KG,Retail,3866.67,1.06
2023-02-15,Busia,Samia-bugwe,Busia,Cassava flour,KG,Retail,2100.0,0.57
2023-02-15,Kabarole,Fort Portal Municipality,Fort Portal,Beans,KG,Retail,4000.0,1.09
2023-02-15,Kabarole,Fort Portal Municipality,Fort Portal,Cassava flour,KG,Retail,2666.67,0.73
2023-02-15,Gulu,Gulu Municipality,Gulu,Beans,KG,Retail,6000.0,1.64
2023-02-15,Gulu,Gulu Municipality,Gulu,Cassava flour,KG,Retail,3000.0,0.82
2023-02-15,Jinja,Jinja Municipality,Jinja,Beans,KG,Retail,4500.0,1.23
2023-02-15,Jinja,Jinja Municipality,Jinja,Cassava flour,KG,Retail,2800.0,0.77
2023-02-15,Mbarara,Mbarara Municipality,Mbarara,Beans,KG,Retail,4666.67,1.28
2023-02-15,Mbarara,Mbarara Municipality,Mbarara,Cassava flour,KG,Retail,2500.0,0.68
2023-02-15,Kampala,Central Kampala,Owino,Beans,KG,Retail,4250.0,1.16
2023-02-15,Kampala,Central Kampala,Owino,Cassava flour,KG,Retail,2750.0,0.75
2023-03-15,Busia,Samia-bugwe,Busia,Beans,KG,Retail,3880.0,1.04
2023-03-15,Busia,Samia-bugwe,Busia,Cassava flour,KG,Retail,1900.0,0.51
2023-03-15,Kabarole,Fort Portal Municipality,Fort Portal,Beans,KG,Retail,4400.0,1.18
2023-03-15,Kabarole,Fort Portal Municipality,Fort Portal,Cassava flour,KG,Retail,2280.0,0.61
2023-03-15,Gulu,Gulu Municipality,Gulu,Beans,KG,Retail,5687.5,1.52
2023-03-15,Gulu,Gulu Municipality,Gulu,Cassava flour,KG,Retail,3000.0,0.8
2023-03-15,Jinja,Jinja Municipality,Jinja,Beans,KG,Retail,4940.0,1.32
2023-03-15,Jinja,Jinja Municipality,Jinja,Cassava flour,KG,Retail,2700.0,0.72
2023-03-15,Mbarara,Mbarara Municipality,Mbarara,Beans,KG,Retail,4500.0,1.2
2023-03-15,Mbarara,Mbarara Municipality,Mbarara,Cassava flour,KG,Retail,2500.0,0.67
2023-03-15,Kampala,Central Kampala,Owino,Beans,KG,Retail,5000.0,1.34
2023-03-15,Kampala,Central Kampala,Owino,Cassava flour,KG,Retail,3000.0,0.8
2023-04-15,Busia,Samia-bugwe,Busia,Beans,KG,Retail,4050.0,1.09
2023-04-15,Busia,Samia-bugwe,Busia,Cassava flour,KG,Retail,1850.0,0.5
2023-04-15,Kabarole,Fort Portal Municipality,Fort Portal,Beans,KG,Retail,5750.0,1.54
2023-04-15,Kabarole,Fort Portal Municipality,Fort Portal,Cassava flour,KG,Retail,2750.0,0.74
2023-04-15,Gulu,Gulu Municipality,Gulu,Beans,KG,Retail,6000.0,1.61
2023-04-15,Gulu,Gulu Municipality,Gulu,Cassava flour,KG,Retail,3000.0,0.8
2023-04-15,Jinja,Jinja Municipality,Jinja,Beans,KG,Retail,5125.0,1.37
2023-04-15,Jinja,Jinja Municipality,Jinja,Cassava flour,KG,Retail,2550.0,0.68
2023-04-15,Mbarara,Mbarara Municipality,Mbarara,Beans,KG,Retail,4500.0,1.21
2023-04-15,Mbarara,Mbarara Municipality,Mbarara,Cassava flour,KG,Retail,2500.0,0.67
2023-04-15,Kampala,Central Kampala,Owino,Beans,KG,Retail,5000.0,1.34
2023-04-15,Kampala,Central Kampala,Owino,Cassava flour,KG,Retail,3000.0,0.8
2023-05-15,Gulu,Gulu Municipality,Gulu,Beans,KG,Retail,6530.0,1.76
2023-05-15,Gulu,Gulu Municipality,Gulu,Cassava flour,KG,Retail,4000.0,1.08
2023-05-15,Jinja,Jinja Municipality,Jinja,Beans,KG,Retail,5375.0,1.45
2023-05-15,Jinja,Jinja Municipality,Jinja,Cassava flour,KG,Retail,2400.0,0.65
2023-05-15,Mbarara,Mbarara Municipality,Mbarara,Beans,KG,Retail,5125.0,1.38
2023-05-15,Mbarara,Mbarara Municipality,Mbarara,Cassava flour,KG,Retail,2500.0,0.67
2023-05-15,Kampala,Central Kampala,Owino,Beans,KG,Retail,6250.0,1.68
2023-05-15,Kampala,Central Kampala,Owino,Cassava flour,KG,Retail,3000.0,0.81
2023-06-15,Busia,Samia-bugwe,Busia,Beans,KG,Retail,3933.0,1.07
2023-06-15,Busia,Samia-bugwe,Busia,Cassava flour,KG,Retail,2133.0,0.58
2023-06-15,Kabarole,Fort Portal Municipality,Fort Portal,Beans,KG,Retail,6000.0,1.63
2023-06-15,Kabarole,Fort Portal Municipality,Fort Portal,Cassava flour,KG,Retail,2500.0,0.68
2023-06-15,Gulu,Gulu Municipality,Gulu,Beans,KG,Retail,6678.0,1.81
2023-06-15,Gulu,Gulu Municipality,Gulu,Cassava flour,KG,Retail,4567.0,1.24
2023-06-15,Jinja,Jinja Municipality,Jinja,Beans,KG,Retail,4860.0,1.32
2023-06-15,Jinja,Jinja Municipality,Jinja,Cassava flour,KG,Retail,2500.0,0.68
2023-06-15,Mbarara,Mbarara Municipality,Mbarara,Beans,KG,Retail,5500.0,1.49
2023-06-15,Mbarara,Mbarara Municipality,Mbarara,Cassava flour,KG,Retail,2500.0,0.68
2023-06-15,Kampala,Central Kampala,Owino,Beans,KG,Retail,5700.0,1.55
2023-06-15,Kampala,Central Kampala,Owino,Cassava flour,KG,Retail,2900.0,0.79
2023-07-15,Busia,Samia-bugwe,Busia,Beans,KG,Retail,4140.0,1.13
2023-07-15,Busia,Samia-bugwe,Busia,Cassava flour,KG,Retail,1840.0,0.5
2023-07-15,Kabarole,Fort Portal Municipality,Fort Portal,Beans,KG,Retail,5625.0,1.54
2023-07-15,Kabarole,Fort Portal Municipality,Fort Portal,Cassava flour,KG,Retail,2500.0,0.68
2023-07-15,Gulu,Gulu Municipality,Gulu,Beans,KG,Retail,6538.0,1.79
2023-07-15,Gulu,Gulu Municipality,Gulu,Cassava flour,KG,Retail,4013.0,1.1
2023-07-15,Jinja,Jinja Municipality,Jinja,Beans,KG,Retail,5000.0,1.37
2023-07-15,Jinja,Jinja Municipality,Jinja,Cassava flour,KG,Retail,2375.0,0.65
2023-07-15,Mbarara,Mbarara Municipality,Mbarara,Beans,KG,Retail,5250.0,1.43
2023-07-15,Mbarara,Mbarara Municipality,Mbarara,Cassava flour,KG,Retail,2625.0,0.72
2023-07-15,Kampala,Central Kampala,Owino,Beans,KG,Retail,4875.0,1.33
2023-07-15,Kampala,Central Kampala,Owino,Cassava flour,KG,Retail,2850.0,0.78
2023-08-15,Busia,Samia-bugwe,Busia,Beans,KG,Retail,4240.0,1.14
2023-08-15,Busia,Samia-bugwe,Busia,Cassava flour,KG,Retail,1720.0,0.46
2023-08-15,Kabarole,Fort Portal Municipality,Fort Portal,Beans,KG,Retail,4600.0,1.24
2023-08-15,Kabarole,Fort Portal Municipality,Fort Portal,Cassava flour,KG,Retail,2500.0,0.67
2023-08-15,Gulu,Gulu Municipality,Gulu,Beans,KG,Retail,6000.0,1.61
2023-08-15,Gulu,Gulu Municipality,Gulu,Cassava flour,KG,Retail,3500.0,0.94
2023-08-15,Jinja,Jinja Municipality,Jinja,Beans,KG,Retail,4875.0,1.31
2023-08-15,Jinja,Jinja Municipality,Jinja,Cassava flour,KG,Retail,2625.0,0.71
2023-08-15,Mbarara,Mbarara Municipality,Mbarara,Beans,KG,Retail,5000.0,1.34
2023-08-15,Mbarara,Mbarara Municipality,Mbarara,Cassava flour,KG,Retail,2700.0,0.73
2023-08-15,Kampala,Central Kampala,Owino,Beans,KG,Retail,4500.0,1.21
2023-08-15,Kampala,Central Kampala,Owino,Cassava flour,KG,Retail,2850.0,0.77
2023-09-15,Busia,Samia-bugwe,Busia,Beans,KG,Retail,4050.0,1.09
2023-09-15,Busia,Samia-bugwe,Busia,Cassava flour,KG,Retail,1700.0,0.46
2023-09-15,Kabarole,Fort Portal Municipality,Fort Portal,Beans,KG,Retail,4875.0,1.31
2023-09-15,Kabarole,Fort Portal Municipality,Fort Portal,Cassava flour,KG,Retail,2500.0,0.67
2023-09-15,Gulu,Gulu Municipality,Gulu,Beans,KG,Retail,6000.0,1.61
2023-09-15,Gulu,Gulu Municipality,Gulu,Cassava flour,KG,Retail,4000.0,1.07
2023-09-15,Jinja,Jinja Municipality,Jinja,Beans,KG,Retail,5000.0,1.34
2023-09-15,Jinja,Jinja Municipality,Jinja,Cassava flour,KG,Retail,2450.0,0.66
2023-09-15,Mbarara,Mbarara Municipality,Mbarara,Beans,KG,Retail,5000.0,1.34
2023-09-15,Mbarara,Mbarara Municipality,Mbarara,Cassava flour,KG,Retail,2500.0,0.67
2023-09-15,Kampala,Central Kampala,Owino,Beans,KG,Retail,4625.0,1.24
2023-09-15,Kampala,Central Kampala,Owino,Cassava flour,KG,Retail,2500.0,0.67
2023-10-15,Busia,Samia-bugwe,Busia,Beans,KG,Retail,3575.0,0.95
2023-10-15,Busia,Samia-bugwe,Busia,Cassava flour,KG,Retail,1150.0,0.31
2023-10-15,Kabarole,Fort Portal Municipality,Fort Portal,Beans,KG,Retail,5160.0,1.38
2023-10-15,Kabarole,Fort Portal Municipality,Fort Portal,Cassava flour,KG,Retail,2500.0,0.67
2023-10-15,Gulu,Gulu Municipality,Gulu,Beans,KG,Retail,6000.0,1.6
2023-10-15,Gulu,Gulu Municipality,Gulu,Cassava flour,KG,Retail,4000.0,1.07
2023-10-15,Jinja,Jinja Municipality,Jinja,Beans,KG,Retail,5167.0,1.38
2023-10-15,Jinja,Jinja Municipality,Jinja,Cassava flour,KG,Retail,2333.0,0.62
2023-10-15,Mbarara,Mbarara Municipality,Mbarara,Beans,KG,Retail,5000.0,1.33
2023-10-15,Mbarara,Mbarara Municipality,Mbarara,Cassava flour,KG,Retail,2500.0,0.67
2023-10-15,Kampala,Central Kampala,Owino,Beans,KG,Retail,4667.0,1.25
2023-10-15,Kampala,Central Kampala,Owino,Cassava flour,KG,Retail,2600.0,0.69
2023-11-15,Busia,Samia-bugwe,Busia,Beans,KG,Retail,3420.0,0.91
2023-11-15,Busia,Samia-bugwe,Busia,Cassava flour,KG,Retail,1280.0,0.34
2023-11-15,Kabarole,Fort Portal Municipality,Fort Portal,Beans,KG,Retail,4900.0,1.3
2023-11-15,Kabarole,Fort Portal Municipality,Fort Portal,Cassava flour,KG,Retail,2500.0,0.66
2023-11-15,Gulu,Gulu Municipality,Gulu,Beans,KG,Retail,5500.0,1.46
2023-11-15,Gulu,Gulu Municipality,Gulu,Cassava flour,KG,Retail,4000.0,1.06
2023-11-15,Jinja,Jinja Municipality,Jinja,Beans,KG,Retail,4600.0,1.22
2023-11-15,Jinja,Jinja Municipality,Jinja,Cassava flour,KG,Retail,2240.0,0.59
2023-11-15,Mbarara,Mbarara Municipality,Mbarara,Beans,KG,Retail,4700.0,1.25
2023-11-15,Mbarara,Mbarara Municipality,Mbarara,Cassava flour,KG,Retail,2500.0,0.66
2023-11-15,Kampala,Central Kampala,Owino,Beans,KG,Retail,4500.0,1.19
2023-11-15,Kampala,Central Kampala,Owino,Cassava flour,KG,Retail,2500.0,0.66
2023-12-15,Busia,Samia-bugwe,Busia,Beans,KG,Retail,3250.0,0.86
2023-12-15,Busia,Samia-bugwe,Busia,Cassava flour,KG,Retail,1050.0,0.28
2023-12-15,Kabarole,Fort Portal Municipality,Fort Portal,Beans,KG,Retail,4625.0,1.23
2023-12-15,Kabarole,Fort Portal Municipality,Fort Portal,Cassava flour,KG,Retail,2500.0,0.66
2023-12-15,Gulu,Gulu Municipality,Gulu,Beans,KG,Retail,5700.0,1.51
2023-12-15,Gulu,Gulu Municipality,Gulu,Cassava flour,KG,Retail,4000.0,1.06
2023-12-15,Jinja,Jinja Municipality,Jinja,Beans,KG,Retail,4125.0,1.09
2023-12-15,Jinja,Jinja Municipality,Jinja,Cassava flour,KG,Retail,2000.0,0.53
2023-12-15,Mbarara,Mbarara Municipality,Mbarara,Beans,KG,Retail,4500.0,1.19
2023-12-15,Mbarara,Mbarara Municipality,Mbarara,Cassava flour,KG,Retail,2500.0,0.66
2023-12-15,Kampala,Central Kampala,Owino,Beans,KG,Retail,4200.0,1.11
2023-12-15,Kampala,Central Kampala,Owino,Cassava flour,KG,Retail,2500.0,0.66
2024-01-15,Busia,Samia-bugwe,Busia,Beans,KG,Retail,3180.0,0.84
2024-01-15,Busia,Samia-bugwe,Busia,Cassava flour,KG,Retail,1000.0,0.26
2024-01-15,Gulu,Gulu Municipality,Gulu,Beans,KG,Retail,5317.0,1.4
2024-01-15,Gulu,Gulu Municipality,Gulu,Cassava flour,KG,Retail,4550.0,1.2
2024-01-15,Jinja,Jinja Municipality,Jinja,Beans,KG,Retail,3875.0,1.02
2024-01-15,Jinja,Jinja Municipality,Jinja,Cassava flour,KG,Retail,1950.0,0.51
2024-01-15,Mbarara,Mbarara Municipality,Mbarara,Beans,KG,Retail,4125.0,1.08
2024-01-15,Mbarara,Mbarara Municipality,Mbarara,Cassava flour,KG,Retail,2500.0,0.66
2024-01-15,Kampala,Central Kampala,Owino,Beans,KG,Retail,4000.0,1.05
2024-01-15,Kampala,Central Kampala,Owino,Cassava flour,KG,Retail,2400.0,0.63
2024-02-15,Busia,Samia-bugwe,Busia,Beans,KG,Retail,3000.0,0.78
2024-02-15,Busia,Samia-bugwe,Busia,Cassava flour,KG,Retail,750.0,0.19
2024-02-15,Kabarole,Fort Portal Municipality,Fort Portal,Beans,KG,Retail,4800.0,1.24
2024-02-15,Kabarole,Fort Portal Municipality,Fort Portal,Cassava flour,KG,Retail,2300.0,0.59
2024-02-15,Gulu,Gulu Municipality,Gulu,Beans,KG,Retail,5133.0,1.33
2024-02-15,Gulu,Gulu Municipality,Gulu,Cassava flour,KG,Retail,4667.0,1.21
2024-02-15,Jinja,Jinja Municipality,Jinja,Beans,KG,Retail,4200.0,1.09
2024-02-15,Jinja,Jinja Municipality,Jinja,Cassava flour,KG,Retail,1920.0,0.5
2024-02-15,Mbarara,Mbarara Municipality,Mbarara,Beans,KG,Retail,4000.0,1.03
2024-02-15,Mbarara,Mbarara Municipality,Mbarara,Cassava flour,KG,Retail,2500.0,0.65
2024-02-15,Kampala,Central Kampala,Owino,Beans,KG,Retail,4000.0,1.03
2024-02-15,Kampala,Central Kampala,Owino,Cassava flour,KG,Retail,2000.0,0.52
2024-03-15,Busia,Samia-bugwe,Busia,Beans,KG,Retail,2900.0,0.75
2024-03-15,Busia,Samia-bugwe,Busia,Cassava flour,KG,Retail,800.0,0.21
2024-03-15,Kabarole,Fort Portal Municipality,Fort Portal,Beans,KG,Retail,4500.0,1.16
2024-03-15,Kabarole,Fort Portal Municipality,Fort Portal,Cassava flour,KG,Retail,2000.0,0.52
2024-03-15,Gulu,Gulu Municipality,Gulu,Beans,KG,Retail,5214.0,1.34
2024-03-15,Gulu,Gulu Municipality,Gulu,Cassava flour,KG,Retail,4143.0,1.07
2024-03-15,Jinja,Jinja Municipality,Jinja,Beans,KG,Retail,4500.0,1.16
2024-03-15,Jinja,Jinja Municipality,Jinja,Cassava flour,KG,Retail,1950.0,0.5
2024-03-15,Mbarara,Mbarara Municipality,Mbarara,Beans,KG,Retail,4000.0,1.03
2024-03-15,Mbarara,Mbarara Municipality,Mbarara,Cassava flour,KG,Retail,2500.0,0.64
2024-03-15,Kampala,Central Kampala,Owino,Beans,KG,Retail,4000.0,1.03
2024-03-15,Kampala,Central Kampala,Owino,Cassava flour,KG,Retail,1975.0,0.51
2024-04-15,Busia,Samia-bugwe,Busia,Beans,KG,Retail,3000.0,0.79
2024-04-15,Busia,Samia-bugwe,Busia,Cassava flour,KG,Retail,800.0,0.21
2024-04-15,Kabarole,Fort Portal Municipality,Fort Portal,Beans,KG,Retail,4500.0,1.18
2024-04-15,Kabarole,Fort Portal Municipality,Fort Portal,Cassava flour,KG,Retail,2000.0,0.53
2024-04-15,Gulu,Gulu Municipality,Gulu,Beans,KG,Retail,5167.0,1.36
2024-04-15,Gulu,Gulu Municipality,Gulu,Cassava flour,KG,Retail,4056.0,1.07
2024-04-15,Jinja,Jinja Municipality,Jinja,Beans,KG,Retail,4750.0,1.25
2024-04-15,Jinja,Jinja Municipality,Jinja,Cassava flour,KG,Retail,1925.0,0.51
2024-04-15,Mbarara,Mbarara Municipality,Mbarara,Beans,KG,Retail,4000.0,1.05
2024-04-15,Mbarara,Mbarara Municipality,Mbarara,Cassava flour,KG,Retail,2500.0,0.66
2024-04-15,Kampala,Central Kampala,Owino,Beans,KG,Retail,4000.0,1.05
2024-04-15,Kampala,Central Kampala,Owino,Cassava flour,KG,Retail,1825.0,0.48
2024-05-15,Arua,Arua Municipality,Arua,Beans,KG,Retail,3800.0,1.01
2024-05-15,Arua,Arua Municipality,Arua,Cassava flour,KG,Retail,1500.0,0.4
2024-05-15,Busia,Samia-bugwe,Busia,Beans,KG,Retail,3580.0,0.95
2024-05-15,Busia,Samia-bugwe,Busia,Cassava flour,KG,Retail,780.0,0.21
2024-05-15,Kabarole,Fort Portal Municipality,Fort Portal,Beans,KG,Retail,4500.0,1.2
2024-05-15,Kabarole,Fort Portal Municipality,Fort Portal,Cassava flour,KG,Retail,2000.0,0.53
2024-05-15,Gulu,Gulu Municipality,Gulu,Beans,KG,Retail,5450.0,1.45
2024-05-15,Gulu,Gulu Municipality,Gulu,Cassava flour,KG,Retail,4000.0,1.06
2024-05-15,Jinja,Jinja Municipality,Jinja,Beans,KG,Retail,5000.0,1.33
2024-05-15,Jinja,Jinja Municipality,Jinja,Cassava flour,KG,Retail,1600.0,0.43
2024-05-15,Mbarara,Mbarara Municipality,Mbarara,Beans,KG,Retail,4000.0,1.06
2024-05-15,Mbarara,Mbarara Municipality,Mbarara,Cassava flour,KG,Retail,2500.0,0.66
2024-05-15,Kampala,Central Kampala,Owino,Beans,KG,Retail,4620.0,1.23
2024-05-15,Kampala,Central Kampala,Owino,Cassava flour,KG,Retail,1800.0,0.48
2024-06-15,Arua,Arua Municipality,Arua,Beans,KG,Retail,3800.0,1.02
2024-06-15,Arua,Arua Municipality,Arua,Cassava flour,KG,Retail,1500.0,0.4
2024-06-15,Busia,Samia-bugwe,Busia,Beans,KG,Retail,3480.0,0.94
2024-06-15,Busia,Samia-bugwe,Busia,Cassava flour,KG,Retail,740.0,0.2
2024-06-15,Kabarole,Fort Portal Municipality,Fort Portal,Beans,KG,Retail,4375.0,1.18
2024-06-15,Kabarole,Fort Portal Municipality,Fort Portal,Cassava flour,KG,Retail,2000.0,0.54
2024-06-15,Gulu,Gulu Municipality,Gulu,Beans,KG,Retail,5113.0,1.38
2024-06-15,Gulu,Gulu Municipality,Gulu,Cassava flour,KG,Retail,4000.0,1.08
2024-06-15,Jinja,Jinja Municipality,Jinja,Beans,KG,Retail,4625.0,1.25
2024-06-15,Jinja,Jinja Municipality,Jinja,Cassava flour,KG,Retail,1300.0,0.35
2024-06-15,Mbarara,Mbarara Municipality,Mbarara,Beans,KG,Retail,4000.0,1.08
2024-06-15,Mbarara,Mbarara Municipality,Mbarara,Cassava flour,KG,Retail,2500.0,0.67
2024-06-15,Kampala,Central Kampala,Owino,Beans,KG,Retail,4375.0,1.18
2024-06-15,Kampala,Central Kampala,Owino,Cassava flour,KG,Retail,1650.0,0.44
2024-07-15,Arua,Arua Municipality,Arua,Beans,KG,Retail,3500.0,0.95
2024-07-15,Arua,Arua Municipality,Arua,Cassava flour,KG,Retail,1500.0,0.41
2024-07-15,Busia,Samia-bugwe,Busia,Beans,KG,Retail,3480.0,0.94
2024-07-15,Busia,Samia-bugwe,Busia,Cassava flour,KG,Retail,830.0,0.22
2024-07-15,Kabarole,Fort Portal Municipality,Fort Portal,Beans,KG,Retail,4500.0,1.22
2024-07-15,Kabarole,Fort Portal Municipality,Fort Portal,Cassava flour,KG,Retail,2000.0,0.54
2024-07-15,Gulu,Gulu Municipality,Gulu,Beans,KG,Retail,4914.0,1.33
2024-07-15,Gulu,Gulu Municipality,Gulu,Cassava flour,KG,Retail,4000.0,1.08
2024-07-15,Jinja,Jinja Municipality,Jinja,Beans,KG,Retail,4500.0,1.22
2024-07-15,Jinja,Jinja Municipality,Jinja,Cassava flour,KG,Retail,1300.0,0.35
2024-07-15,Mbarara,Mbarara Municipality,Mbarara,Beans,KG,Retail,4000.0,1.08
2024-07-15,Mbarara,Mbarara Municipality,Mbarara,Cassava flour,KG,Retail,2500.0,0.68
2024-07-15,Kampala,Central Kampala,Owino,Beans,KG,Retail,4375.0,1.18
2024-07-15,Kampala,Central Kampala,Owino,Cassava flour,KG,Retail,1500.0,0.41
2024-08-15,Arua,Arua Municipality,Arua,Beans,KG,Retail,3600.0,0.96
2024-08-15,Arua,Arua Municipality,Arua,Cassava flour,KG,Retail,1500.0,0.4
2024-08-15,Busia,Samia-bugwe,Busia,Beans,KG,Retail,3511.0,0.94
2024-08-15,Busia,Samia-bugwe,Busia,Cassava flour,KG,Retail,817.0,0.22
2024-08-15,Kabarole,Fort Portal Municipality,Fort Portal,Beans,KG,Retail,4500.0,1.2
2024-08-15,Kabarole,Fort Portal Municipality,Fort Portal,Cassava flour,KG,Retail,1722.0,0.46
2024-08-15,Gulu,Gulu Municipality,Gulu,Beans,KG,Retail,4875.0,1.3
2024-08-15,Gulu,Gulu Municipality,Gulu,Cassava flour,KG,Retail,4000.0,1.07
2024-08-15,Jinja,Jinja Municipality,Jinja,Beans,KG,Retail,4500.0,1.2
2024-08-15,Jinja,Jinja Municipality,Jinja,Cassava flour,KG,Retail,1322.0,0.35
2024-08-15,Mbarara,Mbarara Municipality,Mbarara,Beans,KG,Retail,4278.0,1.14
2024-08-15,Mbarara,Mbarara Municipality,Mbarara,Cassava flour,KG,Retail,2500.0,0.67
2024-08-15,Kampala,Central Kampala,Owino,Beans,KG,Retail,4222.0,1.13
2024-08-15,Kampala,Central Kampala,Owino,Cassava flour,KG,Retail,1567.0,0.42
2024-09-15,Arua,Arua Municipality,Arua,Beans,KG,Retail,2800.0,0.75
2024-09-15,Arua,Arua Municipality,Arua,Cassava flour,KG,Retail,1500.0,0.4
2024-09-15,Busia,Samia-bugwe,Busia,Beans,KG,Retail,3575.0,0.96
2024-09-15,Busia,Samia-bugwe,Busia,Cassava flour,KG,Retail,800.0,0.22
2024-09-15,Kabarole,Fort Portal Municipality,Fort Portal,Beans,KG,Retail,4500.0,1.21
2024-09-15,Kabarole,Fort Portal Municipality,Fort Portal,Cassava flour,KG,Retail,1400.0,0.38
2024-09-15,Gulu,Gulu Municipality,Gulu,Beans,KG,Retail,5433.0,1.46
2024-09-15,Gulu,Gulu Municipality,Gulu,Cassava flour,KG,Retail,4000.0,1.08
2024-09-15,Jinja,Jinja Municipality,Jinja,Beans,KG,Retail,5000.0,1.35
2024-09-15,Jinja,Jinja Municipality,Jinja,Cassava flour,KG,Retail,1475.0,0.4
2024-09-15,Mbarara,Mbarara Municipality,Mbarara,Beans,KG,Retail,4875.0,1.31
2024-09-15,Mbarara,Mbarara Municipality,Mbarara,Cassava flour,KG,Retail,2500.0,0.67
2024-09-15,Kampala,Central Kampala,Owino,Beans,KG,Retail,4500.0,1.21
2024-09-15,Kampala,Central Kampala,Owino,Cassava flour,KG,Retail,1575.0,0.42
2024-10-15,Arua,Arua Municipality,Arua,Beans,KG,Retail,3800.0,1.04
2024-10-15,Arua,Arua Municipality,Arua,Cassava flour,KG,Retail,1000.0,0.27
2024-10-15,Busia,Samia-bugwe,Busia,Beans,KG,Retail,3160.0,0.86
2024-10-15,Busia,Samia-bugwe,Busia,Cassava flour,KG,Retail,840.0,0.23
2024-10-15,Kabarole,Fort Portal Municipality,Fort Portal,Beans,KG,Retail,4500.0,1.23
2024-10-15,Kabarole,Fort Portal Municipality,Fort Portal,Cassava flour,KG,Retail,1400.0,0.38
2024-10-15,Gulu,Gulu Municipality,Gulu,Beans,KG,Retail,4883.0,1.33
2024-10-15,Gulu,Gulu Municipality,Gulu,Cassava flour,KG,Retail,4083.0,1.11
2024-10-15,Jinja,Jinja Municipality,Jinja,Beans,KG,Retail,4750.0,1.29
2024-10-15,Jinja,Jinja Municipality,Jinja,Cassava flour,KG,Retail,1450.0,0.4
2024-10-15,Mbarara,Mbarara Municipality,Mbarara,Beans,KG,Retail,5000.0,1.36
2024-10-15,Mbarara,Mbarara Municipality,Mbarara,Cassava flour,KG,Retail,2500.0,0.68
2024-10-15,Kampala,Central Kampala,Owino,Beans,KG,Retail,4500.0,1.23
2024-10-15,Kampala,Central Kampala,Owino,Cassava flour,KG,Retail,1650.0,0.45
2024-11-15,Arua,Arua Municipality,Arua,Beans,KG,Retail,3500.0,0.95
2024-11-15,Arua,Arua Municipality,Arua,Cassava flour,KG,Retail,1500.0,0.41
2024-11-15,Busia,Samia-bugwe,Busia,Beans,KG,Retail,2850.0,0.78
2024-11-15,Busia,Samia-bugwe,Busia,Cassava flour,KG,Retail,800.0,0.22
2024-11-15,Kabarole,Fort Portal Municipality,Fort Portal,Beans,KG,Retail,4500.0,1.23
2024-11-15,Kabarole,Fort Portal Municipality,Fort Portal,Cassava flour,KG,Retail,1500.0,0.41
2024-11-15,Gulu,Gulu Municipality,Gulu,Beans,KG,Retail,4000.0,1.09
2024-11-15,Gulu,Gulu Municipality,Gulu,Cassava flour,KG,Retail,4500.0,1.23
2024-11-15,Jinja,Jinja Municipality,Jinja,Beans,KG,Retail,4500.0,1.23
2024-11-15,Jinja,Jinja Municipality,Jinja,Cassava flour,KG,Retail,1420.0,0.39
2024-11-15,Mbarara,Mbarara Municipality,Mbarara,Beans,KG,Retail,5000.0,1.36
2024-11-15,Mbarara,Mbarara Municipality,Mbarara,Cassava flour,KG,Retail,2125.0,0.58
2024-11-15,Kampala,Central Kampala,Owino,Beans,KG,Retail,4500.0,1.23
2024-11-15,Kampala,Central Kampala,Owino,Cassava flour,KG,Retail,1740.0,0.47
2024-12-15,Arua,Arua Municipality,Arua,Beans,KG,Retail,3650.0,1.0
2024-12-15,Arua,Arua Municipality,Arua,Cassava flour,KG,Retail,1250.0,0.34
2024-12-15,Busia,Samia-bugwe,Busia,Beans,KG,Retail,3225.0,0.88
2024-12-15,Busia,Samia-bugwe,Busia,Cassava flour,KG,Retail,775.0,0.21
2024-12-15,Kabarole,Fort Portal Municipality,Fort Portal,Beans,KG,Retail,4500.0,1.23
2024-12-15,Kabarole,Fort Portal Municipality,Fort Portal,Cassava flour,KG,Retail,1500.0,0.41
2024-12-15,Gulu,Gulu Municipality,Gulu,Beans,KG,Retail,4000.0,1.1
2024-12-15,Gulu,Gulu Municipality,Gulu,Cassava flour,KG,Retail,4500.0,1.23
2024-12-15,Jinja,Jinja Municipality,Jinja,Beans,KG,Retail,4375.0,1.2
2024-12-15,Jinja,Jinja Municipality,Jinja,Cassava flour,KG,Retail,1300.0,0.36
2024-12-15,Mbarara,Mbarara Municipality,Mbarara,Beans,KG,Retail,5000.0,1.37
2024-12-15,Mbarara,Mbarara Municipality,Mbarara,Cassava flour,KG,Retail,2000.0,0.55
2024-12-15,Kampala,Central Kampala,Owino,Beans,KG,Retail,4250.0,1.17
2024-12-15,Kampala,Central Kampala,Owino,Cassava flour,KG,Retail,1900.0,0.52
2025-01-15,Arua,Arua Municipality,Arua,Beans,KG,Retail,3000.0,0.81
2025-01-15,Arua,Arua Municipality,Arua,Cassava flour,KG,Retail,1000.0,0.27
2025-01-15,Busia,Samia-bugwe,Busia,Beans,KG,Retail,3580.0,0.97
2025-01-15,Busia,Samia-bugwe,Busia,Cassava flour,KG,Retail,800.0,0.22
2025-01-15,Kabarole,Fort Portal Municipality,Fort Portal,Beans,KG,Retail,4454.0,1.21
2025-01-15,Kabarole,Fort Portal Municipality,Fort Portal,Cassava flour,KG,Retail,2189.0,0.59
2025-01-15,Gulu,Gulu Municipality,Gulu,Beans,KG,Retail,3369.0,0.91
2025-01-15,Gulu,Gulu Municipality,Gulu,Cassava flour,KG,Retail,2920.0,0.79
2025-01-15,Jinja,Jinja Municipality,Jinja,Beans,KG,Retail,4833.0,1.31
2025-01-15,Jinja,Jinja Municipality,Jinja,Cassava flour,KG,Retail,1433.0,0.39
2025-01-15,Mbarara,Mbarara Municipality,Mbarara,Beans,KG,Retail,5000.0,1.35
2025-01-15,Mbarara,Mbarara Municipality,Mbarara,Cassava flour,KG,Retail,2500.0,0.68
2025-01-15,Kampala,Central Kampala,Owino,Beans,KG,Retail,4500.0,1.22
2025-01-15,Kampala,Central Kampala,Owino,Cassava flour,KG,Retail,1800.0,0.49
2025-02-15,Arua,Arua Municipality,Arua,Beans,KG,Retail,3383.0,0.92
2025-02-15,Arua,Arua Municipality,Arua,Cassava flour,KG,Retail,1250.0,0.34
2025-02-15,Busia,Samia-bugwe,Busia,Beans,KG,Retail,3218.0,0.88
2025-02-15,Busia,Samia-bugwe,Busia,Cassava flour,KG,Retail,817.0,0.22
2025-02-15,Kabarole,Fort Portal Municipality,Fort Portal,Beans,KG,Retail,4485.0,1.22
2025-02-15,Kabarole,Fort Portal Municipality,Fort Portal,Cassava flour,KG,Retail,1730.0,0.47
2025-02-15,Gulu,Gulu Municipality,Gulu,Beans,KG,Retail,3790.0,1.03
2025-02-15,Gulu,Gulu Municipality,Gulu,Cassava flour,KG,Retail,3973.0,1.08
2025-02-15,Jinja,Jinja Municipality,Jinja,Beans,KG,Retail,5000.0,1.36
2025-02-15,Jinja,Jinja Municipality,Jinja,Cassava flour,KG,Retail,1500.0,0.41
2025-02-15,Mbarara,Mbarara Municipality,Mbarara,Beans,KG,Retail,5000.0,1.36
2025-02-15,Mbarara,Mbarara Municipality,Mbarara,Cassava flour,KG,Retail,2208.0,0.6
2025-02-15,Kampala,Central Kampala,Owino,Beans,KG,Retail,4500.0,1.22
2025-02-15,Kampala,Central Kampala,Owino,Cassava flour,KG,Retail,2000.0,0.54
2025-03-15,Arua,Arua Municipality,Arua,Beans,KG,Retail,3432.0,0.94
2025-03-15,Arua,Arua Municipality,Arua,Cassava flour,KG,Retail,1268.0,0.35
2025-03-15,Busia,Samia-bugwe,Busia,Beans,KG,Retail,3265.0,0.89
2025-03-15,Busia,Samia-bugwe,Busia,Cassava flour,KG,Retail,828.0,0.23
2025-03-15,Kabarole,Fort Portal Municipality,Fort Portal,Beans,KG,Retail,4549.0,1.24
2025-03-15,Kabarole,Fort Portal Municipality,Fort Portal,Cassava flour,KG,Retail,1755.0,0.48
2025-03-15,Gulu,Gulu Municipality,Gulu,Beans,KG,Retail,3844.0,1.05
2025-03-15,Gulu,Gulu Municipality,Gulu,Cassava flour,KG,Retail,4031.0,1.1
2025-03-15,Jinja,Jinja Municipality,Jinja,Beans,KG,Retail,5072.0,1.38
2025-03-15,Jinja,Jinja Municipality,Jinja,Cassava flour,KG,Retail,1522.0,0.42
2025-03-15,Mbarara,Mbarara Municipality,Mbarara,Beans,KG,Retail,5072.0,1.38
2025-03-15,Mbarara,Mbarara Municipality,Mbarara,Cassava flour,KG,Retail,2240.0,0.61
2025-03-15,Kampala,Central Kampala,Owino,Beans,KG,Retail,4565.0,1.25
2025-03-15,Kampala,Central Kampala,Owino,Cassava flour,KG,Retail,2029.0,0.55
2025-04-15,Arua,Arua Municipality,Arua,Beans,KG,Retail,3538.0,0.96
2025-04-15,Arua,Arua Municipality,Arua,Cassava flour,KG,Retail,1307.0,0.36
2025-04-15,Busia,Samia-bugwe,Busia,Beans,KG,Retail,3267.0,0.89
2025-04-15,Busia,Samia-bugwe,Busia,Cassava flour,KG,Retail,1000.0,0.27
2025-04-15,Kabarole,Fort Portal Municipality,Fort Portal,Beans,KG,Retail,5625.0,1.53
2025-04-15,Kabarole,Fort Portal Municipality,Fort Portal,Cassava flour,KG,Retail,2000.0,0.55
2025-04-15,Gulu,Gulu Municipality,Gulu,Beans,KG,Retail,5625.0,1.53
2025-04-15,Gulu,Gulu Municipality,Gulu,Cassava flour,KG,Retail,5250.0,1.43
2025-04-15,Jinja,Jinja Municipality,Jinja,Beans,KG,Retail,5229.0,1.43
2025-04-15,Jinja,Jinja Municipality,Jinja,Cassava flour,KG,Retail,1569.0,0.43
2025-04-15,Mbarara,Mbarara Municipality,Mbarara,Beans,KG,Retail,5229.0,1.43
2025-04-15,Mbarara,Mbarara Municipality,Mbarara,Cassava flour,KG,Retail,2309.0,0.63
2025-04-15,Kampala,Central Kampala,Owino,Beans,KG,Retail,4707.0,1.28
2025-04-15,Kampala,Central Kampala,Owino,Cassava flour,KG,Retail,2092.0,0.57
2025-05-15,Arua,Arua Municipality,Arua,Beans,KG,Retail,3800.0,1.04
2025-05-15,Arua,Arua Municipality,Arua,Cassava flour,KG,Retail,1000.0,0.27
2025-05-15,Busia,Samia-bugwe,Busia,Beans,KG,Retail,3800.0,1.04
2025-05-15,Busia,Samia-bugwe,Busia,Cassava flour,KG,Retail,875.0,0.24
2025-05-15,Kabarole,Fort Portal Municipality,Fort Portal,Beans,KG,Retail,6000.0,1.64
2025-05-15,Kabarole,Fort Portal Municipality,Fort Portal,Cassava flour,KG,Retail,2000.0,0.55
2025-05-15,Gulu,Gulu Municipality,Gulu,Beans,KG,Retail,5667.0,1.55
2025-05-15,Gulu,Gulu Municipality,Gulu,Cassava flour,KG,Retail,6000.0,1.64
2025-05-15,Jinja,Jinja Municipality,Jinja,Beans,KG,Retail,4100.0,1.12
2025-05-15,Jinja,Jinja Municipality,Jinja,Cassava flour,KG,Retail,1600.0,0.44
2025-05-15,Mbarara,Mbarara Municipality,Mbarara,Beans,KG,Retail,5125.0,1.4
2025-05-15,Mbarara,Mbarara Municipality,Mbarara,Cassava flour,KG,Retail,2000.0,0.55
2025-06-15,Arua,Arua Municipality,Arua,Beans,KG,Retail,3800.0,1.05
2025-06-15,Arua,Arua Municipality,Arua,Cassava flour,KG,Retail,1000.0,0.28
2025-06-15,Busia,Samia-bugwe,Busia,Beans,KG,Retail,3050.0,0.85
2025-06-15,Busia,Samia-bugwe,Busia,Cassava flour,KG,Retail,950.0,0.26
2025-06-15,Kabarole,Fort Portal Municipality,Fort Portal,Beans,KG,Retail,4875.0,1.35
2025-06-15,Kabarole,Fort Portal Municipality,Fort Portal,Cassava flour,KG,Retail,1875.0,0.52
2025-06-15,Gulu,Gulu Municipality,Gulu,Beans,KG,Retail,4860.0,1.35
2025-06-15,Gulu,Gulu Municipality,Gulu,Cassava flour,KG,Retail,6000.0,1.66
2025-06-15,Jinja,Jinja Municipality,Jinja,Beans,KG,Retail,4563.0,1.27
2025-06-15,Jinja,Jinja Municipality,Jinja,Cassava flour,KG,Retail,1500.0,0.42
2025-06-15,Mbarara,Mbarara Municipality,Mbarara,Beans,KG,Retail,4000.0,1.11
2025-06-15,Mbarara,Mbarara Municipality,Mbarara,Cassava flour,KG,Retail,2000.0,0.55
2025-07-15,Arua,Arua Municipality,Arua,Beans,KG,Retail,2800.0,0.78
2025-07-15,Arua,Arua Municipality,Arua,Cassava flour,KG,Retail,1000.0,0.28
2025-07-15,Busia,Samia-bugwe,Busia,Beans,KG,Retail,2615.0,0.73
2025-07-15,Busia,Samia-bugwe,Busia,Cassava flour,KG,Retail,1000.0,0.28
2025-07-15,Kabarole,Fort Portal Municipality,Fort Portal,Beans,KG,Retail,4000.0,1.12
2025-07-15,Kabarole,Fort Portal Municipality,Fort Portal,Cassava flour,KG,Retail,1900.0,0.53
2025-07-15,Gulu,Gulu Municipality,Gulu,Beans,KG,Retail,4325.0,1.21
2025-07-15,Gulu,Gulu Municipality,Gulu,Cassava flour,KG,Retail,6000.0,1.67
2025-07-15,Jinja,Jinja Municipality,Jinja,Beans,KG,Retail,4200.0,1.17
2025-07-15,Jinja,Jinja Municipality,Jinja,Cassava flour,KG,Retail,1530.0,0.43
2025-07-15,Mbarara,Mbarara Municipality,Mbarara,Beans,KG,Retail,3500.0,0.98
2025-07-15,Mbarara,Mbarara Municipality,Mbarara,Cassava flour,KG,Retail,2000.0,0.56
2025-08-15,Arua,Arua Municipality,Arua,Beans,KG,Retail,2800.0,0.79
2025-08-15,Arua,Arua Municipality,Arua,Cassava flour,KG,Retail,1000.0,0.28
2025-08-15,Busia,Samia-bugwe,Busia,Beans,KG,Retail,2675.0,0.75
2025-08-15,Busia,Samia-bugwe,Busia,Cassava flour,KG,Retail,1013.0,0.28
2025-08-15,Kabarole,Fort Portal Municipality,Fort Portal,Beans,KG,Retail,4250.0,1.19
2025-08-15,Kabarole,Fort Portal Municipality,Fort Portal,Cassava flour,KG,Retail,1875.0,0.53
2025-08-15,Gulu,Gulu Municipality,Gulu,Beans,KG,Retail,4033.0,1.13
2025-08-15,Gulu,Gulu Municipality,Gulu,Cassava flour,KG,Retail,4667.0,1.31
2025-08-15,Jinja,Jinja Municipality,Jinja,Beans,KG,Retail,4000.0,1.12
2025-08-15,Jinja,Jinja Municipality,Jinja,Cassava flour,KG,Retail,1500.0,0.42
2025-08-15,Mbarara,Mbarara Municipality,Mbarara,Beans,KG,Retail,3833.0,1.08
2025-08-15,Mbarara,Mbarara Municipality,Mbarara,Cassava flour,KG,Retail,2000.0,0.56
2025-09-15,Arua,Arua Municipality,Arua,Beans,KG,Retail,4000.0,1.14
2025-09-15,Arua,Arua Municipality,Arua,Cassava flour,KG,Retail,1200.0,0.34
2025-09-15,Busia,Samia-bugwe,Busia,Beans,KG,Retail,2663.0,0.76
2025-09-15,Busia,Samia-bugwe,Busia,Cassava flour,KG,Retail,1000.0,0.29
2025-09-15,Kabarole,Fort Portal Municipality,Fort Portal,Beans,KG,Retail,5000.0,1.43
2025-09-15,Kabarole,Fort Portal Municipality,Fort Portal,Cassava flour,KG,Retail,1875.0,0.54
2025-09-15,Gulu,Gulu Municipality,Gulu,Beans,KG,Retail,4500.0,1.28
2025-09-15,Gulu,Gulu Municipality,Gulu,Cassava flour,KG,Retail,4000.0,1.14
2025-09-15,Jinja,Jinja Municipality,Jinja,Beans,KG,Retail,4000.0,1.14
2025-09-15,Jinja,Jinja Municipality,Jinja,Cassava flour,KG,Retail,1500.0,0.43
2025-09-15,Mbarara,Mbarara Municipality,Mbarara,Beans,KG,Retail,4000.0,1.14
2025-09-15,Mbarara,Mbarara Municipality,Mbarara,Cassava flour,KG,Retail,2000.0,0.57
2025-10-15,Arua,Arua Municipality,Arua,Beans,KG,Retail,3300.0,0.96
2025-10-15,Arua,Arua Municipality,Arua,Cassava flour,KG,Retail,1300.0,0.38
2025-10-15,Busia,Samia-bugwe,Busia,Beans,KG,Retail,2540.0,0.74
2025-10-15,Busia,Samia-bugwe,Busia,Cassava flour,KG,Retail,1000.0,0.29
2025-10-15,Kabarole,Fort Portal Municipality,Fort Portal,Beans,KG,Retail,4250.0,1.23
2025-10-15,Kabarole,Fort Portal Municipality,Fort Portal,Cassava flour,KG,Retail,1800.0,0.52
2025-10-15,Gulu,Gulu Municipality,Gulu,Beans,KG,Retail,4900.0,1.42
2025-10-15,Gulu,Gulu Municipality,Gulu,Cassava flour,KG,Retail,4000.0,1.16
2025-10-15,Jinja,Jinja Municipality,Jinja,Beans,KG,Retail,4000.0,1.16
2025-10-15,Jinja,Jinja Municipality,Jinja,Cassava flour,KG,Retail,1440.0,0.42
2025-10-15,Mbarara,Mbarara Municipality,Mbarara,Beans,KG,Retail,4000.0,1.16
2025-10-15,Mbarara,Mbarara Municipality,Mbarara,Cassava flour,KG,Retail,2000.0,0.58
2025-11-15,Arua,Arua Municipality,Arua,Beans,KG,Retail,3000.0,0.84
2025-11-15,Arua,Arua Municipality,Arua,Cassava flour,KG,Retail,1400.0,0.39
2025-11-15,Busia,Samia-bugwe,Busia,Beans,KG,Retail,2288.0,0.64
2025-11-15,Busia,Samia-bugwe,Busia,Cassava flour,KG,Retail,1163.0,0.33
2025-11-15,Kabarole,Fort Portal Municipality,Fort Portal,Beans,KG,Retail,3875.0,1.09
2025-11-15,Kabarole,Fort Portal Municipality,Fort Portal,Cassava flour,KG,Retail,1875.0,0.53
2025-11-15,Gulu,Gulu Municipality,Gulu,Beans,KG,Retail,5250.0,1.47
2025-11-15,Gulu,Gulu Municipality,Gulu,Cassava flour,KG,Retail,5000.0,1.4
2025-11-15,Jinja,Jinja Municipality,Jinja,Beans,KG,Retail,3875.0,1.09
2025-11-15,Jinja,Jinja Municipality,Jinja,Cassava flour,KG,Retail,1538.0,0.43
2025-11-15,Mbarara,Mbarara Municipality,Mbarara,Beans,KG,Retail,3500.0,0.98
2025-11-15,Mbarara,Mbarara Municipality,Mbarara,Cassava flour,KG,Retail,2000.0,0.56
2025-12-15,Arua,Arua Municipality,Arua,Beans,KG,Retail,3100.0,0.87
2025-12-15,Arua,Arua Municipality,Arua,Cassava flour,KG,Retail,1467.0,0.41
2025-12-15,Busia,Samia-bugwe,Busia,Beans,KG,Retail,2575.0,0.72
2025-12-15,Busia,Samia-bugwe,Busia,Cassava flour,KG,Retail,1500.0,0.42
2025-12-15,Kabarole,Fort Portal Municipality,Fort Portal,Beans,KG,Retail,4250.0,1.19
2025-12-15,Kabarole,Fort Portal Municipality,Fort Portal,Cassava flour,KG,Retail,2000.0,0.56
2025-12-15,Gulu,Gulu Municipality,Gulu,Beans,KG,Retail,5000.0,1.4
2025-12-15,Gulu,Gulu Municipality,Gulu,Cassava flour,KG,Retail,4143.0,1.16
2025-12-15,Jinja,Jinja Municipality,Jinja,Beans,KG,Retail,4000.0,1.12
2025-12-15,Jinja,Jinja Municipality,Jinja,Cassava flour,KG,Retail,1500.0,0.42
2025-12-15,Mbarara,Mbarara Municipality,Mbarara,Beans,KG,Retail,3411.0,0.96
2025-12-15,Mbarara,Mbarara Municipality,Mbarara,Cassava flour,KG,Retail,1933.0,0.54
2026-01-15,Arua,Arua Municipality,Arua,Beans,KG,Retail,4459.0,1.26
2026-01-15,Arua,Arua Municipality,Arua,Cassava flour,KG,Retail,1383.0,0.39
2026-01-15,Kabarole,Fort Portal Municipality,Fort Portal,Beans,KG,Retail,4160.0,1.17
2026-01-15,Kabarole,Fort Portal Municipality,Fort Portal,Cassava flour,KG,Retail,1500.0,0.42
2026-01-15,Gulu,Gulu Municipality,Gulu,Beans,KG,Retail,3797.0,1.07
2026-01-15,Gulu,Gulu Municipality,Gulu,Cassava flour,KG,Retail,3730.0,1.05
2026-01-15,Jinja,Jinja Municipality,Jinja,Beans,KG,Retail,4343.0,1.22
2026-01-15,Jinja,Jinja Municipality,Jinja,Cassava flour,KG,Retail,1735.0,0.49
2026-01-15,Mbarara,Mbarara Municipality,Mbarara,Beans,KG,Retail,3078.0,0.87
2026-01-15,Mbarara,Mbarara Municipality,Mbarara,Cassava flour,KG,Retail,1985.0,0.56
2026-01-15,Kampala,Central Kampala,Owino,Beans,KG,Retail,4486.0,1.26
2026-01-15,Kampala,Central Kampala,Owino,Cassava flour,KG,Retail,1945.0,0.55
2026-02-15,Arua,Arua Municipality,Arua,Beans,KG,Retail,4404.0,1.24
2026-02-15,Arua,Arua Municipality,Arua,Cassava flour,KG,Retail,1348.0,0.38
2026-02-15,Kabarole,Fort Portal Municipality,Fort Portal,Beans,KG,Retail,4160.0,1.17
2026-02-15,Kabarole,Fort Portal Municipality,Fort Portal,Cassava flour,KG,Retail,1500.0,0.42
2026-02-15,Gulu,Gulu Municipality,Gulu,Beans,KG,Retail,3849.0,1.09
2026-02-15,Gulu,Gulu Municipality,Gulu,Cassava flour,KG,Retail,3967.0,1.12
2026-02-15,Jinja,Jinja Municipality,Jinja,Beans,KG,Retail,4258.0,1.2
2026-02-15,Jinja,Jinja Municipality,Jinja,Cassava flour,KG,Retail,1741.0,0.49
2026-02-15,Mbarara,Mbarara Municipality,Mbarara,Beans,KG,Retail,3078.0,0.87
2026-02-15,Mbarara,Mbarara Municipality,Mbarara,Cassava flour,KG,Retail,1983.0,0.56
2026-02-15,Kampala,Central Kampala,Owino,Beans,KG,Retail,4497.0,1.27
2026-02-15,Kampala,Central Kampala,Owino,Cassava flour,KG,Retail,1959.0,0.55
2026-03-15,Arua,Arua Municipality,Arua,Beans,KG,Retail,4327.0,1.15
2026-03-15,Arua,Arua Municipality,Arua,Cassava flour,KG,Retail,1362.0,0.36
2026-03-15,Kabarole,Fort Portal Municipality,Fort Portal,Beans,KG,Retail,4309.0,1.14
2026-03-15,Kabarole,Fort Portal Municipality,Fort Portal,Cassava flour,KG,Retail,1500.0,0.4
2026-03-15,Gulu,Gulu Municipality,Gulu,Beans,KG,Retail,4010.0,1.06
2026-03-15,Gulu,Gulu Municipality,Gulu,Cassava flour,KG,Retail,3959.0,1.05
2026-03-15,Jinja,Jinja Municipality,Jinja,Beans,KG,Retail,4160.0,1.1
2026-03-15,Jinja,Jinja Municipality,Jinja,Cassava flour,KG,Retail,1706.0,0.45
2026-03-15,Mbarara,Mbarara Municipality,Mbarara,Beans,KG,Retail,3325.0,0.88
2026-03-15,Mbarara,Mbarara Municipality,Mbarara,Cassava flour,KG,Retail,1999.0,0.53
2026-03-15,Kampala,Central Kampala,Owino,Beans,KG,Retail,4505.0,1.19
2026-03-15,Kampala,Central Kampala,Owino,Cassava flour,KG,Retail,1972.0,0.52
2026-04-15,Arua,Arua Municipality,Arua,Beans,KG,Retail,4152.0,1.12
2026-04-15,Arua,Arua Municipality,Arua,Cassava flour,KG,Retail,1461.0,0.4
2026-04-15,Kabarole,Fort Portal Municipality,Fort Portal,Beans,KG,Retail,4309.0,1.17
2026-04-15,Kabarole,Fort Portal Municipality,Fort Portal,Cassava flour,KG,Retail,1500.0,0.41
2026-04-15,Gulu,Gulu Municipality,Gulu,Beans,KG,Retail,4956.0,1.34
2026-04-15,Gulu,Gulu Municipality,Gulu,Cassava flour,KG,Retail,3760.0,1.02
2026-04-15,Jinja,Jinja Municipality,Jinja,Beans,KG,Retail,4211.0,1.14
2026-04-15,Jinja,Jinja Municipality,Jinja,Cassava flour,KG,Retail,1724.0,0.47
2026-04-15,Mbarara,Mbarara Municipality,Mbarara,Beans,KG,Retail,3604.0,0.98
2026-04-15,Mbarara,Mbarara Municipality,Mbarara,Cassava flour,KG,Retail,1972.0,0.53
2026-04-15,Kampala,Central Kampala,Owino,Beans,KG,Retail,4514.0,1.22
2026-04-15,Kampala,Central Kampala,Owino,Cassava flour,KG,Retail,1986.0,0.54
